Workbook
Name Аварийный: Нагрузка_щитов!$V$23:$AA$27
Name Автомат_номиналы: Справочная!$F$4:$G$13
Name гофра_пвх: Справочная_потребители!$Z$4:$AB$9
Name гофра_пнд: Справочная_потребители!$AD$4:$AF$9
Name ДГУ_итог: Нагрузка_щитов!$V$23:$AA$27
Name Для_диапазонов: 'В Акад'!$B$3:$M$4000
Name Для_расчета_кабелей: Кабельный_журнал!$I$5:$W$1000
Name Исходные_данные: 'Исходные данные'!$A$3:$AU$1000
Name Итог_щит_1: Нагрузка_щитов!$V$5:$AA$9
Name Итог_щит_2: Нагрузка_щитов!$V$14:$AA$18
Name Кабель_диаметр: Справочная_потребители!$T$4:$X$503
Name Кабель_номиналы: Справочная!$I$4:$J$19
Name Кабель_обозначение: Справочная!$L$4:$N$51
Name Кабель_сопротивление: Справочная!$B$4:$D$18
Name Кабельный_журнал: INDIRECT(Диапазоны!$C$34):INDIRECT(Диапазоны!$F$34)
Name Нагрузка_диапазон_1: Нагрузка_щитов!$D$2:$J$1000
Name Нумерация_щитов_1: Разбивка_по_щитам!$A$3:$A$1000
Name Нумерация_щитов_2: Разбивка_по_щитам!$B$3:$B$1000
Name Потребители_обозначение: Справочная!$P$4:$T$1000
Name Разбивка_нумерация_1: Разбивка_по_щитам!$A$3:$U$1000
Name Разбивка_нумерация_2: Разбивка_по_щитам!$B$3:$U$1000
Name Разбивка_нумерация_4: Разбивка_по_щитам!$D$2:$U$1000
Name Разбивка_нумерация_5: Разбивка_по_щитам!$E$2:$U$1000
Name Секция_1: Нагрузка_щитов!$V$5:$AA$9
Name Секция_2: Нагрузка_щитов!$V$14:$AA$18
Name Спецификация: Спецификация!$B$52:$J$225
Name Спецификация: Спецификация!$B$3:$J$175
Name Справочная_двигатели: Справочная_потребители!$B$4:$K$37
Name Справочная_ЛЭД: Справочная_потребители!$M$4:$O$19
Name Справочная_ПТО: Справочная!$AE$4:$AF$200
Name Щит_1: INDIRECT(Диапазоны!$C$4):INDIRECT(Диапазоны!$F$4)
Name Щит_2: INDIRECT(Диапазоны!$C$5):INDIRECT(Диапазоны!$F$5)
Name Этаж_обозначение: Справочная!$Y$4:$AB$19

Sheet Краткое руководство
C1: Версия таблицы 1.05 Демо | E1: Ведомость изменений | H1: Ведомость неисправляемых ошибок
B2: 1 | C2: Нельзя добавлять строки | E2: 1.01 Демо | F2: Создание таблицы | H2: Все резервы идут под одинаковой фазой, нет возможности задать в ручную
B3: 2 | C3: НЕЛЬЗЯ трогать ячейки выделенные синим цветом!!! | E3: 1.02 Демо | F3: Исправлены некоторые ошибки в расчетах
B4: 3 | C4: НЕЛЬЗЯ вставлять столбцы | E4: 1.03 Демо | F4: Добавлено выделение ячеек красным при нарушении потерь напряжения, добавлено выделение ячейки с кол-вом электроприемников
B5: 4 | C5: Нельзя вырезать данные (ctrl+x) | E5: 1.04а Демо | F5: 1.Исправлена ошибка автоназвания потребителя, если нет порядкового номера. 2.Добавлена возможность корректировки Кс и косинуса на листе "Нагрузка_Щитов" (ошибка защиты листа). 3.Начато исправление ошибки ненахождение артикулов на ПК с разделительным знаком "," в таблице ПТО в справочной.
B6: 5 | C6: Листы расставлены в порядке заполнения (Справочная>Исходные данные>Разбивка по щитам>ТКЗ>Нагрузка щитов>Спецификация), прочие листы - системные | E6: 1.04.2а Демо | F6: Исправлены некоторые ошибки в расчетах
B7: 6 | C7: На листе "Кабельный журнал" есть сводная таблица кабелей | E7: 1.04.2б Демо | F7: Добавлен лист токов КЗ для тестирования, добавлена справочная с Iп (не внедрен в расчеты)
B8: 7 | C8: На листе "Кабельный журнал" есть сводная таблица артикулов прокладки | E8: 1.04.2в Демо | F8: Исправлены некоторые ошибки в диапазонах
B9: 8 | C9: Номинал автомата нужен для расчета сечения кабеля, для других целей не используется | E9: 1.05 Демо | F9: Добавлен расчет пусковых токов, добавлен авто Cos(фи) (Нагрузка_щитов) Добавлен расчет КРМ + рекомндация по установке КРМ (Нагрузка_щитов)
B10: 9 | C10: Все ячейки, кроме нужных - заблокированы
B11: 10 | C11: Если какая-то ячейка выделилась красным - значит есть нарушение (ГОСТа, расчета или иное), меняй значения во вводимых данных. Выделенная ячейка как-то связана с ошибкой

Sheet Справочная
L2: Заполнить!!! | AE2: ПТО
B3: Сечение | C3: Индуктивное, Ом/км | D3: Активное, Ом/км | F3: Ток | G3: Автомат | I3: Ток | J3: Кабель | L3: Обознач | M3: Кабель | N3: Сечение (1-да; 2 -нет) | P3: Обознач | Q3: Потребитель | R3: Опуск | S3: 1 - этаж/2 - шлейф | T3: Пусковой ток 1 - нет/2 - двигатель/3-свет | V3: Обознач | W3: Расшифровка | Y3: Обознач | Z3: Этаж | AA3: Подъем | AB3: По другим этажам | AE3: Кабель | AF3: Артикул | AG3: Тип кабеля | AH3: Кол-во жил | AI3: Сечение | AJ3: Пол/Потолок
B4: 0.75 | C4: 0.13 | D4: 0.0175 | F4: 0 | G4: 6 | I4: 0 | J4: 1.5 | L4: мс | M4: ВВГнг(А)-LS | N4: 1 | P4: R | Q4: Розеточная группа | R4: 3 | S4: 1 | T4: 1 | V4: тпв | W4: Труба жесткая ПВХ | Y4: 00 | Z4: Подвальный этаж | AE4: =AG4&" ("&AH4&"х"&AI4&") "&AJ4 -> ВВГнг(А)-LS (2х1,5) 1 | AF4: МСК001 | AG4: ВВГнг(А)-LS | AH4: 2 | AI4: 1.5 | AJ4: 1
B5: 1 | C5: 0.12 | D5: 0.0175 | F5: 5.4 | G5: 10 | I5: 19 | J5: 2.5 | L5: мфр | M5: ВВГнг(А)-FRLS | N5: 1 | P5: FR | Q5: Фасадные розетки | R5: 7 | S5: 2 | T5: 1 | V5: тпн | W5: Труба жесткая ПНД | Y5: 0 | Z5: Цокольный этаж | AE5: =AG5&" ("&AH5&"х"&AI5&") "&AJ5 -> ВВГнг(А)-LS (2х1,5) 2 | AF5: МСК002 | AG5: ВВГнг(А)-LS | AH5: 2 | AI5: 1.5 | AJ5: 2
B6: 1.5 | C6: 0.11 | D6: 0.0175 | F6: 9 | G6: 16 | I6: 25 | J6: 4 | L6: ютп | M6: UTP 5e 4x2x0.51 | N6: 2 | P6: L | Q6: Осветительная группа | R6: 2 | S6: 1 | T6: 3 | V6: гпв | W6: Труба гофрированная ПВХ | Y6: 1 | Z6: Первый этаж | AE6: =AG6&" ("&AH6&"х"&AI6&") "&AJ6 -> ВВГнг(А)-LS (2х2,5) 1 | AF6: МСК003 | AG6: ВВГнг(А)-LS | AH6: 2 | AI6: 2.5 | AJ6: 1
B7: 2.5 | C7: 0.1 | D7: 0.0175 | F7: 14.4 | G7: 20 | I7: 33 | J7: 6 | L7: pe | M7: ПуГВ | N7: 1 | P7: FL | Q7: Фасадное освещение | R7: 4 | S7: 2 | T7: 3 | V7: гпн | W7: Труба гофрированная ПНД | Y7: 2 | Z7: Второй этаж | AE7: =AG7&" ("&AH7&"х"&AI7&") "&AJ7 -> ВВГнг(А)-LS (2х2,5) 2 | AF7: МСК004 | AG7: ВВГнг(А)-LS | AH7: 2 | AI7: 2.5 | AJ7: 2
B8: 4 | C8: 0.095 | D8: 0.0175 | F8: 18 | G8: 25 | I8: 42 | J8: 10 | L8: мб | M8: ВБШвнг(А)-LS | N8: 1 | P8: КУП | Q8: Коробка уравнивания потенциалов | R8: 5 | S8: 1 | T8: 1 | Y8: 3 | Z8: Третий этаж | AE8: =AG8&" ("&AH8&"х"&AI8&") "&AJ8 -> ВВГнг(А)-LS (3х1,5) 1 | AF8: МСК005 | AG8: ВВГнг(А)-LS | AH8: 3 | AI8: 1.5 | AJ8: 1
B9: 6 | C9: 0.09 | D9: 0.0175 | F9: 22.5 | G9: 32 | I9: 58 | J9: 16 | L9: кмс | M9: КГВВнг(А)-LS | N9: 1 | P9: РЕ | Q9: Точка заземления | R9: 4 | S9: 1 | T9: 1 | Y9: 4 | Z9: Четвёртый этаж | AE9: =AG9&" ("&AH9&"х"&AI9&") "&AJ9 -> ВВГнг(А)-LS (3х1,5) 2 | AF9: МСК006 | AG9: ВВГнг(А)-LS | AH9: 3 | AI9: 1.5 | AJ9: 2
B10: 10 | C10: 0.073 | D10: 0.0175 | F10: 28.8 | G10: 40 | I10: 78 | J10: 25 | L10: кмб | M10: КВБбШвнг(А)-LS 14x2.5 | N10: 2 | P10: SH | Q10: Привод штор | R10: 2 | S10: 1 | T10: 1 | AE10: =AG10&" ("&AH10&"х"&AI10&") "&AJ10 -> ВВГнг(А)-LS (3х2,5) 1 | AF10: МСК007 | AG10: ВВГнг(А)-LS | AH10: 3 | AI10: 2.5 | AJ10: 1
B11: 16 | C11: 0.0675 | D11: 0.0175 | F11: 36 | G11: 50 | I11: 104 | J11: 35 | L11: мфр | M11: ППГнг(А)-FRHF | N11: 1 | P11: LD | Q11: LED-подсветка | R11: 3 | S11: 1 | T11: 3 | AE11: =AG11&" ("&AH11&"х"&AI11&") "&AJ11 -> ВВГнг(А)-LS (3х2,5) 2 | AF11: МСК008 | AG11: ВВГнг(А)-LS | AH11: 3 | AI11: 2.5 | AJ11: 2
B12: 25 | C12: 0.0662 | D12: 0.0175 | F12: 45 | G12: 63 | I12: 127 | J12: 50 | L12: мшф | M12: ППГнг(А)-HF | N12: 1 | P12: LT | Q12: Трековое освещение | R12: 2 | S12: 1 | T12: 3 | AE12: =AG12&" ("&AH12&"х"&AI12&") "&AJ12 -> ВВГнг(А)-LS (3х4) 1 | AF12: МСК009 | AG12: ВВГнг(А)-LS | AH12: 3 | AI12: 4 | AJ12: 1
B13: 35 | C13: 0.0637 | D13: 0.0175 | F13: 56.7 | G13: Не исп | I13: 155 | J13: 70 | L13: кн | M13: J-Y(St)Y 2х2х0.8 | N13: 2 | P13: DA | Q13: Шина DALI | R13: 2 | S13: 2 | T13: 1 | AE13: =AG13&" ("&AH13&"х"&AI13&") "&AJ13 -> ВВГнг(А)-LS (3х4) 2 | AF13: МСК010 | AG13: ВВГнг(А)-LS | AH13: 3 | AI13: 4 | AJ13: 2
B14: 50 | C14: 0.0625 | D14: 0.0175 | I14: 196 | J14: 95 | L14: кф | M14: КИПЭВ 2х2х0.6 | N14: 2 | P14: ЭОК | Q14: Электрообогрев кровли и водостоков | R14: 2 | S14: 2 | T14: 1 | AE14: =AG14&" ("&AH14&"х"&AI14&") "&AJ14 -> ВВГнг(А)-LS (3х6) 1 | AF14: МСК011 | AG14: ВВГнг(А)-LS | AH14: 3 | AI14: 6 | AJ14: 1
B15: 70 | C15: 0.0612 | D15: 0.0175 | I15: 242 | J15: 120 | L15: кс | M15: КСПВГ 4х0.35 | N15: 2 | P15: V | Q15: Вытяжной вентилятор | R15: 2 | S15: 1 | T15: 1 | AE15: =AG15&" ("&AH15&"х"&AI15&") "&AJ15 -> ВВГнг(А)-LS (3х6) 2 | AF15: МСК012 | AG15: ВВГнг(А)-LS | AH15: 3 | AI15: 6 | AJ15: 2
B16: 95 | C16: 0.0602 | D16: 0.0175 | I16: 280 | J16: 150 | L16: фтп | M16: FTP 5e 4x2x0.51 | N16: 2 | P16: П | Q16: Приточная установка | R16: 4 | S16: 2 | T16: 1 | AE16: =AG16&" ("&AH16&"х"&AI16&") "&AJ16 -> ВВГнг(А)-LS (5х1,5) 1 | AF16: МСК013 | AG16: ВВГнг(А)-LS | AH16: 5 | AI16: 1.5 | AJ16: 1
B17: 150 | C17: 0.0596 | D17: 0.0175 | I17: 321 | J17: 185 | L17: эк | M17: МКЭШнг(A)-LS | N17: 1 | P17: НБ | Q17: Наружный блок кондиционирования | R17: 4 | S17: 2 | T17: 1 | AE17: =AG17&" ("&AH17&"х"&AI17&") "&AJ17 -> ВВГнг(А)-LS (5х1,5) 2 | AF17: МСК014 | AG17: ВВГнг(А)-LS | AH17: 5 | AI17: 1.5 | AJ17: 2
B18: 185 | C18: 0.0596 | D18: 0.0175 | I18: 369 | J18: 240 | L18: 5pe | M18: 5ПуГВ | N18: 1 | P18: К | Q18: Внутренний блок кондиционирования | R18: 2 | S18: 1 | T18: 1 | AE18: =AG18&" ("&AH18&"х"&AI18&") "&AJ18 -> ВВГнг(А)-LS (5х2,5) 1 | AF18: МСК015 | AG18: ВВГнг(А)-LS | AH18: 5 | AI18: 2.5 | AJ18: 1
I19: 438 | J19: Не исп | L19: 5мс | M19: 5хВВГнг(А)-LS | N19: 1 | P19: У | Q19: Увлажнитель | R19: 3 | S19: 2 | T19: 1 | AE19: =AG19&" ("&AH19&"х"&AI19&") "&AJ19 -> ВВГнг(А)-LS (5х2,5) 2 | AF19: МСК016 | AG19: ВВГнг(А)-LS | AH19: 5 | AI19: 2.5 | AJ19: 2
L20: 5мс2 | M20: 5хВВГнг(А)-LS | N20: 1 | P20: В | Q20: Вытяжная установка | R20: 4 | S20: 2 | T20: 1 | AE20: =AG20&" ("&AH20&"х"&AI20&") "&AJ20 -> ВВГнг(А)-LS (5х4) 1 | AF20: МСК017 | AG20: ВВГнг(А)-LS | AH20: 5 | AI20: 4 | AJ20: 1
P21: КЛ | Q21: Привод клапана вентиляции | R21: 3 | S21: 2 | T21: 1 | AE21: =AG21&" ("&AH21&"х"&AI21&") "&AJ21 -> ВВГнг(А)-LS (5х4) 2 | AF21: МСК018 | AG21: ВВГнг(А)-LS | AH21: 5 | AI21: 4 | AJ21: 2
P22: FLD | Q22: Фасадная подсветка | R22: 4 | S22: 2 | T22: 3 | AE22: =AG22&" ("&AH22&"х"&AI22&") "&AJ22 -> ВВГнг(А)-LS (5х6) 1 | AF22: МСК019 | AG22: ВВГнг(А)-LS | AH22: 5 | AI22: 6 | AJ22: 1
P23: ВРУ | Q23: Кабель от ВРУ | R23: 0 | S23: 2 | T23: 1 | AE23: =AG23&" ("&AH23&"х"&AI23&") "&AJ23 -> ВВГнг(А)-LS (5х6) 2 | AF23: МСК020 | AG23: ВВГнг(А)-LS | AH23: 5 | AI23: 6 | AJ23: 2
P24: Ввод | Q24: Вводной кабель | R24: 0 | S24: 2 | T24: 1 | AE24: =AG24&" ("&AH24&"х"&AI24&") "&AJ24 -> ВВГнг(А)-LS (5х10) 1 | AF24: МСК021 | AG24: ВВГнг(А)-LS | AH24: 5 | AI24: 10 | AJ24: 1
P25: ТЕ-О | Q25: Сервопривод отопления | R25: 2 | S25: 1 | T25: 1 | AE25: =AG25&" ("&AH25&"х"&AI25&") "&AJ25 -> ВВГнг(А)-LS (5х10) 2 | AF25: МСК022 | AG25: ВВГнг(А)-LS | AH25: 5 | AI25: 10 | AJ25: 2
P26: ТЕ-П | Q26: Сервопривод тёплого пола | R26: 2 | S26: 1 | T26: 1 | AE26: =AG26&" ("&AH26&"х"&AI26&") "&AJ26 -> ВВГнг(А)-LS (5х16) 1 | AF26: МСК023 | AG26: ВВГнг(А)-LS | AH26: 5 | AI26: 16 | AJ26: 1
P27: ЭК | Q27: Кран с электроприводом | R27: 2 | S27: 1 | T27: 1 | AE27: =AG27&" ("&AH27&"х"&AI27&") "&AJ27 -> ВВГнг(А)-LS (5х16) 2 | AF27: МСК024 | AG27: ВВГнг(А)-LS | AH27: 5 | AI27: 16 | AJ27: 2
AE28: =AG28&" ("&AH28&"х"&AI28&") "&AJ28 -> ВВГнг(А)-LS (5х25) 1 | AF28: МСК025 | AG28: ВВГнг(А)-LS | AH28: 5 | AI28: 25 | AJ28: 1
P29: ЩС-ГМ | Q29: Щит гидромассажной ванны | R29: 2 | S29: 2 | T29: 1 | AE29: =AG29&" ("&AH29&"х"&AI29&") "&AJ29 -> ВВГнг(А)-LS (5х25) 2 | AF29: МСК026 | AG29: ВВГнг(А)-LS | AH29: 5 | AI29: 25 | AJ29: 2
P30: ЩС-ГК | Q30: Щит горячей купели | R30: 2 | S30: 2 | T30: 1 | AE30: =AG30&" ("&AH30&"х"&AI30&") "&AJ30 -> ВВГнг(А)-LS (5х35) 1 | AF30: МСК027 | AG30: ВВГнг(А)-LS | AH30: 5 | AI30: 35 | AJ30: 1
P31: ЩС-ХК | Q31: Щит холодной купели | R31: 2 | S31: 2 | T31: 1 | AE31: =AG31&" ("&AH31&"х"&AI31&") "&AJ31 -> ВВГнг(А)-LS (5х35) 2 | AF31: МСК028 | AG31: ВВГнг(А)-LS | AH31: 5 | AI31: 35 | AJ31: 2
P32: ЩС-Б | Q32: Щит бассейна | R32: 2 | S32: 2 | T32: 1 | AE32: =AG32&" ("&AH32&"х"&AI32&") "&AJ32 -> ВВГнг(А)-LS (5х50) 1 | AF32: МСК029 | AG32: ВВГнг(А)-LS | AH32: 5 | AI32: 50 | AJ32: 1
AE33: =AG33&" ("&AH33&"х"&AI33&") "&AJ33 -> ВВГнг(А)-LS (5х50) 2 | AF33: МСК030 | AG33: ВВГнг(А)-LS | AH33: 5 | AI33: 50 | AJ33: 2
AE34: =AG34&" ("&AH34&"х"&AI34&") "&AJ34 -> ВВГнг(А)-LS (5х95) 1 | AF34: МСК031 | AG34: ВВГнг(А)-LS | AH34: 5 | AI34: 95 | AJ34: 1
P35: РМ | Q35: Контакты реле РМ в щите ЩОПС | R35: 0 | S35: 2 | T35: 1 | AE35: =AG35&" ("&AH35&"х"&AI35&") "&AJ35 -> ВВГнг(А)-LS (5х95) 2 | AF35: МСК032 | AG35: ВВГнг(А)-LS | AH35: 5 | AI35: 95 | AJ35: 2
P36: WD | Q36: Датчик протечки | R36: 1 | S36: 1 | T36: 1 | AE36: =AG36&" ("&AH36&"х"&AI36&") "&AJ36 -> ВВГнг(А)-LS (5х120) 1 | AF36: МСК033 | AG36: ВВГнг(А)-LS | AH36: 5 | AI36: 120 | AJ36: 1
P37: VK | Q37: Выключатель кнопочный/сухой контакт | R37: 2 | S37: 1 | T37: 1 | AE37: =AG37&" ("&AH37&"х"&AI37&") "&AJ37 -> ВВГнг(А)-LS (5х120) 2 | AF37: МСК034 | AG37: ВВГнг(А)-LS | AH37: 5 | AI37: 120 | AJ37: 2
P38: KNX | Q38: Шина оборудования KNX | R38: 2 | S38: 1 | T38: 1 | AE38: =AG38&" ("&AH38&"х"&AI38&") "&AJ38 -> ВВГнг(А)-LS (5х95) 1 | AF38: МСК035 | AG38: ВВГнг(А)-LS | AH38: 5 | AI38: 95 | AJ38: 1
P39: EIB | Q39: Шина датчиков присутствия KNX | R39: 3 | S39: 1 | T39: 1 | AE39: =AG39&" ("&AH39&"х"&AI39&") "&AJ39 -> ВВГнг(А)-LS (5х95) 2 | AF39: МСК036 | AG39: ВВГнг(А)-LS | AH39: 5 | AI39: 95 | AJ39: 2
P40: Н | Q40: Насос в ИТП | R40: 3 | S40: 2 | T40: 1 | AE40: =AG40&" ("&AH40&"х"&AI40&") "&AJ40 -> ВВГнг(А)-LS (5х120) 1 | AF40: МСК037 | AG40: ВВГнг(А)-LS | AH40: 5 | AI40: 120 | AJ40: 1
P41: СПД | Q41: Станция повышения давления | R41: 3 | S41: 2 | T41: 1 | AE41: =AG41&" ("&AH41&"х"&AI41&") "&AJ41 -> ВВГнг(А)-LS (5х120) 2 | AF41: МСК038 | AG41: ВВГнг(А)-LS | AH41: 5 | AI41: 120 | AJ41: 2
P42: CR | Q42: Управляемая розетка | R42: 3 | S42: 1 | T42: 1 | AE42: =AG42&" ("&AH42&"х"&AI42&") "&AJ42 -> ВБШВнг(А)-LS (5х10) 1 | AF42: МСК040 | AG42: ВБШВнг(А)-LS | AH42: 5 | AI42: 10 | AJ42: 1
P43: ПВ | Q43: Приточно-вытяжная установка | R43: 4 | S43: 2 | T43: 1 | AE43: =AG43&" ("&AH43&"х"&AI43&") "&AJ43 -> ВБШВнг(А)-LS (5х10) 2 | AF43: МСК041 | AG43: ВБШВнг(А)-LS | AH43: 5 | AI43: 10 | AJ43: 2
P44: ШТК-ЛВС | Q44: Шкаф телекоммуникационный ЛВС | R44: 3 | S44: 2 | T44: 1 | AE44: =AG44&" ("&AH44&"х"&AI44&") "&AJ44 -> ВБШВнг(А)-LS (5х16) 1 | AF44: МСК042 | AG44: ВБШВнг(А)-LS | AH44: 5 | AI44: 16 | AJ44: 1
P45: ШТК-СОТ | Q45: Шкаф телекоммуникационный СОТ | R45: 3 | S45: 2 | T45: 1 | AE45: =AG45&" ("&AH45&"х"&AI45&") "&AJ45 -> ВБШВнг(А)-LS (5х16) 2 | AF45: МСК043 | AG45: ВБШВнг(А)-LS | AH45: 5 | AI45: 16 | AJ45: 2
P46: ШТК-РУМ | Q46: Шкаф телекоммуникационный РУМ | R46: 3 | S46: 2 | T46: 1 | AE46: =AG46&" ("&AH46&"х"&AI46&") "&AJ46 -> ВБШВнг(А)-LS (5х25) 1 | AF46: МСК044 | AG46: ВБШВнг(А)-LS | AH46: 5 | AI46: 25 | AJ46: 1
... P49: ЩР | Q49: Щит распределительный | R49: 3 | S49: 1 | T49: 1 | AE49: =AG49&" ("&AH49&"х"&AI49&") "&AJ49 -> ВБШВнг(А)-LS (5х35) 2 | AF49: МСК047 | AG49: ВБШВнг(А)-LS | AH49: 5 | AI49: 35 | AJ49: 2
AE50: =AG50&" ("&AH50&"х"&AI50&") "&AJ50 -> ВБШВнг(А)-LS (5х50) 1 | AF50: МСК048 | AG50: ВБШВнг(А)-LS | AH50: 5 | AI50: 50 | AJ50: 1
AE51: =AG51&" ("&AH51&"х"&AI51&") "&AJ51 -> ВБШВнг(А)-LS (5х50) 2 | AF51: МСК049 | AG51: ВБШВнг(А)-LS | AH51: 5 | AI51: 50 | AJ51: 2
AE52: =AG52&" ("&AH52&"х"&AI52&") "&AJ52 -> ВБШВнг(А)-LS (5х95) 1 | AF52: МСК050 | AG52: ВБШВнг(А)-LS | AH52: 5 | AI52: 95 | AJ52: 1
AE53: =AG53&" ("&AH53&"х"&AI53&") "&AJ53 -> ВБШВнг(А)-LS (5х95) 2 | AF53: МСК051 | AG53: ВБШВнг(А)-LS | AH53: 5 | AI53: 95 | AJ53: 2
AE54: =AG54&" ("&AH54&"х"&AI54&") "&AJ54 -> ВБШВнг(А)-LS (5х120) 1 | AF54: МСК052 | AG54: ВБШВнг(А)-LS | AH54: 5 | AI54: 120 | AJ54: 1
AE55: =AG55&" ("&AH55&"х"&AI55&") "&AJ55 -> ВБШВнг(А)-LS (5х120) 2 | AF55: МСК053 | AG55: ВБШВнг(А)-LS | AH55: 5 | AI55: 120 | AJ55: 2
AE56: =AG56&" ("&AH56&"х"&AI56&") "&AJ56 -> КГВВнг(А)-LS (2х0,75) 1 | AF56: МСК054 | AG56: КГВВнг(А)-LS | AH56: 2 | AI56: 0.75 | AJ56: 1
AE57: =AG57&" ("&AH57&"х"&AI57&") "&AJ57 -> КГВВнг(А)-LS (2х0,75) 2 | AF57: МСК055 | AG57: КГВВнг(А)-LS | AH57: 2 | AI57: 0.75 | AJ57: 2
AE58: =AG58&" ("&AH58&"х"&AI58&") "&AJ58 -> КГВВнг(А)-LS (2х1,5) 1 | AF58: МСК054 | AG58: КГВВнг(А)-LS | AH58: 2 | AI58: 1.5 | AJ58: 1
AE59: =AG59&" ("&AH59&"х"&AI59&") "&AJ59 -> КГВВнг(А)-LS (2х1,5) 2 | AF59: МСК055 | AG59: КГВВнг(А)-LS | AH59: 2 | AI59: 1.5 | AJ59: 2
AE60: =AG60&" ("&AH60&"х"&AI60&") "&AJ60 -> КГВВнг(А)-LS (2х2,5) 1 | AF60: МСК056 | AG60: КГВВнг(А)-LS | AH60: 2 | AI60: 2.5 | AJ60: 1
AE61: =AG61&" ("&AH61&"х"&AI61&") "&AJ61 -> КГВВнг(А)-LS (2х2,5) 2 | AF61: МСК057 | AG61: КГВВнг(А)-LS | AH61: 2 | AI61: 2.5 | AJ61: 2
... AE193: =AG193&" ("&AH193&"х"&AI193&") "&AJ193 -> ВВГнг(А)-FRLS (5х120) 2 | AF193: МСК038 | AG193: ВВГнг(А)-FRLS | AH193: 5 | AI193: 120 | AJ193: 2

Sheet Исходные данные
A1: 1 | B1: 2 | C1: 3 | D1: 4 | E1: 5 | F1: 6 | G1: 7 | H1: 8 | I1: 9 | J1: 10 | K1: 11 | L1: 12 | M1: 13 | N1: 14 | O1: 15 | P1: 16 | Q1: 17 | R1: 18 | S1: 19 | T1: 20 | U1: 21 | V1: 22 | W1: 23 | X1: 24 | Y1: 25 | Z1: 26 | AA1: 27 | AB1: 28 | AC1: 29 | AD1: 30 | AE1: 31 | AF1: 32 | AG1: 33 | AH1: 34 | AI1: 35 | AJ1: 36 | AK1: 37 | AL1: 38 | AM1: 39 | AN1: 40 | AO1: 41 | AP1: 42 | AQ1: 43 | AR1: 44 | AS1: 45 | AT1: 46 | AU1: 47
B2: Наименование | C2: Наименование (ручное) | D2: Номер линии | E2: Мощность, кВт | F2: Напряжение | G2: Кол-во потребителей (для длины) | H2: Кол-во фаз | I2: Длина линии (по плану) | J2: Лоток | K2: Гофра ПВХ | L2: Гофра ПНД | M2: Длина линии (Итог) | N2: Марку кабеля | O2: Кол-во жил | P2: Косинус | Q2: Коэффициент спроса | R2: Сечение (ручное) | S2: автомат (ручное) | T2: Потолок - 1/Пол - 2 | U2: Ток | V2: Автомат | W2: Сечение | X2: Активное сопротивление | Y2: Индуктивное сопротивление | Z2: Коэффициент фазности | AA2: Синус | AB2: Потери, В | AC2: Потери, % | AD2: Уровень напряжения | AE2: Кабель | AF2: Кабель проиежуточный | AG2: Для потерь | AH2: Помещение | AI2: Потребитель | AJ2: Этаж/Шлейф | AK2: Наименование | AL2: ток | AM2: мощность | AN2: номер линии | AO2: УГО (заполняется в двг!) | AP2: Кабель | AQ2: Для наименования | AR2: Для наименования | AS2: Iпуск 1 | AT2: Iпуск 2 | AU2: Iпуск
A3: =D3 -> 0 | B3: =IFERROR(IF(VLOOKUP(AI3,Потребители_обозначение,4,FALSE)=1,VLOOKUP(AI3,Потребители_обозначение,2,FALSE)&" "&VLOOKUP(AJ3,Этаж_обозначение,2,FALSE)&" Пом. №"&AH3,VLOOKUP(AI3,Потребители_обозначение,2,FALSE)&" Шлейф №"&AJ3),VLOOKUP(D3,Потребители_обозначение,2,FALSE)) -> #N/A | M3: =IFERROR(IF(VLOOKUP(AI3,Потребители_обозначение,4,FALSE)=1,VLOOKUP(AI3,Потребители_обозначение,3,FALSE)*(G3*2-1)+I3+VLOOKUP(AJ3,Этаж_обозначение,3,FALSE)+VLOOKUP(AJ3,Этаж_обозначение,4,FALSE),VLOOKUP(AI3,Потребители_обозначение,3,FALSE)*(G3*2-1)+I3),I3) -> 0 | P3: =IF(VLOOKUP(AI3,Потребители_обозначение,5,FALSE)=2,_xlfn.IFS(H3=3,VLOOKUP(E3,Справочная_двигатели,8,FALSE),H3=1,VLOOKUP(E3,Справочная_двигатели,10,TRUE)),0.95) -> #N/A | U3: =_xlfn.IFS(H3=1,E3*1000/220,H3=3,E3/0.38/1.732) -> #N/A | V3: =IF(S3=0,VLOOKUP(U3,Автомат_номиналы,2,TRUE),S3) -> #N/A | W3: =IF(R3=0,VLOOKUP(V3,Кабель_номиналы,2,TRUE),R3) -> #N/A | X3: =VLOOKUP(W3,Кабель_сопротивление,3,FALSE) -> #N/A | Y3: =VLOOKUP(W3,Кабель_сопротивление,2,FALSE) -> #N/A | Z3: {=_xlfn.IFS(H3=1,2,H3=3,1)} -> #N/A | AA3: =ROUND(SIN(ACOS(P3)),2) -> #N/A | AB3: =Z3*(X3*I3/W3+Y3*I3*AA3/1000)*U3 -> #N/A | AC3: =ROUNDUP(AB3/220*100,2) -> #N/A | AD3: =_xlfn.IFS(H3=3,380,H3=1,220) -> #N/A | AE3: =VLOOKUP(N3,Кабель_обозначение,2,FALSE) -> #N/A | AF3: =IF(VLOOKUP(N3,Кабель_обозначение,3,FALSE)=1,AE3&" ("&O3&"х"&W3&")",AE3) -> #N/A | AG3: =IFERROR(IF(AC3>4.5,1,2),0) -> 0 | AH3: =IFERROR(LEFT(AR3,SEARCH(".",AR3)-1),AR3) | AI3: =IFERROR(LEFT(A3,SEARCH(".",A3)-1),A3) -> 0 | AJ3: =IFERROR(LEFT(AQ3,SEARCH(".",AQ3)-1),AQ3) -> #VALUE! | AK3: =IF(C3=0,B3,C3) -> #N/A | AL3: =ROUNDUP(U3,2) -> #N/A | AM3: =E3 -> 0 | AN3: =D3 -> 0 | AP3: =IF(W3=0,AE3,AF3&" L="&M3&"-"&AC3&"%") -> #N/A | AQ3: =RIGHT(A3,LEN(A3)-SEARCH(".",A3)) -> #VALUE! | AR3: =IFERROR(RIGHT(AQ3,LEN(AQ3)-SEARCH(".",AQ3)),"") | AS3: =IFERROR(IF(VLOOKUP(AI3,Потребители_обозначение,5,FALSE)=2,_xlfn.IFS(H3=3,VLOOKUP(E3,Справочная_двигатели,3,FALSE),H3=1,VLOOKUP(E3,Справочная_двигатели,5,TRUE)),0),0) -> 0 | AT3: =IFERROR(IF(VLOOKUP(AI3,Потребители_обозначение,5,FALSE)=3,VLOOKUP(E3,Справочная_ЛЭД,2,TRUE),0),0) -> 0 | AU3: =IF(AS3=0,AT3,AS3) -> 0
A4: =D4 -> Ввод.1 | B4: =IFERROR(IF(VLOOKUP(AI4,Потребители_обозначение,4,FALSE)=1,VLOOKUP(AI4,Потребители_обозначение,2,FALSE)&" "&VLOOKUP(AJ4,Этаж_обозначение,2,FALSE)&" Пом. №"&AH4,VLOOKUP(AI4,Потребители_обозначение,2,FALSE)&" Шлейф №"&AJ4),VLOOKUP(D4,Потребители_обозначение,2,FALSE)) -> Вводной кабель Шлейф №1 | C4: Основной ввод в дом №1 | D4: Ввод.1 | F4: 400 | G4: 1 | H4: 3 | M4: =IFERROR(IF(VLOOKUP(AI4,Потребители_обозначение,4,FALSE)=1,VLOOKUP(AI4,Потребители_обозначение,3,FALSE)*(G4*2-1)+I4+VLOOKUP(AJ4,Этаж_обозначение,3,FALSE)+VLOOKUP(AJ4,Этаж_обозначение,4,FALSE),VLOOKUP(AI4,Потребители_обозначение,3,FALSE)*(G4*2-1)+I4),I4) -> 0 | P4: =IF(VLOOKUP(AI4,Потребители_обозначение,5,FALSE)=2,_xlfn.IFS(H4=3,VLOOKUP(E4,Справочная_двигатели,8,FALSE),H4=1,VLOOKUP(E4,Справочная_двигатели,10,TRUE)),0.95) -> 0.95 | U4: =_xlfn.IFS(H4=1,E4*1000/220,H4=3,E4/0.38/1.732) -> 0 | V4: =IF(S4=0,VLOOKUP(U4,Автомат_номиналы,2,TRUE),S4) -> 6 | W4: =IF(R4=0,VLOOKUP(V4,Кабель_номиналы,2,TRUE),R4) -> 1.5 | X4: =VLOOKUP(W4,Кабель_сопротивление,3,FALSE) -> 0.0175 | Y4: =VLOOKUP(W4,Кабель_сопротивление,2,FALSE) -> 0.11 | Z4: {=_xlfn.IFS(H4=1,2,H4=3,1)} -> 1 | AA4: =ROUND(SIN(ACOS(P4)),2) -> 0.31 | AB4: =Z4*(X4*I4/W4+Y4*I4*AA4/1000)*U4 -> 0 | AC4: =ROUNDUP(AB4/220*100,2) -> 0 | AD4: =_xlfn.IFS(H4=3,380,H4=1,220) -> 380 | AE4: =VLOOKUP(N4,Кабель_обозначение,2,FALSE) -> #N/A | AF4: =IF(VLOOKUP(N4,Кабель_обозначение,3,FALSE)=1,AE4&" ("&O4&"х"&W4&")",AE4) -> #N/A | AG4: =IFERROR(IF(AC4>4.5,1,2),0) -> 2 | AH4: =IFERROR(LEFT(AR4,SEARCH(".",AR4)-1),AR4) | AI4: =IFERROR(LEFT(A4,SEARCH(".",A4)-1),A4) -> Ввод | AJ4: =IFERROR(LEFT(AQ4,SEARCH(".",AQ4)-1),AQ4) -> 1 | AK4: =IF(C4=0,B4,C4) -> Основной ввод в дом №1 | AL4: =ROUNDUP(U4,2) -> 0 | AM4: =E4 -> 0 | AN4: =D4 -> Ввод.1 | AP4: =IF(W4=0,AE4,AF4&" L="&M4&"-"&AC4&"%") -> #N/A | AQ4: =RIGHT(A4,LEN(A4)-SEARCH(".",A4)) -> 1 | AR4: =IFERROR(RIGHT(AQ4,LEN(AQ4)-SEARCH(".",AQ4)),"") | AS4: =IFERROR(IF(VLOOKUP(AI4,Потребители_обозначение,5,FALSE)=2,_xlfn.IFS(H4=3,VLOOKUP(E4,Справочная_двигатели,3,FALSE),H4=1,VLOOKUP(E4,Справочная_двигатели,5,TRUE)),0),0) -> 0 | AT4: =IFERROR(IF(VLOOKUP(AI4,Потребители_обозначение,5,FALSE)=3,VLOOKUP(E4,Справочная_ЛЭД,2,TRUE),0),0) -> 0 | AU4: =IF(AS4=0,AT4,AS4) -> 0
A5: =D5 -> Ввод.2 | B5: =IFERROR(IF(VLOOKUP(AI5,Потребители_обозначение,4,FALSE)=1,VLOOKUP(AI5,Потребители_обозначение,2,FALSE)&" "&VLOOKUP(AJ5,Этаж_обозначение,2,FALSE)&" Пом. №"&AH5,VLOOKUP(AI5,Потребители_обозначение,2,FALSE)&" Шлейф №"&AJ5),VLOOKUP(D5,Потребители_обозначение,2,FALSE)) -> Вводной кабель Шлейф №2 | C5: Основной ввод в дом №2 | D5: Ввод.2 | F5: 400 | G5: 1 | H5: 3 | M5: =IFERROR(IF(VLOOKUP(AI5,Потребители_обозначение,4,FALSE)=1,VLOOKUP(AI5,Потребители_обозначение,3,FALSE)*(G5*2-1)+I5+VLOOKUP(AJ5,Этаж_обозначение,3,FALSE)+VLOOKUP(AJ5,Этаж_обозначение,4,FALSE),VLOOKUP(AI5,Потребители_обозначение,3,FALSE)*(G5*2-1)+I5),I5) -> 0 | P5: =IF(VLOOKUP(AI5,Потребители_обозначение,5,FALSE)=2,_xlfn.IFS(H5=3,VLOOKUP(E5,Справочная_двигатели,8,FALSE),H5=1,VLOOKUP(E5,Справочная_двигатели,10,TRUE)),0.95) -> 0.95 | U5: =_xlfn.IFS(H5=1,E5*1000/220,H5=3,E5/0.38/1.732) -> 0 | V5: =IF(S5=0,VLOOKUP(U5,Автомат_номиналы,2,TRUE),S5) -> 6 | W5: =IF(VLOOKUP(N5,Кабель_обозначение,3,FALSE)=1,IF(R5=0,VLOOKUP(V5,Кабель_номиналы,2,TRUE),R5),0) -> #N/A | X5: =VLOOKUP(W5,Кабель_сопротивление,3,FALSE) -> #N/A | Y5: =VLOOKUP(W5,Кабель_сопротивление,2,FALSE) -> #N/A | Z5: {=_xlfn.IFS(H5=1,2,H5=3,1)} -> 1 | AA5: =ROUND(SIN(ACOS(P5)),2) -> 0.31 | AB5: =Z5*(X5*I5/W5+Y5*I5*AA5/1000)*U5 -> #N/A | AC5: =ROUNDUP(AB5/220*100,2) -> #N/A | AD5: =_xlfn.IFS(H5=3,380,H5=1,220) -> 380 | AE5: =VLOOKUP(N5,Кабель_обозначение,2,FALSE) -> #N/A | AF5: =IF(VLOOKUP(N5,Кабель_обозначение,3,FALSE)=1,AE5&" ("&O5&"х"&W5&")",AE5) -> #N/A | AG5: =IFERROR(IF(AC5>4.5,1,2),0) -> 0 | AH5: =IFERROR(LEFT(AR5,SEARCH(".",AR5)-1),AR5) | AI5: =IFERROR(LEFT(A5,SEARCH(".",A5)-1),A5) -> Ввод | AJ5: =IFERROR(LEFT(AQ5,SEARCH(".",AQ5)-1),AQ5) -> 2 | AK5: =IF(C5=0,B5,C5) -> Основной ввод в дом №2 | AL5: =ROUNDUP(U5,2) -> 0 | AM5: =E5 -> 0 | AN5: =D5 -> Ввод.2 | AP5: =IF(W5=0,AE5,AF5&" L="&M5&"-"&AC5&"%") -> #N/A | AQ5: =RIGHT(A5,LEN(A5)-SEARCH(".",A5)) -> 2 | AR5: =IFERROR(RIGHT(AQ5,LEN(AQ5)-SEARCH(".",AQ5)),"") | AS5: =IFERROR(IF(VLOOKUP(AI5,Потребители_обозначение,5,FALSE)=2,_xlfn.IFS(H5=3,VLOOKUP(E5,Справочная_двигатели,3,FALSE),H5=1,VLOOKUP(E5,Справочная_двигатели,5,TRUE)),0),0) -> 0 | AT5: =IFERROR(IF(VLOOKUP(AI5,Потребители_обозначение,5,FALSE)=3,VLOOKUP(E5,Справочная_ЛЭД,2,TRUE),0),0) -> 0 | AU5: =IF(AS5=0,AT5,AS5) -> 0
A6: =D6 -> ЩОВ-01 | B6: =IFERROR(IF(VLOOKUP(AI6,Потребители_обозначение,4,FALSE)=1,VLOOKUP(AI6,Потребители_обозначение,2,FALSE)&" "&VLOOKUP(AJ6,Этаж_обозначение,2,FALSE)&" Пом. №"&AH6,VLOOKUP(AI6,Потребители_обозначение,2,FALSE)&" Шлейф №"&AJ6),VLOOKUP(D6,Потребители_обозначение,2,FALSE)) -> #N/A | C6: Щит вентиляции ЩОВ-01 Цокольный этаж этаж Пом. №0.001Тб | D6: ЩОВ-01 | E6: 13.06 | F6: 400 | G6: 1 | H6: 3 | I6: 15 | J6: 0 | K6: 15 | L6: 0 | M6: =IFERROR(IF(VLOOKUP(AI6,Потребители_обозначение,4,FALSE)=1,VLOOKUP(AI6,Потребители_обозначение,3,FALSE)*(G6*2-1)+I6+VLOOKUP(AJ6,Этаж_обозначение,3,FALSE)+VLOOKUP(AJ6,Этаж_обозначение,4,FALSE),VLOOKUP(AI6,Потребители_обозначение,3,FALSE)*(G6*2-1)+I6),I6) -> 15 | N6: мс | O6: 5 | P6: 0.95 | Q6: 0.5 | R6: 6 | S6: 25 | U6: =_xlfn.IFS(H6=1,E6*1000/220,H6=3,E6/0.38/1.732) -> 19.843199 | V6: =IF(S6=0,VLOOKUP(U6,Автомат_номиналы,2,TRUE),S6) -> 25 | W6: =IF(R6=0,VLOOKUP(V6,Кабель_номиналы,2,TRUE),R6) -> 6 | X6: =VLOOKUP(W6,Кабель_сопротивление,3,FALSE) -> 0.0175 | Y6: =VLOOKUP(W6,Кабель_сопротивление,2,FALSE) -> 0.09 | Z6: {=_xlfn.IFS(H6=1,2,H6=3,1)} -> 1 | AA6: =ROUND(SIN(ACOS(P6)),2) -> 0.31 | AB6: =Z6*(X6*I6/W6+Y6*I6*AA6/1000)*U6 -> 0.87644434 | AC6: =ROUNDUP(AB6/220*100,2) -> 0.4 | AD6: =_xlfn.IFS(H6=3,380,H6=1,220) -> 380 | AE6: =VLOOKUP(N6,Кабель_обозначение,2,FALSE) -> ВВГнг(А)-LS | AF6: =IF(VLOOKUP(N6,Кабель_обозначение,3,FALSE)=1,AE6&" ("&O6&"х"&W6&")",AE6) -> ВВГнг(А)-LS (5х6) | AG6: =IFERROR(IF(AC6>4.5,1,2),0) -> 2 | AH6: =IFERROR(LEFT(AR6,SEARCH(".",AR6)-1),AR6) | AI6: =IFERROR(LEFT(A6,SEARCH(".",A6)-1),A6) -> ЩОВ-01 | AJ6: =IFERROR(LEFT(AQ6,SEARCH(".",AQ6)-1),AQ6) -> #VALUE! | AK6: =IF(C6=0,B6,C6) -> Щит вентиляции ЩОВ-01 Цокольный этаж этаж Пом. №0.001Тб | AL6: =ROUNDUP(U6,2) -> 19.85 | AM6: =E6 -> 13.06 | AN6: =D6 -> ЩОВ-01 | AP6: =IF(W6=0,AE6,AF6&" L="&M6&"-"&AC6&"%") -> ВВГнг(А)-LS (5х6) L=15-0,4% | AQ6: =RIGHT(A6,LEN(A6)-SEARCH(".",A6)) -> #VALUE! | AR6: =IFERROR(RIGHT(AQ6,LEN(AQ6)-SEARCH(".",AQ6)),"") | AS6: =IFERROR(IF(VLOOKUP(AI6,Потребители_обозначение,5,FALSE)=2,_xlfn.IFS(H6=3,VLOOKUP(E6,Справочная_двигатели,3,FALSE),H6=1,VLOOKUP(E6,Справочная_двигатели,5,TRUE)),0),0) -> 0 | AT6: =IFERROR(IF(VLOOKUP(AI6,Потребители_обозначение,5,FALSE)=3,VLOOKUP(E6,Справочная_ЛЭД,2,TRUE),0),0) -> 0 | AU6: =IF(AS6=0,AT6,AS6) -> 0
A7: =D7 -> ЩОВ-001 | B7: =IFERROR(IF(VLOOKUP(AI7,Потребители_обозначение,4,FALSE)=1,VLOOKUP(AI7,Потребители_обозначение,2,FALSE)&" "&VLOOKUP(AJ7,Этаж_обозначение,2,FALSE)&" Пом. №"&AH7,VLOOKUP(AI7,Потребители_обозначение,2,FALSE)&" Шлейф №"&AJ7),VLOOKUP(D7,Потребители_обозначение,2,FALSE)) -> #N/A | C7: Щит вентиляции ЩОВ-001 Подвальный этаж этаж Пом. №00.006Т | D7: ЩОВ-001 | E7: 211.22 | F7: 400 | G7: 1 | H7: 3 | I7: 58 | J7: 39 | K7: =M7-8-J7 -> 11 | L7: 0 | M7: =IFERROR(IF(VLOOKUP(AI7,Потребители_обозначение,4,FALSE)=1,VLOOKUP(AI7,Потребители_обозначение,3,FALSE)*(G7*2-1)+I7+VLOOKUP(AJ7,Этаж_обозначение,3,FALSE)+VLOOKUP(AJ7,Этаж_обозначение,4,FALSE),VLOOKUP(AI7,Потребители_обозначение,3,FALSE)*(G7*2-1)+I7),I7) -> 58 | N7: 5мс2 | O7: 1 | P7: 0.95 | Q7: 0.5 | R7: 185 | S7: 400 | U7: =_xlfn.IFS(H7=1,E7*1000/220,H7=3,E7/0.38/1.732) -> 320.925 | V7: =IF(S7=0,VLOOKUP(U7,Автомат_номиналы,2,TRUE),S7) -> 400 | W7: =IF(R7=0,VLOOKUP(V7,Кабель_номиналы,2,TRUE),R7) -> 185 | X7: =VLOOKUP(W7,Кабель_сопротивление,3,FALSE) -> 0.0175 | Y7: =VLOOKUP(W7,Кабель_сопротивление,2,FALSE) -> 0.0596 | Z7: {=_xlfn.IFS(H7=1,2,H7=3,1)} -> 1 | AA7: =ROUND(SIN(ACOS(P7)),2) -> 0.31 | AB7: =Z7*(X7*I7/W7+Y7*I7*AA7/1000)*U7 -> 2.1046565 | AC7: =ROUNDUP(AB7/220*100,2) -> 0.96 | AD7: =_xlfn.IFS(H7=3,380,H7=1,220) -> 380 | AE7: =VLOOKUP(N7,Кабель_обозначение,2,FALSE) -> 5хВВГнг(А)-LS | AF7: =IF(VLOOKUP(N7,Кабель_обозначение,3,FALSE)=1,AE7&" ("&O7&"х"&W7&")",AE7) -> 5хВВГнг(А)-LS (1х185) | AG7: =IFERROR(IF(AC7>4.5,1,2),0) -> 2 | AH7: =IFERROR(LEFT(AR7,SEARCH(".",AR7)-1),AR7) | AI7: =IFERROR(LEFT(A7,SEARCH(".",A7)-1),A7) -> ЩОВ-001 | AJ7: =IFERROR(LEFT(AQ7,SEARCH(".",AQ7)-1),AQ7) -> #VALUE! | AK7: =IF(C7=0,B7,C7) -> Щит вентиляции ЩОВ-001 Подвальный этаж этаж Пом. №00.006Т | AL7: =ROUNDUP(U7,2) -> 320.93 | AM7: =E7 -> 211.22 | AN7: =D7 -> ЩОВ-001 | AP7: =IF(W7=0,AE7,AF7&" L="&M7&"-"&AC7&"%") -> 5хВВГнг(А)-LS (1х185) L=58-0,96% | AQ7: =RIGHT(A7,LEN(A7)-SEARCH(".",A7)) -> #VALUE! | AR7: =IFERROR(RIGHT(AQ7,LEN(AQ7)-SEARCH(".",AQ7)),"") | AS7: =IFERROR(IF(VLOOKUP(AI7,Потребители_обозначение,5,FALSE)=2,_xlfn.IFS(H7=3,VLOOKUP(E7,Справочная_двигатели,3,FALSE),H7=1,VLOOKUP(E7,Справочная_двигатели,5,TRUE)),0),0) -> 0 | AT7: =IFERROR(IF(VLOOKUP(AI7,Потребители_обозначение,5,FALSE)=3,VLOOKUP(E7,Справочная_ЛЭД,2,TRUE),0),0) -> 0 | AU7: =IF(AS7=0,AT7,AS7) -> 0
A8: =D8 -> ЩОВ-002 | B8: =IFERROR(IF(VLOOKUP(AI8,Потребители_обозначение,4,FALSE)=1,VLOOKUP(AI8,Потребители_обозначение,2,FALSE)&" "&VLOOKUP(AJ8,Этаж_обозначение,2,FALSE)&" Пом. №"&AH8,VLOOKUP(AI8,Потребители_обозначение,2,FALSE)&" Шлейф №"&AJ8),VLOOKUP(D8,Потребители_обозначение,2,FALSE)) -> #N/A | C8: Щит вентиляции ЩОВ-002 Подвальный этаж этаж Пом. №00.003Т | D8: ЩОВ-002 | E8: 6.99 | F8: 400 | G8: 1 | H8: 3 | I8: 46 | J8: 29 | K8: =M8-5-J8 -> 12 | L8: 0 | M8: =IFERROR(IF(VLOOKUP(AI8,Потребители_обозначение,4,FALSE)=1,VLOOKUP(AI8,Потребители_обозначение,3,FALSE)*(G8*2-1)+I8+VLOOKUP(AJ8,Этаж_обозначение,3,FALSE)+VLOOKUP(AJ8,Этаж_обозначение,4,FALSE),VLOOKUP(AI8,Потребители_обозначение,3,FALSE)*(G8*2-1)+I8),I8) -> 46 | N8: мс | O8: 5 | P8: 0.95 | Q8: 0.5 | R8: 4 | S8: 16 | U8: =_xlfn.IFS(H8=1,E8*1000/220,H8=3,E8/0.38/1.732) -> 10.620518 | V8: =IF(S8=0,VLOOKUP(U8,Автомат_номиналы,2,TRUE),S8) -> 16 | W8: =IF(R8=0,VLOOKUP(V8,Кабель_номиналы,2,TRUE),R8) -> 4 | X8: =VLOOKUP(W8,Кабель_сопротивление,3,FALSE) -> 0.0175 | Y8: =VLOOKUP(W8,Кабель_сопротивление,2,FALSE) -> 0.095 | Z8: {=_xlfn.IFS(H8=1,2,H8=3,1)} -> 1 | AA8: =ROUND(SIN(ACOS(P8)),2) -> 0.31 | AB8: =Z8*(X8*I8/W8+Y8*I8*AA8/1000)*U8 -> 2.1517668 | AC8: =ROUNDUP(AB8/220*100,2) -> 0.98 | AD8: =_xlfn.IFS(H8=3,380,H8=1,220) -> 380 | AE8: =VLOOKUP(N8,Кабель_обозначение,2,FALSE) -> ВВГнг(А)-LS | AF8: =IF(VLOOKUP(N8,Кабель_обозначение,3,FALSE)=1,AE8&" ("&O8&"х"&W8&")",AE8) -> ВВГнг(А)-LS (5х4) | AG8: =IFERROR(IF(AC8>4.5,1,2),0) -> 2 | AH8: =IFERROR(LEFT(AR8,SEARCH(".",AR8)-1),AR8) | AI8: =IFERROR(LEFT(A8,SEARCH(".",A8)-1),A8) -> ЩОВ-002 | AJ8: =IFERROR(LEFT(AQ8,SEARCH(".",AQ8)-1),AQ8) -> #VALUE! | AK8: =IF(C8=0,B8,C8) -> Щит вентиляции ЩОВ-002 Подвальный этаж этаж Пом. №00.003Т | AL8: =ROUNDUP(U8,2) -> 10.63 | AM8: =E8 -> 6.99 | AN8: =D8 -> ЩОВ-002 | AP8: =IF(W8=0,AE8,AF8&" L="&M8&"-"&AC8&"%") -> ВВГнг(А)-LS (5х4) L=46-0,98% | AQ8: =RIGHT(A8,LEN(A8)-SEARCH(".",A8)) -> #VALUE! | AR8: =IFERROR(RIGHT(AQ8,LEN(AQ8)-SEARCH(".",AQ8)),"") | AS8: =IFERROR(IF(VLOOKUP(AI8,Потребители_обозначение,5,FALSE)=2,_xlfn.IFS(H8=3,VLOOKUP(E8,Справочная_двигатели,3,FALSE),H8=1,VLOOKUP(E8,Справочная_двигатели,5,TRUE)),0),0) -> 0 | AT8: =IFERROR(IF(VLOOKUP(AI8,Потребители_обозначение,5,FALSE)=3,VLOOKUP(E8,Справочная_ЛЭД,2,TRUE),0),0) -> 0 | AU8: =IF(AS8=0,AT8,AS8) -> 0
A9: =D9 -> ЩОВ-2 | B9: =IFERROR(IF(VLOOKUP(AI9,Потребители_обозначение,4,FALSE)=1,VLOOKUP(AI9,Потребители_обозначение,2,FALSE)&" "&VLOOKUP(AJ9,Этаж_обозначение,2,FALSE)&" Пом. №"&AH9,VLOOKUP(AI9,Потребители_обозначение,2,FALSE)&" Шлейф №"&AJ9),VLOOKUP(D9,Потребители_обозначение,2,FALSE)) -> #N/A | C9: Щит вентиляции ЩОВ-2 Техэтаж этаж Пом. №3.001Т | D9: ЩОВ-2 | E9: 11.09 | F9: 400 | G9: 1 | H9: 3 | I9: 56 | J9: 40 | K9: =M9-5-J9 -> 11 | L9: 0 | M9: =IFERROR(IF(VLOOKUP(AI9,Потребители_обозначение,4,FALSE)=1,VLOOKUP(AI9,Потребители_обозначение,3,FALSE)*(G9*2-1)+I9+VLOOKUP(AJ9,Этаж_обозначение,3,FALSE)+VLOOKUP(AJ9,Этаж_обозначение,4,FALSE),VLOOKUP(AI9,Потребители_обозначение,3,FALSE)*(G9*2-1)+I9),I9) -> 56 | N9: мс | O9: 5 | P9: 0.95 | Q9: 0.5 | R9: 4 | S9: 20 | U9: =_xlfn.IFS(H9=1,E9*1000/220,H9=3,E9/0.38/1.732) -> 16.850006 | V9: =IF(S9=0,VLOOKUP(U9,Автомат_номиналы,2,TRUE),S9) -> 20 | W9: =IF(R9=0,VLOOKUP(V9,Кабель_номиналы,2,TRUE),R9) -> 4 | X9: =VLOOKUP(W9,Кабель_сопротивление,3,FALSE) -> 0.0175 | Y9: =VLOOKUP(W9,Кабель_сопротивление,2,FALSE) -> 0.095 | Z9: {=_xlfn.IFS(H9=1,2,H9=3,1)} -> 1 | AA9: =ROUND(SIN(ACOS(P9)),2) -> 0.31 | AB9: =Z9*(X9*I9/W9+Y9*I9*AA9/1000)*U9 -> 4.1560405 | AC9: =ROUNDUP(AB9/220*100,2) -> 1.89 | AD9: =_xlfn.IFS(H9=3,380,H9=1,220) -> 380 | AE9: =VLOOKUP(N9,Кабель_обозначение,2,FALSE) -> ВВГнг(А)-LS | AF9: =IF(VLOOKUP(N9,Кабель_обозначение,3,FALSE)=1,AE9&" ("&O9&"х"&W9&")",AE9) -> ВВГнг(А)-LS (5х4) | AG9: =IFERROR(IF(AC9>4.5,1,2),0) -> 2 | AH9: =IFERROR(LEFT(AR9,SEARCH(".",AR9)-1),AR9) | AI9: =IFERROR(LEFT(A9,SEARCH(".",A9)-1),A9) -> ЩОВ-2 | AJ9: =IFERROR(LEFT(AQ9,SEARCH(".",AQ9)-1),AQ9) -> #VALUE! | AK9: =IF(C9=0,B9,C9) -> Щит вентиляции ЩОВ-2 Техэтаж этаж Пом. №3.001Т | AL9: =ROUNDUP(U9,2) -> 16.86 | AM9: =E9 -> 11.09 | AN9: =D9 -> ЩОВ-2 | AP9: =IF(W9=0,AE9,AF9&" L="&M9&"-"&AC9&"%") -> ВВГнг(А)-LS (5х4) L=56-1,89% | AQ9: =RIGHT(A9,LEN(A9)-SEARCH(".",A9)) -> #VALUE! | AR9: =IFERROR(RIGHT(AQ9,LEN(AQ9)-SEARCH(".",AQ9)),"") | AS9: =IFERROR(IF(VLOOKUP(AI9,Потребители_обозначение,5,FALSE)=2,_xlfn.IFS(H9=3,VLOOKUP(E9,Справочная_двигатели,3,FALSE),H9=1,VLOOKUP(E9,Справочная_двигатели,5,TRUE)),0),0) -> 0 | AT9: =IFERROR(IF(VLOOKUP(AI9,Потребители_обозначение,5,FALSE)=3,VLOOKUP(E9,Справочная_ЛЭД,2,TRUE),0),0) -> 0 | AU9: =IF(AS9=0,AT9,AS9) -> 0
A10: =D10 -> ЩР-001 | B10: =IFERROR(IF(VLOOKUP(AI10,Потребители_обозначение,4,FALSE)=1,VLOOKUP(AI10,Потребители_обозначение,2,FALSE)&" "&VLOOKUP(AJ10,Этаж_обозначение,2,FALSE)&" Пом. №"&AH10,VLOOKUP(AI10,Потребители_обозначение,2,FALSE)&" Шлейф №"&AJ10),VLOOKUP(D10,Потребители_обозначение,2,FALSE)) -> #N/A | C10: Щит распределительный ЩР-001 Подвальный этаж этаж Пом. №00.004Т | D10: ЩР-001 | E10: 11.86 | F10: 400 | G10: 1 | H10: 3 | I10: 41 | J10: 25 | K10: =M10-5-J10 -> 11 | L10: 0 | M10: =IFERROR(IF(VLOOKUP(AI10,Потребители_обозначение,4,FALSE)=1,VLOOKUP(AI10,Потребители_обозначение,3,FALSE)*(G10*2-1)+I10+VLOOKUP(AJ10,Этаж_обозначение,3,FALSE)+VLOOKUP(AJ10,Этаж_обозначение,4,FALSE),VLOOKUP(AI10,Потребители_обозначение,3,FALSE)*(G10*2-1)+I10),I10) -> 41 | N10: мс | O10: 5 | P10: 0.95 | Q10: 0.5 | R10: 4 | S10: 20 | U10: =_xlfn.IFS(H10=1,E10*1000/220,H10=3,E10/0.38/1.732) -> 18.019934 | V10: =IF(S10=0,VLOOKUP(U10,Автомат_номиналы,2,TRUE),S10) -> 20 | W10: =IF(R10=0,VLOOKUP(V10,Кабель_номиналы,2,TRUE),R10) -> 4 | X10: =VLOOKUP(W10,Кабель_сопротивление,3,FALSE) -> 0.0175 | Y10: =VLOOKUP(W10,Кабель_сопротивление,2,FALSE) -> 0.095 | Z10: {=_xlfn.IFS(H10=1,2,H10=3,1)} -> 1 | AA10: =ROUND(SIN(ACOS(P10)),2) -> 0.31 | AB10: =Z10*(X10*I10/W10+Y10*I10*AA10/1000)*U10 -> 3.2540839 | AC10: =ROUNDUP(AB10/220*100,2) -> 1.48 | AD10: =_xlfn.IFS(H10=3,380,H10=1,220) -> 380 | AE10: =VLOOKUP(N10,Кабель_обозначение,2,FALSE) -> ВВГнг(А)-LS | AF10: =IF(VLOOKUP(N10,Кабель_обозначение,3,FALSE)=1,AE10&" ("&O10&"х"&W10&")",AE10) -> ВВГнг(А)-LS (5х4) | AG10: =IFERROR(IF(AC10>4.5,1,2),0) -> 2 | AH10: =IFERROR(LEFT(AR10,SEARCH(".",AR10)-1),AR10) | AI10: =IFERROR(LEFT(A10,SEARCH(".",A10)-1),A10) -> ЩР-001 | AJ10: =IFERROR(LEFT(AQ10,SEARCH(".",AQ10)-1),AQ10) -> #VALUE! | AK10: =IF(C10=0,B10,C10) -> Щит распределительный ЩР-001 Подвальный этаж этаж Пом. №00.004Т | AL10: =ROUNDUP(U10,2) -> 18.02 | AM10: =E10 -> 11.86 | AN10: =D10 -> ЩР-001 | AP10: =IF(W10=0,AE10,AF10&" L="&M10&"-"&AC10&"%") -> ВВГнг(А)-LS (5х4) L=41-1,48% | AQ10: =RIGHT(A10,LEN(A10)-SEARCH(".",A10)) -> #VALUE! | AR10: =IFERROR(RIGHT(AQ10,LEN(AQ10)-SEARCH(".",AQ10)),"") | AS10: =IFERROR(IF(VLOOKUP(AI10,Потребители_обозначение,5,FALSE)=2,_xlfn.IFS(H10=3,VLOOKUP(E10,Справочная_двигатели,3,FALSE),H10=1,VLOOKUP(E10,Справочная_двигатели,5,TRUE)),0),0) -> 0 | AT10: =IFERROR(IF(VLOOKUP(AI10,Потребители_обозначение,5,FALSE)=3,VLOOKUP(E10,Справочная_ЛЭД,2,TRUE),0),0) -> 0 | AU10: =IF(AS10=0,AT10,AS10) -> 0
A11: =D11 -> ЩР-01 | B11: =IFERROR(IF(VLOOKUP(AI11,Потребители_обозначение,4,FALSE)=1,VLOOKUP(AI11,Потребители_обозначение,2,FALSE)&" "&VLOOKUP(AJ11,Этаж_обозначение,2,FALSE)&" Пом. №"&AH11,VLOOKUP(AI11,Потребители_обозначение,2,FALSE)&" Шлейф №"&AJ11),VLOOKUP(D11,Потребители_обозначение,2,FALSE)) -> #N/A | C11: Щит распределительный ЩР-01 Цокольный этаж этаж Пом. №0.001Т | D11: ЩР-01 | E11: 24.41 | F11: 400 | G11: 1 | H11: 3 | I11: 14 | J11: 0 | K11: 14 | L11: 0 | M11: =IFERROR(IF(VLOOKUP(AI11,Потребители_обозначение,4,FALSE)=1,VLOOKUP(AI11,Потребители_обозначение,3,FALSE)*(G11*2-1)+I11+VLOOKUP(AJ11,Этаж_обозначение,3,FALSE)+VLOOKUP(AJ11,Этаж_обозначение,4,FALSE),VLOOKUP(AI11,Потребители_обозначение,3,FALSE)*(G11*2-1)+I11),I11) -> 14 | N11: мс | O11: 5 | P11: 0.95 | Q11: 0.5 | R11: 10 | S11: 40 | U11: =_xlfn.IFS(H11=1,E11*1000/220,H11=3,E11/0.38/1.732) -> 37.088246 | V11: =IF(S11=0,VLOOKUP(U11,Автомат_номиналы,2,TRUE),S11) -> 40 | W11: =IF(R11=0,VLOOKUP(V11,Кабель_номиналы,2,TRUE),R11) -> 10 | X11: =VLOOKUP(W11,Кабель_сопротивление,3,FALSE) -> 0.0175 | Y11: =VLOOKUP(W11,Кабель_сопротивление,2,FALSE) -> 0.073 | Z11: {=_xlfn.IFS(H11=1,2,H11=3,1)} -> 1 | AA11: =ROUND(SIN(ACOS(P11)),2) -> 0.31 | AB11: =Z11*(X11*I11/W11+Y11*I11*AA11/1000)*U11 -> 0.92041233 | AC11: =ROUNDUP(AB11/220*100,2) -> 0.42 | AD11: =_xlfn.IFS(H11=3,380,H11=1,220) -> 380 | AE11: =VLOOKUP(N11,Кабель_обозначение,2,FALSE) -> ВВГнг(А)-LS | AF11: =IF(VLOOKUP(N11,Кабель_обозначение,3,FALSE)=1,AE11&" ("&O11&"х"&W11&")",AE11) -> ВВГнг(А)-LS (5х10) | AG11: =IFERROR(IF(AC11>4.5,1,2),0) -> 2 | AH11: =IFERROR(LEFT(AR11,SEARCH(".",AR11)-1),AR11) | AI11: =IFERROR(LEFT(A11,SEARCH(".",A11)-1),A11) -> ЩР-01 | AJ11: =IFERROR(LEFT(AQ11,SEARCH(".",AQ11)-1),AQ11) -> #VALUE! | AK11: =IF(C11=0,B11,C11) -> Щит распределительный ЩР-01 Цокольный этаж этаж Пом. №0.001Т | AL11: =ROUNDUP(U11,2) -> 37.09 | AM11: =E11 -> 24.41 | AN11: =D11 -> ЩР-01 | AP11: =IF(W11=0,AE11,AF11&" L="&M11&"-"&AC11&"%") -> ВВГнг(А)-LS (5х10) L=14-0,42% | AQ11: =RIGHT(A11,LEN(A11)-SEARCH(".",A11)) -> #VALUE! | AR11: =IFERROR(RIGHT(AQ11,LEN(AQ11)-SEARCH(".",AQ11)),"") | AS11: =IFERROR(IF(VLOOKUP(AI11,Потребители_обозначение,5,FALSE)=2,_xlfn.IFS(H11=3,VLOOKUP(E11,Справочная_двигатели,3,FALSE),H11=1,VLOOKUP(E11,Справочная_двигатели,5,TRUE)),0),0) -> 0 | AT11: =IFERROR(IF(VLOOKUP(AI11,Потребители_обозначение,5,FALSE)=3,VLOOKUP(E11,Справочная_ЛЭД,2,TRUE),0),0) -> 0 | AU11: =IF(AS11=0,AT11,AS11) -> 0
A12: =D12 -> ЩР-1 | B12: =IFERROR(IF(VLOOKUP(AI12,Потребители_обозначение,4,FALSE)=1,VLOOKUP(AI12,Потребители_обозначение,2,FALSE)&" "&VLOOKUP(AJ12,Этаж_обозначение,2,FALSE)&" Пом. №"&AH12,VLOOKUP(AI12,Потребители_обозначение,2,FALSE)&" Шлейф №"&AJ12),VLOOKUP(D12,Потребители_обозначение,2,FALSE)) -> #N/A | C12: Щит распределительный ЩР-1 Первый этаж этаж Пом. №1.003Б | D12: ЩР-1 | E12: 34.84 | F12: 400 | G12: 1 | H12: 3 | I12: =15+8+6+30+6 -> 65 | J12: =15+6+30 -> 51 | K12: =M12-5-J12 -> 9 | L12: 0 | M12: =IFERROR(IF(VLOOKUP(AI12,Потребители_обозначение,4,FALSE)=1,VLOOKUP(AI12,Потребители_обозначение,3,FALSE)*(G12*2-1)+I12+VLOOKUP(AJ12,Этаж_обозначение,3,FALSE)+VLOOKUP(AJ12,Этаж_обозначение,4,FALSE),VLOOKUP(AI12,Потребители_обозначение,3,FALSE)*(G12*2-1)+I12),I12) -> 65 | N12: мс | O12: 5 | P12: 0.95 | Q12: 0.5 | R12: 16 | S12: 63 | U12: =_xlfn.IFS(H12=1,E12*1000/220,H12=3,E12/0.38/1.732) -> 52.935456 | V12: =IF(S12=0,VLOOKUP(U12,Автомат_номиналы,2,TRUE),S12) -> 63 | W12: =IF(R12=0,VLOOKUP(V12,Кабель_номиналы,2,TRUE),R12) -> 16 | X12: =VLOOKUP(W12,Кабель_сопротивление,3,FALSE) -> 0.0175 | Y12: =VLOOKUP(W12,Кабель_сопротивление,2,FALSE) -> 0.0675 | Z12: {=_xlfn.IFS(H12=1,2,H12=3,1)} -> 1 | AA12: =ROUND(SIN(ACOS(P12)),2) -> 0.31 | AB12: =Z12*(X12*I12/W12+Y12*I12*AA12/1000)*U12 -> 3.8353789 | AC12: =ROUNDUP(AB12/220*100,2) -> 1.75 | AD12: =_xlfn.IFS(H12=3,380,H12=1,220) -> 380 | AE12: =VLOOKUP(N12,Кабель_обозначение,2,FALSE) -> ВВГнг(А)-LS | AF12: =IF(VLOOKUP(N12,Кабель_обозначение,3,FALSE)=1,AE12&" ("&O12&"х"&W12&")",AE12) -> ВВГнг(А)-LS (5х16) | AG12: =IFERROR(IF(AC12>4.5,1,2),0) -> 2 | AH12: =IFERROR(LEFT(AR12,SEARCH(".",AR12)-1),AR12) | AI12: =IFERROR(LEFT(A12,SEARCH(".",A12)-1),A12) -> ЩР-1 | AJ12: =IFERROR(LEFT(AQ12,SEARCH(".",AQ12)-1),AQ12) -> #VALUE! | AK12: =IF(C12=0,B12,C12) -> Щит распределительный ЩР-1 Первый этаж этаж Пом. №1.003Б | AL12: =ROUNDUP(U12,2) -> 52.94 | AM12: =E12 -> 34.84 | AN12: =D12 -> ЩР-1 | AP12: =IF(W12=0,AE12,AF12&" L="&M12&"-"&AC12&"%") -> ВВГнг(А)-LS (5х16) L=65-1,75% | AQ12: =RIGHT(A12,LEN(A12)-SEARCH(".",A12)) -> #VALUE! | AR12: =IFERROR(RIGHT(AQ12,LEN(AQ12)-SEARCH(".",AQ12)),"") | AS12: =IFERROR(IF(VLOOKUP(AI12,Потребители_обозначение,5,FALSE)=2,_xlfn.IFS(H12=3,VLOOKUP(E12,Справочная_двигатели,3,FALSE),H12=1,VLOOKUP(E12,Справочная_двигатели,5,TRUE)),0),0) -> 0 | AT12: =IFERROR(IF(VLOOKUP(AI12,Потребители_обозначение,5,FALSE)=3,VLOOKUP(E12,Справочная_ЛЭД,2,TRUE),0),0) -> 0 | AU12: =IF(AS12=0,AT12,AS12) -> 0
A13: =D13 -> ЩР-2 | B13: =IFERROR(IF(VLOOKUP(AI13,Потребители_обозначение,4,FALSE)=1,VLOOKUP(AI13,Потребители_обозначение,2,FALSE)&" "&VLOOKUP(AJ13,Этаж_обозначение,2,FALSE)&" Пом. №"&AH13,VLOOKUP(AI13,Потребители_обозначение,2,FALSE)&" Шлейф №"&AJ13),VLOOKUP(D13,Потребители_обозначение,2,FALSE)) -> #N/A | C13: Щит распределительный ЩР-2 Техэтаж этаж Пом. №3.001Т | D13: ЩР-2 | E13: 9.98 | F13: 400 | G13: 1 | H13: 3 | I13: 56 | J13: 40 | K13: =M13-5-J13 -> 11 | L13: 0 | M13: =IFERROR(IF(VLOOKUP(AI13,Потребители_обозначение,4,FALSE)=1,VLOOKUP(AI13,Потребители_обозначение,3,FALSE)*(G13*2-1)+I13+VLOOKUP(AJ13,Этаж_обозначение,3,FALSE)+VLOOKUP(AJ13,Этаж_обозначение,4,FALSE),VLOOKUP(AI13,Потребители_обозначение,3,FALSE)*(G13*2-1)+I13),I13) -> 56 | N13: мс | O13: 5 | P13: 0.95 | Q13: 0.5 | R13: 4 | S13: 16 | U13: =_xlfn.IFS(H13=1,E13*1000/220,H13=3,E13/0.38/1.732) -> 15.163486 | V13: =IF(S13=0,VLOOKUP(U13,Автомат_номиналы,2,TRUE),S13) -> 16 | W13: =IF(R13=0,VLOOKUP(V13,Кабель_номиналы,2,TRUE),R13) -> 4 | X13: =VLOOKUP(W13,Кабель_сопротивление,3,FALSE) -> 0.0175 | Y13: =VLOOKUP(W13,Кабель_сопротивление,2,FALSE) -> 0.095 | Z13: {=_xlfn.IFS(H13=1,2,H13=3,1)} -> 1 | AA13: =ROUND(SIN(ACOS(P13)),2) -> 0.31 | AB13: =Z13*(X13*I13/W13+Y13*I13*AA13/1000)*U13 -> 3.7400617 | AC13: =ROUNDUP(AB13/220*100,2) -> 1.71 | AD13: =_xlfn.IFS(H13=3,380,H13=1,220) -> 380 | AE13: =VLOOKUP(N13,Кабель_обозначение,2,FALSE) -> ВВГнг(А)-LS | AF13: =IF(VLOOKUP(N13,Кабель_обозначение,3,FALSE)=1,AE13&" ("&O13&"х"&W13&")",AE13) -> ВВГнг(А)-LS (5х4) | AG13: =IFERROR(IF(AC13>4.5,1,2),0) -> 2 | AH13: =IFERROR(LEFT(AR13,SEARCH(".",AR13)-1),AR13) | AI13: =IFERROR(LEFT(A13,SEARCH(".",A13)-1),A13) -> ЩР-2 | AJ13: =IFERROR(LEFT(AQ13,SEARCH(".",AQ13)-1),AQ13) -> #VALUE! | AK13: =IF(C13=0,B13,C13) -> Щит распределительный ЩР-2 Техэтаж этаж Пом. №3.001Т | AL13: =ROUNDUP(U13,2) -> 15.17 | AM13: =E13 -> 9.98 | AN13: =D13 -> ЩР-2 | AP13: =IF(W13=0,AE13,AF13&" L="&M13&"-"&AC13&"%") -> ВВГнг(А)-LS (5х4) L=56-1,71% | AQ13: =RIGHT(A13,LEN(A13)-SEARCH(".",A13)) -> #VALUE! | AR13: =IFERROR(RIGHT(AQ13,LEN(AQ13)-SEARCH(".",AQ13)),"") | AS13: =IFERROR(IF(VLOOKUP(AI13,Потребители_обозначение,5,FALSE)=2,_xlfn.IFS(H13=3,VLOOKUP(E13,Справочная_двигатели,3,FALSE),H13=1,VLOOKUP(E13,Справочная_двигатели,5,TRUE)),0),0) -> 0 | AT13: =IFERROR(IF(VLOOKUP(AI13,Потребители_обозначение,5,FALSE)=3,VLOOKUP(E13,Справочная_ЛЭД,2,TRUE),0),0) -> 0 | AU13: =IF(AS13=0,AT13,AS13) -> 0
A14: =D14 -> ЩС-Б | B14: =IFERROR(IF(VLOOKUP(AI14,Потребители_обозначение,4,FALSE)=1,VLOOKUP(AI14,Потребители_обозначение,2,FALSE)&" "&VLOOKUP(AJ14,Этаж_обозначение,2,FALSE)&" Пом. №"&AH14,VLOOKUP(AI14,Потребители_обозначение,2,FALSE)&" Шлейф №"&AJ14),VLOOKUP(D14,Потребители_обозначение,2,FALSE)) -> Щит бассейна | C14: Щит бассейна ЩС-Б Подвальный этаж этаж Пом. №00.002Тб | D14: ЩС-Б | E14: 24.99 | F14: 400 | G14: 1 | H14: 3 | I14: 51 | J14: 35 | K14: =M14-5-J14 -> 13 | L14: 0 | M14: =IFERROR(IF(VLOOKUP(AI14,Потребители_обозначение,4,FALSE)=1,VLOOKUP(AI14,Потребители_обозначение,3,FALSE)*(G14*2-1)+I14+VLOOKUP(AJ14,Этаж_обозначение,3,FALSE)+VLOOKUP(AJ14,Этаж_обозначение,4,FALSE),VLOOKUP(AI14,Потребители_обозначение,3,FALSE)*(G14*2-1)+I14),I14) -> 53 | N14: мс | O14: 5 | P14: 0.95 | Q14: 0.5 | R14: 10 | S14: 40 | U14: =_xlfn.IFS(H14=1,E14*1000/220,H14=3,E14/0.38/1.732) -> 37.969491 | V14: =IF(S14=0,VLOOKUP(U14,Автомат_номиналы,2,TRUE),S14) -> 40 | W14: =IF(R14=0,VLOOKUP(V14,Кабель_номиналы,2,TRUE),R14) -> 10 | X14: =VLOOKUP(W14,Кабель_сопротивление,3,FALSE) -> 0.0175 | Y14: =VLOOKUP(W14,Кабель_сопротивление,2,FALSE) -> 0.073 | Z14: {=_xlfn.IFS(H14=1,2,H14=3,1)} -> 1 | AA14: =ROUND(SIN(ACOS(P14)),2) -> 0.31 | AB14: =Z14*(X14*I14/W14+Y14*I14*AA14/1000)*U14 -> 3.4325988 | AC14: =ROUNDUP(AB14/220*100,2) -> 1.57 | AD14: =_xlfn.IFS(H14=3,380,H14=1,220) -> 380 | AE14: =VLOOKUP(N14,Кабель_обозначение,2,FALSE) -> ВВГнг(А)-LS | AF14: =IF(VLOOKUP(N14,Кабель_обозначение,3,FALSE)=1,AE14&" ("&O14&"х"&W14&")",AE14) -> ВВГнг(А)-LS (5х10) | AG14: =IFERROR(IF(AC14>4.5,1,2),0) -> 2 | AH14: =IFERROR(LEFT(AR14,SEARCH(".",AR14)-1),AR14) | AI14: =IFERROR(LEFT(A14,SEARCH(".",A14)-1),A14) -> ЩС-Б | AJ14: =IFERROR(LEFT(AQ14,SEARCH(".",AQ14)-1),AQ14) -> #VALUE! | AK14: =IF(C14=0,B14,C14) -> Щит бассейна ЩС-Б Подвальный этаж этаж Пом. №00.002Тб | AL14: =ROUNDUP(U14,2) -> 37.97 | AM14: =E14 -> 24.99 | AN14: =D14 -> ЩС-Б | AP14: =IF(W14=0,AE14,AF14&" L="&M14&"-"&AC14&"%") -> ВВГнг(А)-LS (5х10) L=53-1,57% | AQ14: =RIGHT(A14,LEN(A14)-SEARCH(".",A14)) -> #VALUE! | AR14: =IFERROR(RIGHT(AQ14,LEN(AQ14)-SEARCH(".",AQ14)),"") | AS14: =IFERROR(IF(VLOOKUP(AI14,Потребители_обозначение,5,FALSE)=2,_xlfn.IFS(H14=3,VLOOKUP(E14,Справочная_двигатели,3,FALSE),H14=1,VLOOKUP(E14,Справочная_двигатели,5,TRUE)),0),0) -> 0 | AT14: =IFERROR(IF(VLOOKUP(AI14,Потребители_обозначение,5,FALSE)=3,VLOOKUP(E14,Справочная_ЛЭД,2,TRUE),0),0) -> 0 | AU14: =IF(AS14=0,AT14,AS14) -> 0
A15: =D15 -> ЩС-ВК.001 | B15: =IFERROR(IF(VLOOKUP(AI15,Потребители_обозначение,4,FALSE)=1,VLOOKUP(AI15,Потребители_обозначение,2,FALSE)&" "&VLOOKUP(AJ15,Этаж_обозначение,2,FALSE)&" Пом. №"&AH15,VLOOKUP(AI15,Потребители_обозначение,2,FALSE)&" Шлейф №"&AJ15),VLOOKUP(D15,Потребители_обозначение,2,FALSE)) -> #N/A | C15: Щит дренажных насосов ЩС-ВК.001 Подвальный этаж этаж Пом. 00.002Т | D15: ЩС-ВК.001 | E15: 3.8 | F15: 230 | G15: 1 | H15: 1 | I15: 52 | J15: 35 | K15: =M15-5-J15 -> 12 | L15: 0 | M15: =IFERROR(IF(VLOOKUP(AI15,Потребители_обозначение,4,FALSE)=1,VLOOKUP(AI15,Потребители_обозначение,3,FALSE)*(G15*2-1)+I15+VLOOKUP(AJ15,Этаж_обозначение,3,FALSE)+VLOOKUP(AJ15,Этаж_обозначение,4,FALSE),VLOOKUP(AI15,Потребители_обозначение,3,FALSE)*(G15*2-1)+I15),I15) -> 52 | N15: мс | O15: 3 | P15: 0.95 | Q15: 0.5 | R15: 4 | S15: 20 | U15: =_xlfn.IFS(H15=1,E15*1000/220,H15=3,E15/0.38/1.732) -> 17.272727 | V15: =IF(S15=0,VLOOKUP(U15,Автомат_номиналы,2,TRUE),S15) -> 20 | W15: =IF(VLOOKUP(N15,Кабель_обозначение,3,FALSE)=1,IF(R15=0,VLOOKUP(V15,Кабель_номиналы,2,TRUE),R15),0) -> 4 | X15: =VLOOKUP(W15,Кабель_сопротивление,3,FALSE) -> 0.0175 | Y15: =VLOOKUP(W15,Кабель_сопротивление,2,FALSE) -> 0.095 | Z15: {=_xlfn.IFS(H15=1,2,H15=3,1)} -> 2 | AA15: =ROUND(SIN(ACOS(P15)),2) -> 0.31 | AB15: =Z15*(X15*I15/W15+Y15*I15*AA15/1000)*U15 -> 7.9119938 | AC15: =ROUNDUP(AB15/220*100,2) -> 3.6 | AD15: =_xlfn.IFS(H15=3,380,H15=1,220) -> 220 | AE15: =VLOOKUP(N15,Кабель_обозначение,2,FALSE) -> ВВГнг(А)-LS | AF15: =IF(VLOOKUP(N15,Кабель_обозначение,3,FALSE)=1,AE15&" ("&O15&"х"&W15&")",AE15) -> ВВГнг(А)-LS (3х4) | AG15: =IFERROR(IF(AC15>4.5,1,2),0) -> 2 | AH15: =IFERROR(LEFT(AR15,SEARCH(".",AR15)-1),AR15) | AI15: =IFERROR(LEFT(A15,SEARCH(".",A15)-1),A15) -> ЩС-ВК | AJ15: =IFERROR(LEFT(AQ15,SEARCH(".",AQ15)-1),AQ15) -> 001 | AK15: =IF(C15=0,B15,C15) -> Щит дренажных насосов ЩС-ВК.001 Подвальный этаж этаж Пом. 00.002Т | AL15: =ROUNDUP(U15,2) -> 17.28 | AM15: =E15 -> 3.8 | AN15: =D15 -> ЩС-ВК.001 | AP15: =IF(W15=0,AE15,AF15&" L="&M15&"-"&AC15&"%") -> ВВГнг(А)-LS (3х4) L=52-3,6% | AQ15: =RIGHT(A15,LEN(A15)-SEARCH(".",A15)) -> 001 | AR15: =IFERROR(RIGHT(AQ15,LEN(AQ15)-SEARCH(".",AQ15)),"") | AS15: =IFERROR(IF(VLOOKUP(AI15,Потребители_обозначение,5,FALSE)=2,_xlfn.IFS(H15=3,VLOOKUP(E15,Справочная_двигатели,3,FALSE),H15=1,VLOOKUP(E15,Справочная_двигатели,5,TRUE)),0),0) -> 0 | AT15: =IFERROR(IF(VLOOKUP(AI15,Потребители_обозначение,5,FALSE)=3,VLOOKUP(E15,Справочная_ЛЭД,2,TRUE),0),0) -> 0 | AU15: =IF(AS15=0,AT15,AS15) -> 0
A16: =D16 -> ЩС-ВК.002 | B16: =IFERROR(IF(VLOOKUP(AI16,Потребители_обозначение,4,FALSE)=1,VLOOKUP(AI16,Потребители_обозначение,2,FALSE)&" "&VLOOKUP(AJ16,Этаж_обозначение,2,FALSE)&" Пом. №"&AH16,VLOOKUP(AI16,Потребители_обозначение,2,FALSE)&" Шлейф №"&AJ16),VLOOKUP(D16,Потребители_обозначение,2,FALSE)) -> #N/A | C16: Щит насосов ЩС-ВК.002 Подвальный этаж этаж Пом. №00.002Тб | D16: ЩС-ВК.002 | E16: 2.4 | F16: 230 | G16: 1 | H16: 1 | I16: 51 | J16: 34 | K16: 12 | L16: 0 | M16: =IFERROR(IF(VLOOKUP(AI16,Потребители_обозначение,4,FALSE)=1,VLOOKUP(AI16,Потребители_обозначение,3,FALSE)*(G16*2-1)+I16+VLOOKUP(AJ16,Этаж_обозначение,3,FALSE)+VLOOKUP(AJ16,Этаж_обозначение,4,FALSE),VLOOKUP(AI16,Потребители_обозначение,3,FALSE)*(G16*2-1)+I16),I16) -> 51 | N16: мс | O16: 3 | P16: 0.95 | Q16: 0.7 | R16: 4 | S16: 16 | U16: =_xlfn.IFS(H16=1,E16*1000/220,H16=3,E16/0.38/1.732) -> 10.909091 | V16: =IF(S16=0,VLOOKUP(U16,Автомат_номиналы,2,TRUE),S16) -> 16 | W16: =IF(R16=0,VLOOKUP(V16,Кабель_номиналы,2,TRUE),R16) -> 4 | X16: =VLOOKUP(W16,Кабель_сопротивление,3,FALSE) -> 0.0175 | Y16: =VLOOKUP(W16,Кабель_сопротивление,2,FALSE) -> 0.095 | Z16: {=_xlfn.IFS(H16=1,2,H16=3,1)} -> 2 | AA16: =ROUND(SIN(ACOS(P16)),2) -> 0.31 | AB16: =Z16*(X16*I16/W16+Y16*I16*AA16/1000)*U16 -> 4.9009516 | AC16: =ROUNDUP(AB16/220*100,2) -> 2.23 | AD16: =_xlfn.IFS(H16=3,380,H16=1,220) -> 220 | AE16: =VLOOKUP(N16,Кабель_обозначение,2,FALSE) -> ВВГнг(А)-LS | AF16: =IF(VLOOKUP(N16,Кабель_обозначение,3,FALSE)=1,AE16&" ("&O16&"х"&W16&")",AE16) -> ВВГнг(А)-LS (3х4) | AG16: =IFERROR(IF(AC16>4.5,1,2),0) -> 2 | AH16: =IFERROR(LEFT(AR16,SEARCH(".",AR16)-1),AR16) | AI16: =IFERROR(LEFT(A16,SEARCH(".",A16)-1),A16) -> ЩС-ВК | AJ16: =IFERROR(LEFT(AQ16,SEARCH(".",AQ16)-1),AQ16) -> 002 | AK16: =IF(C16=0,B16,C16) -> Щит насосов ЩС-ВК.002 Подвальный этаж этаж Пом. №00.002Тб | AL16: =ROUNDUP(U16,2) -> 10.91 | AM16: =E16 -> 2.4 | AN16: =D16 -> ЩС-ВК.002 | AP16: =IF(W16=0,AE16,AF16&" L="&M16&"-"&AC16&"%") -> ВВГнг(А)-LS (3х4) L=51-2,23% | AQ16: =RIGHT(A16,LEN(A16)-SEARCH(".",A16)) -> 002 | AR16: =IFERROR(RIGHT(AQ16,LEN(AQ16)-SEARCH(".",AQ16)),"") | AS16: =IFERROR(IF(VLOOKUP(AI16,Потребители_обозначение,5,FALSE)=2,_xlfn.IFS(H16=3,VLOOKUP(E16,Справочная_двигатели,3,FALSE),H16=1,VLOOKUP(E16,Справочная_двигатели,5,TRUE)),0),0) -> 0 | AT16: =IFERROR(IF(VLOOKUP(AI16,Потребители_обозначение,5,FALSE)=3,VLOOKUP(E16,Справочная_ЛЭД,2,TRUE),0),0) -> 0 | AU16: =IF(AS16=0,AT16,AS16) -> 0
A17: =D17 -> ЩС-ВК.003 | B17: =IFERROR(IF(VLOOKUP(AI17,Потребители_обозначение,4,FALSE)=1,VLOOKUP(AI17,Потребители_обозначение,2,FALSE)&" "&VLOOKUP(AJ17,Этаж_обозначение,2,FALSE)&" Пом. №"&AH17,VLOOKUP(AI17,Потребители_обозначение,2,FALSE)&" Шлейф №"&AJ17),VLOOKUP(D17,Потребители_обозначение,2,FALSE)) -> #N/A | C17: Щит насосов ЩС-ВК.003 Подвальный этаж этаж Пом. №00.006Т | D17: ЩС-ВК.003 | E17: 4.34 | F17: 230 | G17: 1 | H17: 1 | I17: 53 | J17: 48 | K17: 5 | L17: 0 | M17: =IFERROR(IF(VLOOKUP(AI17,Потребители_обозначение,4,FALSE)=1,VLOOKUP(AI17,Потребители_обозначение,3,FALSE)*(G17*2-1)+I17+VLOOKUP(AJ17,Этаж_обозначение,3,FALSE)+VLOOKUP(AJ17,Этаж_обозначение,4,FALSE),VLOOKUP(AI17,Потребители_обозначение,3,FALSE)*(G17*2-1)+I17),I17) -> 53 | N17: мс | O17: 3 | P17: 0.95 | Q17: 0.7 | R17: 4 | S17: 20 | U17: =_xlfn.IFS(H17=1,E17*1000/220,H17=3,E17/0.38/1.732) -> 19.727273 | V17: =IF(S17=0,VLOOKUP(U17,Автомат_номиналы,2,TRUE),S17) -> 20 | W17: =IF(R17=0,VLOOKUP(V17,Кабель_номиналы,2,TRUE),R17) -> 4 | X17: =VLOOKUP(W17,Кабель_сопротивление,3,FALSE) -> 0.0175 | Y17: =VLOOKUP(W17,Кабель_сопротивление,2,FALSE) -> 0.095 | Z17: {=_xlfn.IFS(H17=1,2,H17=3,1)} -> 2 | AA17: =ROUND(SIN(ACOS(P17)),2) -> 0.31 | AB17: =Z17*(X17*I17/W17+Y17*I17*AA17/1000)*U17 -> 9.2101054 | AC17: =ROUNDUP(AB17/220*100,2) -> 4.19 | AD17: =_xlfn.IFS(H17=3,380,H17=1,220) -> 220 | AE17: =VLOOKUP(N17,Кабель_обозначение,2,FALSE) -> ВВГнг(А)-LS | AF17: =IF(VLOOKUP(N17,Кабель_обозначение,3,FALSE)=1,AE17&" ("&O17&"х"&W17&")",AE17) -> ВВГнг(А)-LS (3х4) | AG17: =IFERROR(IF(AC17>4.5,1,2),0) -> 2 | AH17: =IFERROR(LEFT(AR17,SEARCH(".",AR17)-1),AR17) | AI17: =IFERROR(LEFT(A17,SEARCH(".",A17)-1),A17) -> ЩС-ВК | AJ17: =IFERROR(LEFT(AQ17,SEARCH(".",AQ17)-1),AQ17) -> 003 | AK17: =IF(C17=0,B17,C17) -> Щит насосов ЩС-ВК.003 Подвальный этаж этаж Пом. №00.006Т | AL17: =ROUNDUP(U17,2) -> 19.73 | AM17: =E17 -> 4.34 | AN17: =D17 -> ЩС-ВК.003 | AP17: =IF(W17=0,AE17,AF17&" L="&M17&"-"&AC17&"%") -> ВВГнг(А)-LS (3х4) L=53-4,19% | AQ17: =RIGHT(A17,LEN(A17)-SEARCH(".",A17)) -> 003 | AR17: =IFERROR(RIGHT(AQ17,LEN(AQ17)-SEARCH(".",AQ17)),"") | AS17: =IFERROR(IF(VLOOKUP(AI17,Потребители_обозначение,5,FALSE)=2,_xlfn.IFS(H17=3,VLOOKUP(E17,Справочная_двигатели,3,FALSE),H17=1,VLOOKUP(E17,Справочная_двигатели,5,TRUE)),0),0) -> 0 | AT17: =IFERROR(IF(VLOOKUP(AI17,Потребители_обозначение,5,FALSE)=3,VLOOKUP(E17,Справочная_ЛЭД,2,TRUE),0),0) -> 0 | AU17: =IF(AS17=0,AT17,AS17) -> 0
A18: =D18 -> ЩУОВ | B18: =IFERROR(IF(VLOOKUP(AI18,Потребители_обозначение,4,FALSE)=1,VLOOKUP(AI18,Потребители_обозначение,2,FALSE)&" "&VLOOKUP(AJ18,Этаж_обозначение,2,FALSE)&" Пом. №"&AH18,VLOOKUP(AI18,Потребители_обозначение,2,FALSE)&" Шлейф №"&AJ18),VLOOKUP(D18,Потребители_обозначение,2,FALSE)) -> #N/A | C18: Щит управления обогрева воронок ЩУОВ Тех. этаж этаж Пом. №3.001 | D18: ЩУОВ | E18: 16.44 | F18: 400 | G18: 1 | H18: 3 | I18: 52 | J18: 39 | K18: =M18-5-J18 -> 8 | L18: 0 | M18: =IFERROR(IF(VLOOKUP(AI18,Потребители_обозначение,4,FALSE)=1,VLOOKUP(AI18,Потребители_обозначение,3,FALSE)*(G18*2-1)+I18+VLOOKUP(AJ18,Этаж_обозначение,3,FALSE)+VLOOKUP(AJ18,Этаж_обозначение,4,FALSE),VLOOKUP(AI18,Потребители_обозначение,3,FALSE)*(G18*2-1)+I18),I18) -> 52 | N18: мс | O18: 5 | P18: 0.95 | Q18: 0.7 | R18: 6 | S18: 32 | U18: =_xlfn.IFS(H18=1,E18*1000/220,H18=3,E18/0.38/1.732) -> 24.978729 | V18: =IF(S18=0,VLOOKUP(U18,Автомат_номиналы,2,TRUE),S18) -> 32 | W18: =IF(R18=0,VLOOKUP(V18,Кабель_номиналы,2,TRUE),R18) -> 6 | X18: =VLOOKUP(W18,Кабель_сопротивление,3,FALSE) -> 0.0175 | Y18: =VLOOKUP(W18,Кабель_сопротивление,2,FALSE) -> 0.09 | Z18: {=_xlfn.IFS(H18=1,2,H18=3,1)} -> 1 | AA18: =ROUND(SIN(ACOS(P18)),2) -> 0.31 | AB18: =Z18*(X18*I18/W18+Y18*I18*AA18/1000)*U18 -> 3.8246796 | AC18: =ROUNDUP(AB18/220*100,2) -> 1.74 | AD18: =_xlfn.IFS(H18=3,380,H18=1,220) -> 380 | AE18: =VLOOKUP(N18,Кабель_обозначение,2,FALSE) -> ВВГнг(А)-LS | AF18: =IF(VLOOKUP(N18,Кабель_обозначение,3,FALSE)=1,AE18&" ("&O18&"х"&W18&")",AE18) -> ВВГнг(А)-LS (5х6) | AG18: =IFERROR(IF(AC18>4.5,1,2),0) -> 2 | AH18: =IFERROR(LEFT(AR18,SEARCH(".",AR18)-1),AR18) | AI18: =IFERROR(LEFT(A18,SEARCH(".",A18)-1),A18) -> ЩУОВ | AJ18: =IFERROR(LEFT(AQ18,SEARCH(".",AQ18)-1),AQ18) -> #VALUE! | AK18: =IF(C18=0,B18,C18) -> Щит управления обогрева воронок ЩУОВ Тех. этаж этаж Пом. №3.001 | AL18: =ROUNDUP(U18,2) -> 24.98 | AM18: =E18 -> 16.44 | AN18: =D18 -> ЩУОВ | AP18: =IF(W18=0,AE18,AF18&" L="&M18&"-"&AC18&"%") -> ВВГнг(А)-LS (5х6) L=52-1,74% | AQ18: =RIGHT(A18,LEN(A18)-SEARCH(".",A18)) -> #VALUE! | AR18: =IFERROR(RIGHT(AQ18,LEN(AQ18)-SEARCH(".",AQ18)),"") | AS18: =IFERROR(IF(VLOOKUP(AI18,Потребители_обозначение,5,FALSE)=2,_xlfn.IFS(H18=3,VLOOKUP(E18,Справочная_двигатели,3,FALSE),H18=1,VLOOKUP(E18,Справочная_двигатели,5,TRUE)),0),0) -> 0 | AT18: =IFERROR(IF(VLOOKUP(AI18,Потребители_обозначение,5,FALSE)=3,VLOOKUP(E18,Справочная_ЛЭД,2,TRUE),0),0) -> 0 | AU18: =IF(AS18=0,AT18,AS18) -> 0
A19: =D19 -> ЩР-ПК | B19: =IFERROR(IF(VLOOKUP(AI19,Потребители_обозначение,4,FALSE)=1,VLOOKUP(AI19,Потребители_обозначение,2,FALSE)&" "&VLOOKUP(AJ19,Этаж_обозначение,2,FALSE)&" Пом. №"&AH19,VLOOKUP(AI19,Потребители_обозначение,2,FALSE)&" Шлейф №"&AJ19),VLOOKUP(D19,Потребители_обозначение,2,FALSE)) -> #N/A | C19: Щит профкухни ЩС-ПК Цокольный этаж этаж Пом. №0.0014Б | D19: ЩР-ПК | E19: 103.95 | F19: 400 | G19: 1 | H19: 3 | I19: 53 | J19: 38 | K19: 10 | L19: 0 | M19: =IFERROR(IF(VLOOKUP(AI19,Потребители_обозначение,4,FALSE)=1,VLOOKUP(AI19,Потребители_обозначение,3,FALSE)*(G19*2-1)+I19+VLOOKUP(AJ19,Этаж_обозначение,3,FALSE)+VLOOKUP(AJ19,Этаж_обозначение,4,FALSE),VLOOKUP(AI19,Потребители_обозначение,3,FALSE)*(G19*2-1)+I19),I19) -> 53 | N19: 5мс2 | O19: 1 | P19: 0.95 | Q19: 0.7 | R19: 95 | S19: 200 | U19: =_xlfn.IFS(H19=1,E19*1000/220,H19=3,E19/0.38/1.732) -> 157.94032 | V19: =IF(S19=0,VLOOKUP(U19,Автомат_номиналы,2,TRUE),S19) -> 200 | W19: =IF(R19=0,VLOOKUP(V19,Кабель_номиналы,2,TRUE),R19) -> 95 | X19: =VLOOKUP(W19,Кабель_сопротивление,3,FALSE) -> 0.0175 | Y19: =VLOOKUP(W19,Кабель_сопротивление,2,FALSE) -> 0.0602 | Z19: {=_xlfn.IFS(H19=1,2,H19=3,1)} -> 1 | AA19: =ROUND(SIN(ACOS(P19)),2) -> 0.31 | AB19: =Z19*(X19*I19/W19+Y19*I19*AA19/1000)*U19 -> 1.6982128 | AC19: =ROUNDUP(AB19/220*100,2) -> 0.78 | AD19: =_xlfn.IFS(H19=3,380,H19=1,220) -> 380 | AE19: =VLOOKUP(N19,Кабель_обозначение,2,FALSE) -> 5хВВГнг(А)-LS | AF19: =IF(VLOOKUP(N19,Кабель_обозначение,3,FALSE)=1,AE19&" ("&O19&"х"&W19&")",AE19) -> 5хВВГнг(А)-LS (1х95) | AG19: =IFERROR(IF(AC19>4.5,1,2),0) -> 2 | AH19: =IFERROR(LEFT(AR19,SEARCH(".",AR19)-1),AR19) | AI19: =IFERROR(LEFT(A19,SEARCH(".",A19)-1),A19) -> ЩР-ПК | AJ19: =IFERROR(LEFT(AQ19,SEARCH(".",AQ19)-1),AQ19) -> #VALUE! | AK19: =IF(C19=0,B19,C19) -> Щит профкухни ЩС-ПК Цокольный этаж этаж Пом. №0.0014Б | AL19: =ROUNDUP(U19,2) -> 157.95 | AM19: =E19 -> 103.95 | AN19: =D19 -> ЩР-ПК | AP19: =IF(W19=0,AE19,AF19&" L="&M19&"-"&AC19&"%") -> 5хВВГнг(А)-LS (1х95) L=53-0,78% | AQ19: =RIGHT(A19,LEN(A19)-SEARCH(".",A19)) -> #VALUE! | AR19: =IFERROR(RIGHT(AQ19,LEN(AQ19)-SEARCH(".",AQ19)),"") | AS19: =IFERROR(IF(VLOOKUP(AI19,Потребители_обозначение,5,FALSE)=2,_xlfn.IFS(H19=3,VLOOKUP(E19,Справочная_двигатели,3,FALSE),H19=1,VLOOKUP(E19,Справочная_двигатели,5,TRUE)),0),0) -> 0 | AT19: =IFERROR(IF(VLOOKUP(AI19,Потребители_обозначение,5,FALSE)=3,VLOOKUP(E19,Справочная_ЛЭД,2,TRUE),0),0) -> 0 | AU19: =IF(AS19=0,AT19,AS19) -> 0
A20: =D20 -> 0 | B20: =IFERROR(IF(VLOOKUP(AI20,Потребители_обозначение,4,FALSE)=1,VLOOKUP(AI20,Потребители_обозначение,2,FALSE)&" "&VLOOKUP(AJ20,Этаж_обозначение,2,FALSE)&" Пом. №"&AH20,VLOOKUP(AI20,Потребители_обозначение,2,FALSE)&" Шлейф №"&AJ20),VLOOKUP(D20,Потребители_обозначение,2,FALSE)) -> #N/A | M20: =IFERROR(IF(VLOOKUP(AI20,Потребители_обозначение,4,FALSE)=1,VLOOKUP(AI20,Потребители_обозначение,3,FALSE)*(G20*2-1)+I20+VLOOKUP(AJ20,Этаж_обозначение,3,FALSE)+VLOOKUP(AJ20,Этаж_обозначение,4,FALSE),VLOOKUP(AI20,Потребители_обозначение,3,FALSE)*(G20*2-1)+I20),I20) -> 0 | P20: =IF(VLOOKUP(AI20,Потребители_обозначение,5,FALSE)=2,_xlfn.IFS(H20=3,VLOOKUP(E20,Справочная_двигатели,8,FALSE),H20=1,VLOOKUP(E20,Справочная_двигатели,10,TRUE)),0.95) -> #N/A | Q20: 0.7 | U20: =_xlfn.IFS(H20=1,E20*1000/220,H20=3,E20/0.38/1.732) -> #N/A | V20: =IF(S20=0,VLOOKUP(U20,Автомат_номиналы,2,TRUE),S20) -> #N/A | W20: =IF(VLOOKUP(N20,Кабель_обозначение,3,FALSE)=1,IF(R20=0,VLOOKUP(V20,Кабель_номиналы,2,TRUE),R20),0) -> #N/A | X20: =VLOOKUP(W20,Кабель_сопротивление,3,FALSE) -> #N/A | Y20: =VLOOKUP(W20,Кабель_сопротивление,2,FALSE) -> #N/A | Z20: {=_xlfn.IFS(H20=1,2,H20=3,1)} -> #N/A | AA20: =ROUND(SIN(ACOS(P20)),2) -> #N/A | AB20: =Z20*(X20*I20/W20+Y20*I20*AA20/1000)*U20 -> #N/A | AC20: =ROUNDUP(AB20/220*100,2) -> #N/A | AD20: =_xlfn.IFS(H20=3,380,H20=1,220) -> #N/A | AE20: =VLOOKUP(N20,Кабель_обозначение,2,FALSE) -> #N/A | AF20: =IF(VLOOKUP(N20,Кабель_обозначение,3,FALSE)=1,AE20&" ("&O20&"х"&W20&")",AE20) -> #N/A | AG20: =IFERROR(IF(AC20>4.5,1,2),0) -> 0 | AH20: =IFERROR(LEFT(AR20,SEARCH(".",AR20)-1),AR20) | AI20: =IFERROR(LEFT(A20,SEARCH(".",A20)-1),A20) -> 0 | AJ20: =IFERROR(LEFT(AQ20,SEARCH(".",AQ20)-1),AQ20) -> #VALUE! | AK20: =IF(C20=0,B20,C20) -> #N/A | AL20: =ROUNDUP(U20,2) -> #N/A | AM20: =E20 -> 0 | AN20: =D20 -> 0 | AP20: =IF(W20=0,AE20,AF20&" L="&M20&"-"&AC20&"%") -> #N/A | AQ20: =RIGHT(A20,LEN(A20)-SEARCH(".",A20)) -> #VALUE! | AR20: =IFERROR(RIGHT(AQ20,LEN(AQ20)-SEARCH(".",AQ20)),"") | AS20: =IFERROR(IF(VLOOKUP(AI20,Потребители_обозначение,5,FALSE)=2,_xlfn.IFS(H20=3,VLOOKUP(E20,Справочная_двигатели,3,FALSE),H20=1,VLOOKUP(E20,Справочная_двигатели,5,TRUE)),0),0) -> 0 | AT20: =IFERROR(IF(VLOOKUP(AI20,Потребители_обозначение,5,FALSE)=3,VLOOKUP(E20,Справочная_ЛЭД,2,TRUE),0),0) -> 0 | AU20: =IF(AS20=0,AT20,AS20) -> 0
A21: =D21 -> ЩО-2 | B21: =IFERROR(IF(VLOOKUP(AI21,Потребители_обозначение,4,FALSE)=1,VLOOKUP(AI21,Потребители_обозначение,2,FALSE)&" "&VLOOKUP(AJ21,Этаж_обозначение,2,FALSE)&" Пом. №"&AH21,VLOOKUP(AI21,Потребители_обозначение,2,FALSE)&" Шлейф №"&AJ21),VLOOKUP(D21,Потребители_обозначение,2,FALSE)) -> #N/A | C21: Щит освещения ЩО-2 Тех. этаж этаж Пом. №3.001 | D21: ЩО-2 | F21: 400 | G21: 1 | H21: 3 | I21: 52 | J21: 39 | K21: =M21-5-J21 -> 8 | L21: 0 | M21: =IFERROR(IF(VLOOKUP(AI21,Потребители_обозначение,4,FALSE)=1,VLOOKUP(AI21,Потребители_обозначение,3,FALSE)*(G21*2-1)+I21+VLOOKUP(AJ21,Этаж_обозначение,3,FALSE)+VLOOKUP(AJ21,Этаж_обозначение,4,FALSE),VLOOKUP(AI21,Потребители_обозначение,3,FALSE)*(G21*2-1)+I21),I21) -> 52 | P21: 0.95 | Q21: 0.7 | U21: =_xlfn.IFS(H21=1,E21*1000/220,H21=3,E21/0.38/1.732) -> 0 | V21: =IF(S21=0,VLOOKUP(U21,Автомат_номиналы,2,TRUE),S21) -> 6 | W21: =IF(VLOOKUP(N21,Кабель_обозначение,3,FALSE)=1,IF(R21=0,VLOOKUP(V21,Кабель_номиналы,2,TRUE),R21),0) -> #N/A | X21: =VLOOKUP(W21,Кабель_сопротивление,3,FALSE) -> #N/A | Y21: =VLOOKUP(W21,Кабель_сопротивление,2,FALSE) -> #N/A | Z21: {=_xlfn.IFS(H21=1,2,H21=3,1)} -> 1 | AA21: =ROUND(SIN(ACOS(P21)),2) -> 0.31 | AB21: =Z21*(X21*I21/W21+Y21*I21*AA21/1000)*U21 -> #N/A | AC21: =ROUNDUP(AB21/220*100,2) -> #N/A | AD21: =_xlfn.IFS(H21=3,380,H21=1,220) -> 380 | AE21: =VLOOKUP(N21,Кабель_обозначение,2,FALSE) -> #N/A | AF21: =IF(VLOOKUP(N21,Кабель_обозначение,3,FALSE)=1,AE21&" ("&O21&"х"&W21&")",AE21) -> #N/A | AG21: =IFERROR(IF(AC21>4.5,1,2),0) -> 0 | AH21: =IFERROR(LEFT(AR21,SEARCH(".",AR21)-1),AR21) | AI21: =IFERROR(LEFT(A21,SEARCH(".",A21)-1),A21) -> ЩО-2 | AJ21: =IFERROR(LEFT(AQ21,SEARCH(".",AQ21)-1),AQ21) -> #VALUE! | AK21: =IF(C21=0,B21,C21) -> Щит освещения ЩО-2 Тех. этаж этаж Пом. №3.001 | AL21: =ROUNDUP(U21,2) -> 0 | AM21: =E21 -> 0 | AN21: =D21 -> ЩО-2 | AP21: =IF(W21=0,AE21,AF21&" L="&M21&"-"&AC21&"%") -> #N/A | AQ21: =RIGHT(A21,LEN(A21)-SEARCH(".",A21)) -> #VALUE! | AR21: =IFERROR(RIGHT(AQ21,LEN(AQ21)-SEARCH(".",AQ21)),"") | AS21: =IFERROR(IF(VLOOKUP(AI21,Потребители_обозначение,5,FALSE)=2,_xlfn.IFS(H21=3,VLOOKUP(E21,Справочная_двигатели,3,FALSE),H21=1,VLOOKUP(E21,Справочная_двигатели,5,TRUE)),0),0) -> 0 | AT21: =IFERROR(IF(VLOOKUP(AI21,Потребители_обозначение,5,FALSE)=3,VLOOKUP(E21,Справочная_ЛЭД,2,TRUE),0),0) -> 0 | AU21: =IF(AS21=0,AT21,AS21) -> 0
A22: =D22 -> 0 | B22: =IFERROR(IF(VLOOKUP(AI22,Потребители_обозначение,4,FALSE)=1,VLOOKUP(AI22,Потребители_обозначение,2,FALSE)&" "&VLOOKUP(AJ22,Этаж_обозначение,2,FALSE)&" Пом. №"&AH22,VLOOKUP(AI22,Потребители_обозначение,2,FALSE)&" Шлейф №"&AJ22),VLOOKUP(D22,Потребители_обозначение,2,FALSE)) -> #N/A | M22: =IFERROR(IF(VLOOKUP(AI22,Потребители_обозначение,4,FALSE)=1,VLOOKUP(AI22,Потребители_обозначение,3,FALSE)*(G22*2-1)+I22+VLOOKUP(AJ22,Этаж_обозначение,3,FALSE)+VLOOKUP(AJ22,Этаж_обозначение,4,FALSE),VLOOKUP(AI22,Потребители_обозначение,3,FALSE)*(G22*2-1)+I22),I22) -> 0 | U22: =_xlfn.IFS(H22=1,E22*1000/220,H22=3,E22/0.38/1.732) -> #N/A | V22: =IF(S22=0,VLOOKUP(U22,Автомат_номиналы,2,TRUE),S22) -> #N/A | W22: =IF(R22=0,VLOOKUP(V22,Кабель_номиналы,2,TRUE),R22) -> #N/A | X22: =VLOOKUP(W22,Кабель_сопротивление,3,FALSE) -> #N/A | Y22: =VLOOKUP(W22,Кабель_сопротивление,2,FALSE) -> #N/A | Z22: {=_xlfn.IFS(H22=1,2,H22=3,1)} -> #N/A | AA22: =ROUND(SIN(ACOS(P22)),2) -> 1 | AB22: =Z22*(X22*I22/W22+Y22*I22*AA22/1000)*U22 -> #N/A | AC22: =ROUNDUP(AB22/220*100,2) -> #N/A | AD22: =_xlfn.IFS(H22=3,380,H22=1,220) -> #N/A | AE22: =VLOOKUP(N22,Кабель_обозначение,2,FALSE) -> #N/A | AF22: =IF(VLOOKUP(N22,Кабель_обозначение,3,FALSE)=1,AE22&" ("&O22&"х"&W22&")",AE22) -> #N/A | AG22: =IFERROR(IF(AC22>4.5,1,2),0) -> 0 | AH22: =IFERROR(LEFT(AR22,SEARCH(".",AR22)-1),AR22) | AI22: =IFERROR(LEFT(A22,SEARCH(".",A22)-1),A22) -> 0 | AJ22: =IFERROR(LEFT(AQ22,SEARCH(".",AQ22)-1),AQ22) -> #VALUE! | AK22: =IF(C22=0,B22,C22) -> #N/A | AL22: =ROUNDUP(U22,2) -> #N/A | AM22: =E22 -> 0 | AN22: =D22 -> 0 | AP22: =IF(W22=0,AE22,AF22&" L="&M22&"-"&AC22&"%") -> #N/A | AQ22: =RIGHT(A22,LEN(A22)-SEARCH(".",A22)) -> #VALUE! | AR22: =IFERROR(RIGHT(AQ22,LEN(AQ22)-SEARCH(".",AQ22)),"") | AS22: =IFERROR(IF(VLOOKUP(AI22,Потребители_обозначение,5,FALSE)=2,_xlfn.IFS(H22=3,VLOOKUP(E22,Справочная_двигатели,3,FALSE),H22=1,VLOOKUP(E22,Справочная_двигатели,5,TRUE)),0),0) -> 0 | AT22: =IFERROR(IF(VLOOKUP(AI22,Потребители_обозначение,5,FALSE)=3,VLOOKUP(E22,Справочная_ЛЭД,2,TRUE),0),0) -> 0 | AU22: =IF(AS22=0,AT22,AS22) -> 0
A23: =D23 -> 0 | B23: =IFERROR(IF(VLOOKUP(AI23,Потребители_обозначение,4,FALSE)=1,VLOOKUP(AI23,Потребители_обозначение,2,FALSE)&" "&VLOOKUP(AJ23,Этаж_обозначение,2,FALSE)&" Пом. №"&AH23,VLOOKUP(AI23,Потребители_обозначение,2,FALSE)&" Шлейф №"&AJ23),VLOOKUP(D23,Потребители_обозначение,2,FALSE)) -> #N/A | M23: =IFERROR(IF(VLOOKUP(AI23,Потребители_обозначение,4,FALSE)=1,VLOOKUP(AI23,Потребители_обозначение,3,FALSE)*(G23*2-1)+I23+VLOOKUP(AJ23,Этаж_обозначение,3,FALSE)+VLOOKUP(AJ23,Этаж_обозначение,4,FALSE),VLOOKUP(AI23,Потребители_обозначение,3,FALSE)*(G23*2-1)+I23),I23) -> 0 | U23: =_xlfn.IFS(H23=1,E23*1000/220,H23=3,E23/0.38/1.732) -> #N/A | V23: =IF(S23=0,VLOOKUP(U23,Автомат_номиналы,2,TRUE),S23) -> #N/A | W23: =IF(R23=0,VLOOKUP(V23,Кабель_номиналы,2,TRUE),R23) -> #N/A | X23: =VLOOKUP(W23,Кабель_сопротивление,3,FALSE) -> #N/A | Y23: =VLOOKUP(W23,Кабель_сопротивление,2,FALSE) -> #N/A | Z23: {=_xlfn.IFS(H23=1,2,H23=3,1)} -> #N/A | AA23: =ROUND(SIN(ACOS(P23)),2) -> 1 | AB23: =Z23*(X23*I23/W23+Y23*I23*AA23/1000)*U23 -> #N/A | AC23: =ROUNDUP(AB23/220*100,2) -> #N/A | AD23: =_xlfn.IFS(H23=3,380,H23=1,220) -> #N/A | AE23: =VLOOKUP(N23,Кабель_обозначение,2,FALSE) -> #N/A | AF23: =IF(VLOOKUP(N23,Кабель_обозначение,3,FALSE)=1,AE23&" ("&O23&"х"&W23&")",AE23) -> #N/A | AG23: =IFERROR(IF(AC23>4.5,1,2),0) -> 0 | AH23: =IFERROR(LEFT(AR23,SEARCH(".",AR23)-1),AR23) | AI23: =IFERROR(LEFT(A23,SEARCH(".",A23)-1),A23) -> 0 | AJ23: =IFERROR(LEFT(AQ23,SEARCH(".",AQ23)-1),AQ23) -> #VALUE! | AK23: =IF(C23=0,B23,C23) -> #N/A | AL23: =ROUNDUP(U23,2) -> #N/A | AM23: =E23 -> 0 | AN23: =D23 -> 0 | AP23: =IF(W23=0,AE23,AF23&" L="&M23&"-"&AC23&"%") -> #N/A | AQ23: =RIGHT(A23,LEN(A23)-SEARCH(".",A23)) -> #VALUE! | AR23: =IFERROR(RIGHT(AQ23,LEN(AQ23)-SEARCH(".",AQ23)),"") | AS23: =IFERROR(IF(VLOOKUP(AI23,Потребители_обозначение,5,FALSE)=2,_xlfn.IFS(H23=3,VLOOKUP(E23,Справочная_двигатели,3,FALSE),H23=1,VLOOKUP(E23,Справочная_двигатели,5,TRUE)),0),0) -> 0 | AT23: =IFERROR(IF(VLOOKUP(AI23,Потребители_обозначение,5,FALSE)=3,VLOOKUP(E23,Справочная_ЛЭД,2,TRUE),0),0) -> 0 | AU23: =IF(AS23=0,AT23,AS23) -> 0
A24: =D24 -> РЩ-1 | B24: =IFERROR(IF(VLOOKUP(AI24,Потребители_обозначение,4,FALSE)=1,VLOOKUP(AI24,Потребители_обозначение,2,FALSE)&" "&VLOOKUP(AJ24,Этаж_обозначение,2,FALSE)&" Пом. №"&AH24,VLOOKUP(AI24,Потребители_обозначение,2,FALSE)&" Шлейф №"&AJ24),VLOOKUP(D24,Потребители_обозначение,2,FALSE)) -> #N/A | C24: Щит Хаммам РЩ-1 Подвальный этаж этаж Пом. №00.001Тб | D24: РЩ-1 | E24: 38 | F24: 400 | G24: 1 | H24: 3 | I24: =19+8+7+17+8 -> 59 | J24: =19+7+7 -> 33 | K24: =M24-5-J24 -> 21 | M24: =IFERROR(IF(VLOOKUP(AI24,Потребители_обозначение,4,FALSE)=1,VLOOKUP(AI24,Потребители_обозначение,3,FALSE)*(G24*2-1)+I24+VLOOKUP(AJ24,Этаж_обозначение,3,FALSE)+VLOOKUP(AJ24,Этаж_обозначение,4,FALSE),VLOOKUP(AI24,Потребители_обозначение,3,FALSE)*(G24*2-1)+I24),I24) -> 59 | N24: мс | O24: 5 | P24: 0.95 | Q24: 0.4 | R24: 16 | S24: 63 | U24: =_xlfn.IFS(H24=1,E24*1000/220,H24=3,E24/0.38/1.732) -> 57.736721 | V24: =IF(S24=0,VLOOKUP(U24,Автомат_номиналы,2,TRUE),S24) -> 63 | W24: =IF(R24=0,VLOOKUP(V24,Кабель_номиналы,2,TRUE),R24) -> 16 | X24: =VLOOKUP(W24,Кабель_сопротивление,3,FALSE) -> 0.0175 | Y24: =VLOOKUP(W24,Кабель_сопротивление,2,FALSE) -> 0.0675 | Z24: {=_xlfn.IFS(H24=1,2,H24=3,1)} -> 1 | AA24: =ROUND(SIN(ACOS(P24)),2) -> 0.31 | AB24: =Z24*(X24*I24/W24+Y24*I24*AA24/1000)*U24 -> 3.7971031 | AC24: =ROUNDUP(AB24/220*100,2) -> 1.73 | AD24: =_xlfn.IFS(H24=3,380,H24=1,220) -> 380 | AE24: =VLOOKUP(N24,Кабель_обозначение,2,FALSE) -> ВВГнг(А)-LS | AF24: =IF(VLOOKUP(N24,Кабель_обозначение,3,FALSE)=1,AE24&" ("&O24&"х"&W24&")",AE24) -> ВВГнг(А)-LS (5х16) | AG24: =IFERROR(IF(AC24>4.5,1,2),0) -> 2 | AH24: =IFERROR(LEFT(AR24,SEARCH(".",AR24)-1),AR24) | AI24: =IFERROR(LEFT(A24,SEARCH(".",A24)-1),A24) -> РЩ-1 | AJ24: =IFERROR(LEFT(AQ24,SEARCH(".",AQ24)-1),AQ24) -> #VALUE! | AK24: =IF(C24=0,B24,C24) -> Щит Хаммам РЩ-1 Подвальный этаж этаж Пом. №00.001Тб | AL24: =ROUNDUP(U24,2) -> 57.74 | AM24: =E24 -> 38 | AN24: =D24 -> РЩ-1 | AP24: =IF(W24=0,AE24,AF24&" L="&M24&"-"&AC24&"%") -> ВВГнг(А)-LS (5х16) L=59-1,73% | AQ24: =RIGHT(A24,LEN(A24)-SEARCH(".",A24)) -> #VALUE! | AR24: =IFERROR(RIGHT(AQ24,LEN(AQ24)-SEARCH(".",AQ24)),"") | AS24: =IFERROR(IF(VLOOKUP(AI24,Потребители_обозначение,5,FALSE)=2,_xlfn.IFS(H24=3,VLOOKUP(E24,Справочная_двигатели,3,FALSE),H24=1,VLOOKUP(E24,Справочная_двигатели,5,TRUE)),0),0) -> 0 | AT24: =IFERROR(IF(VLOOKUP(AI24,Потребители_обозначение,5,FALSE)=3,VLOOKUP(E24,Справочная_ЛЭД,2,TRUE),0),0) -> 0 | AU24: =IF(AS24=0,AT24,AS24) -> 0
A25: =D25 -> Э.4 | B25: =IFERROR(IF(VLOOKUP(AI25,Потребители_обозначение,4,FALSE)=1,VLOOKUP(AI25,Потребители_обозначение,2,FALSE)&" "&VLOOKUP(AJ25,Этаж_обозначение,2,FALSE)&" Пом. №"&AH25,VLOOKUP(AI25,Потребители_обозначение,2,FALSE)&" Шлейф №"&AJ25),VLOOKUP(D25,Потребители_обозначение,2,FALSE)) -> #N/A | C25: Флоатинг. Цокольный этаж этаж Пом. №023A | D25: Э.4 | E25: 5 | F25: 230 | G25: 1 | H25: 1 | I25: =49+8+3 -> 60 | J25: 43 | K25: =M25-J25-8 -> 9 | M25: =IFERROR(IF(VLOOKUP(AI25,Потребители_обозначение,4,FALSE)=1,VLOOKUP(AI25,Потребители_обозначение,3,FALSE)*(G25*2-1)+I25+VLOOKUP(AJ25,Этаж_обозначение,3,FALSE)+VLOOKUP(AJ25,Этаж_обозначение,4,FALSE),VLOOKUP(AI25,Потребители_обозначение,3,FALSE)*(G25*2-1)+I25),I25) -> 60 | N25: мс | O25: 3 | P25: 0.95 | Q25: 0.4 | R25: 6 | S25: 25 | U25: =_xlfn.IFS(H25=1,E25*1000/220,H25=3,E25/0.38/1.732) -> 22.727273 | V25: =IF(S25=0,VLOOKUP(U25,Автомат_номиналы,2,TRUE),S25) -> 25 | W25: =IF(R25=0,VLOOKUP(V25,Кабель_номиналы,2,TRUE),R25) -> 6 | X25: =VLOOKUP(W25,Кабель_сопротивление,3,FALSE) -> 0.0175 | Y25: =VLOOKUP(W25,Кабель_сопротивление,2,FALSE) -> 0.09 | Z25: {=_xlfn.IFS(H25=1,2,H25=3,1)} -> 2 | AA25: =ROUND(SIN(ACOS(P25)),2) -> 0.31 | AB25: =Z25*(X25*I25/W25+Y25*I25*AA25/1000)*U25 -> 8.0306364 | AC25: =ROUNDUP(AB25/220*100,2) -> 3.66 | AD25: =_xlfn.IFS(H25=3,380,H25=1,220) -> 220 | AE25: =VLOOKUP(N25,Кабель_обозначение,2,FALSE) -> ВВГнг(А)-LS | AF25: =IF(VLOOKUP(N25,Кабель_обозначение,3,FALSE)=1,AE25&" ("&O25&"х"&W25&")",AE25) -> ВВГнг(А)-LS (3х6) | AG25: =IFERROR(IF(AC25>4.5,1,2),0) -> 2 | AH25: =IFERROR(LEFT(AR25,SEARCH(".",AR25)-1),AR25) | AI25: =IFERROR(LEFT(A25,SEARCH(".",A25)-1),A25) -> Э | AJ25: =IFERROR(LEFT(AQ25,SEARCH(".",AQ25)-1),AQ25) -> 4 | AK25: =IF(C25=0,B25,C25) -> Флоатинг. Цокольный этаж этаж Пом. №023A | AL25: =ROUNDUP(U25,2) -> 22.73 | AM25: =E25 -> 5 | AN25: =D25 -> Э.4 | AP25: =IF(W25=0,AE25,AF25&" L="&M25&"-"&AC25&"%") -> ВВГнг(А)-LS (3х6) L=60-3,66% | AQ25: =RIGHT(A25,LEN(A25)-SEARCH(".",A25)) -> 4 | AR25: =IFERROR(RIGHT(AQ25,LEN(AQ25)-SEARCH(".",AQ25)),"") | AS25: =IFERROR(IF(VLOOKUP(AI25,Потребители_обозначение,5,FALSE)=2,_xlfn.IFS(H25=3,VLOOKUP(E25,Справочная_двигатели,3,FALSE),H25=1,VLOOKUP(E25,Справочная_двигатели,5,TRUE)),0),0) -> 0 | AT25: =IFERROR(IF(VLOOKUP(AI25,Потребители_обозначение,5,FALSE)=3,VLOOKUP(E25,Справочная_ЛЭД,2,TRUE),0),0) -> 0 | AU25: =IF(AS25=0,AT25,AS25) -> 0
A26: =D26 -> SEC1-21 | B26: =IFERROR(IF(VLOOKUP(AI26,Потребители_обозначение,4,FALSE)=1,VLOOKUP(AI26,Потребители_обозначение,2,FALSE)&" "&VLOOKUP(AJ26,Этаж_обозначение,2,FALSE)&" Пом. №"&AH26,VLOOKUP(AI26,Потребители_обозначение,2,FALSE)&" Шлейф №"&AJ26),VLOOKUP(D26,Потребители_обозначение,2,FALSE)) -> #N/A | C26: Щит охранной сигнализации Подвальный этаж этаж Пом. №007Т | D26: SEC1-21 | E26: 0.3 | F26: 230 | G26: 1 | H26: 1 | I26: =15+4+9+16 -> 44 | J26: =8+4+9 -> 21 | K26: =M26-J26-8 -> 15 | M26: =IFERROR(IF(VLOOKUP(AI26,Потребители_обозначение,4,FALSE)=1,VLOOKUP(AI26,Потребители_обозначение,3,FALSE)*(G26*2-1)+I26+VLOOKUP(AJ26,Этаж_обозначение,3,FALSE)+VLOOKUP(AJ26,Этаж_обозначение,4,FALSE),VLOOKUP(AI26,Потребители_обозначение,3,FALSE)*(G26*2-1)+I26),I26) -> 44 | N26: мс | O26: 3 | P26: 0.95 | Q26: 0.4 | R26: 2.5 | S26: 6 | U26: =_xlfn.IFS(H26=1,E26*1000/220,H26=3,E26/0.38/1.732) -> 1.3636364 | V26: =IF(S26=0,VLOOKUP(U26,Автомат_номиналы,2,TRUE),S26) -> 6 | W26: =IF(R26=0,VLOOKUP(V26,Кабель_номиналы,2,TRUE),R26) -> 2.5 | X26: =VLOOKUP(W26,Кабель_сопротивление,3,FALSE) -> 0.0175 | Y26: =VLOOKUP(W26,Кабель_сопротивление,2,FALSE) -> 0.1 | Z26: {=_xlfn.IFS(H26=1,2,H26=3,1)} -> 2 | AA26: =ROUND(SIN(ACOS(P26)),2) -> 0.31 | AB26: =Z26*(X26*I26/W26+Y26*I26*AA26/1000)*U26 -> 0.84372 | AC26: =ROUNDUP(AB26/220*100,2) -> 0.39 | AD26: =_xlfn.IFS(H26=3,380,H26=1,220) -> 220 | AE26: =VLOOKUP(N26,Кабель_обозначение,2,FALSE) -> ВВГнг(А)-LS | AF26: =IF(VLOOKUP(N26,Кабель_обозначение,3,FALSE)=1,AE26&" ("&O26&"х"&W26&")",AE26) -> ВВГнг(А)-LS (3х2,5) | AG26: =IFERROR(IF(AC26>4.5,1,2),0) -> 2 | AH26: =IFERROR(LEFT(AR26,SEARCH(".",AR26)-1),AR26) | AI26: =IFERROR(LEFT(A26,SEARCH(".",A26)-1),A26) -> SEC1-21 | AJ26: =IFERROR(LEFT(AQ26,SEARCH(".",AQ26)-1),AQ26) -> #VALUE! | AK26: =IF(C26=0,B26,C26) -> Щит охранной сигнализации Подвальный этаж этаж Пом. №007Т | AL26: =ROUNDUP(U26,2) -> 1.37 | AM26: =E26 -> 0.3 | AN26: =D26 -> SEC1-21 | AP26: =IF(W26=0,AE26,AF26&" L="&M26&"-"&AC26&"%") -> ВВГнг(А)-LS (3х2,5) L=44-0,39% | AQ26: =RIGHT(A26,LEN(A26)-SEARCH(".",A26)) -> #VALUE! | AR26: =IFERROR(RIGHT(AQ26,LEN(AQ26)-SEARCH(".",AQ26)),"") | AS26: =IFERROR(IF(VLOOKUP(AI26,Потребители_обозначение,5,FALSE)=2,_xlfn.IFS(H26=3,VLOOKUP(E26,Справочная_двигатели,3,FALSE),H26=1,VLOOKUP(E26,Справочная_двигатели,5,TRUE)),0),0) -> 0 | AT26: =IFERROR(IF(VLOOKUP(AI26,Потребители_обозначение,5,FALSE)=3,VLOOKUP(E26,Справочная_ЛЭД,2,TRUE),0),0) -> 0 | AU26: =IF(AS26=0,AT26,AS26) -> 0
A27: =D27 -> 0 | B27: =IFERROR(IF(VLOOKUP(AI27,Потребители_обозначение,4,FALSE)=1,VLOOKUP(AI27,Потребители_обозначение,2,FALSE)&" "&VLOOKUP(AJ27,Этаж_обозначение,2,FALSE)&" Пом. №"&AH27,VLOOKUP(AI27,Потребители_обозначение,2,FALSE)&" Шлейф №"&AJ27),VLOOKUP(D27,Потребители_обозначение,2,FALSE)) -> #N/A | M27: =IFERROR(IF(VLOOKUP(AI27,Потребители_обозначение,4,FALSE)=1,VLOOKUP(AI27,Потребители_обозначение,3,FALSE)*(G27*2-1)+I27+VLOOKUP(AJ27,Этаж_обозначение,3,FALSE)+VLOOKUP(AJ27,Этаж_обозначение,4,FALSE),VLOOKUP(AI27,Потребители_обозначение,3,FALSE)*(G27*2-1)+I27),I27) -> 0 | P27: =IF(VLOOKUP(AI27,Потребители_обозначение,5,FALSE)=2,_xlfn.IFS(H27=3,VLOOKUP(E27,Справочная_двигатели,8,FALSE),H27=1,VLOOKUP(E27,Справочная_двигатели,10,TRUE)),0.95) -> #N/A | Q27: 0.4 | U27: =_xlfn.IFS(H27=1,E27*1000/220,H27=3,E27/0.38/1.732) -> #N/A | V27: =IF(S27=0,VLOOKUP(U27,Автомат_номиналы,2,TRUE),S27) -> #N/A | W27: =IF(R27=0,VLOOKUP(V27,Кабель_номиналы,2,TRUE),R27) -> #N/A | X27: =VLOOKUP(W27,Кабель_сопротивление,3,FALSE) -> #N/A | Y27: =VLOOKUP(W27,Кабель_сопротивление,2,FALSE) -> #N/A | Z27: {=_xlfn.IFS(H27=1,2,H27=3,1)} -> #N/A | AA27: =ROUND(SIN(ACOS(P27)),2) -> #N/A | AB27: =Z27*(X27*I27/W27+Y27*I27*AA27/1000)*U27 -> #N/A | AC27: =ROUNDUP(AB27/220*100,2) -> #N/A | AD27: =_xlfn.IFS(H27=3,380,H27=1,220) -> #N/A | AE27: =VLOOKUP(N27,Кабель_обозначение,2,FALSE) -> #N/A | AF27: =IF(VLOOKUP(N27,Кабель_обозначение,3,FALSE)=1,AE27&" ("&O27&"х"&W27&")",AE27) -> #N/A | AG27: =IFERROR(IF(AC27>4.5,1,2),0) -> 0 | AH27: =IFERROR(LEFT(AR27,SEARCH(".",AR27)-1),AR27) | AI27: =IFERROR(LEFT(A27,SEARCH(".",A27)-1),A27) -> 0 | AJ27: =IFERROR(LEFT(AQ27,SEARCH(".",AQ27)-1),AQ27) -> #VALUE! | AK27: =IF(C27=0,B27,C27) -> #N/A | AL27: =ROUNDUP(U27,2) -> #N/A | AM27: =E27 -> 0 | AN27: =D27 -> 0 | AP27: =IF(W27=0,AE27,AF27&" L="&M27&"-"&AC27&"%") -> #N/A | AQ27: =RIGHT(A27,LEN(A27)-SEARCH(".",A27)) -> #VALUE! | AR27: =IFERROR(RIGHT(AQ27,LEN(AQ27)-SEARCH(".",AQ27)),"") | AS27: =IFERROR(IF(VLOOKUP(AI27,Потребители_обозначение,5,FALSE)=2,_xlfn.IFS(H27=3,VLOOKUP(E27,Справочная_двигатели,3,FALSE),H27=1,VLOOKUP(E27,Справочная_двигатели,5,TRUE)),0),0) -> 0 | AT27: =IFERROR(IF(VLOOKUP(AI27,Потребители_обозначение,5,FALSE)=3,VLOOKUP(E27,Справочная_ЛЭД,2,TRUE),0),0) -> 0 | AU27: =IF(AS27=0,AT27,AS27) -> 0
A28: =D28 -> ЩСПЗ-ЖД.1 | B28: =IFERROR(IF(VLOOKUP(AI28,Потребители_обозначение,4,FALSE)=1,VLOOKUP(AI28,Потребители_обозначение,2,FALSE)&" "&VLOOKUP(AJ28,Этаж_обозначение,2,FALSE)&" Пом. №"&AH28,VLOOKUP(AI28,Потребители_обозначение,2,FALSE)&" Шлейф №"&AJ28),VLOOKUP(D28,Потребители_обозначение,2,FALSE)) -> #N/A | C28: Щит системы противопожарной защиты Цокольный этаж этаж Пом. №001Т Ввод.1 | D28: ЩСПЗ-ЖД.1 | E28: 1.6 | F28: 230 | G28: 1 | H28: 1 | I28: 15 | K28: 15 | M28: =IFERROR(IF(VLOOKUP(AI28,Потребители_обозначение,4,FALSE)=1,VLOOKUP(AI28,Потребители_обозначение,3,FALSE)*(G28*2-1)+I28+VLOOKUP(AJ28,Этаж_обозначение,3,FALSE)+VLOOKUP(AJ28,Этаж_обозначение,4,FALSE),VLOOKUP(AI28,Потребители_обозначение,3,FALSE)*(G28*2-1)+I28),I28) -> 15 | N28: мфр | O28: 3 | P28: =IF(VLOOKUP(AI28,Потребители_обозначение,5,FALSE)=2,_xlfn.IFS(H28=3,VLOOKUP(E28,Справочная_двигатели,8,FALSE),H28=1,VLOOKUP(E28,Справочная_двигатели,10,TRUE)),0.95) -> #N/A | Q28: 0.4 | R28: 2.5 | S28: 10 | U28: =_xlfn.IFS(H28=1,E28*1000/220,H28=3,E28/0.38/1.732) -> 7.2727273 | V28: =IF(S28=0,VLOOKUP(U28,Автомат_номиналы,2,TRUE),S28) -> 10 | W28: =IF(R28=0,VLOOKUP(V28,Кабель_номиналы,2,TRUE),R28) -> 2.5 | X28: =VLOOKUP(W28,Кабель_сопротивление,3,FALSE) -> 0.0175 | Y28: =VLOOKUP(W28,Кабель_сопротивление,2,FALSE) -> 0.1 | Z28: {=_xlfn.IFS(H28=1,2,H28=3,1)} -> 2 | AA28: =ROUND(SIN(ACOS(P28)),2) -> #N/A | AB28: =Z28*(X28*I28/W28+Y28*I28*AA28/1000)*U28 -> #N/A | AC28: =ROUNDUP(AB28/220*100,2) -> #N/A | AD28: =_xlfn.IFS(H28=3,380,H28=1,220) -> 220 | AE28: =VLOOKUP(N28,Кабель_обозначение,2,FALSE) -> ВВГнг(А)-FRLS | AF28: =IF(VLOOKUP(N28,Кабель_обозначение,3,FALSE)=1,AE28&" ("&O28&"х"&W28&")",AE28) -> ВВГнг(А)-FRLS (3х2,5) | AG28: =IFERROR(IF(AC28>4.5,1,2),0) -> 0 | AH28: =IFERROR(LEFT(AR28,SEARCH(".",AR28)-1),AR28) | AI28: =IFERROR(LEFT(A28,SEARCH(".",A28)-1),A28) -> ЩСПЗ-ЖД | AJ28: =IFERROR(LEFT(AQ28,SEARCH(".",AQ28)-1),AQ28) -> 1 | AK28: =IF(C28=0,B28,C28) -> Щит системы противопожарной защиты Цокольный этаж этаж Пом. №001Т Ввод.1 | AL28: =ROUNDUP(U28,2) -> 7.28 | AM28: =E28 -> 1.6 | AN28: =D28 -> ЩСПЗ-ЖД.1 | AP28: =IF(W28=0,AE28,AF28&" L="&M28&"-"&AC28&"%") -> #N/A | AQ28: =RIGHT(A28,LEN(A28)-SEARCH(".",A28)) -> 1 | AR28: =IFERROR(RIGHT(AQ28,LEN(AQ28)-SEARCH(".",AQ28)),"") | AS28: =IFERROR(IF(VLOOKUP(AI28,Потребители_обозначение,5,FALSE)=2,_xlfn.IFS(H28=3,VLOOKUP(E28,Справочная_двигатели,3,FALSE),H28=1,VLOOKUP(E28,Справочная_двигатели,5,TRUE)),0),0) -> 0 | AT28: =IFERROR(IF(VLOOKUP(AI28,Потребители_обозначение,5,FALSE)=3,VLOOKUP(E28,Справочная_ЛЭД,2,TRUE),0),0) -> 0 | AU28: =IF(AS28=0,AT28,AS28) -> 0
A29: =D29 -> ЩСПЗ-ЖД.2 | B29: =IFERROR(IF(VLOOKUP(AI29,Потребители_обозначение,4,FALSE)=1,VLOOKUP(AI29,Потребители_обозначение,2,FALSE)&" "&VLOOKUP(AJ29,Этаж_обозначение,2,FALSE)&" Пом. №"&AH29,VLOOKUP(AI29,Потребители_обозначение,2,FALSE)&" Шлейф №"&AJ29),VLOOKUP(D29,Потребители_обозначение,2,FALSE)) -> #N/A | C29: Щит системы противопожарной защиты Цокольный этаж этаж Пом. №001Т Ввод.2 | D29: ЩСПЗ-ЖД.2 | E29: 0 | F29: 230 | G29: 1 | H29: 1 | I29: 15 | K29: 15 | M29: =IFERROR(IF(VLOOKUP(AI29,Потребители_обозначение,4,FALSE)=1,VLOOKUP(AI29,Потребители_обозначение,3,FALSE)*(G29*2-1)+I29+VLOOKUP(AJ29,Этаж_обозначение,3,FALSE)+VLOOKUP(AJ29,Этаж_обозначение,4,FALSE),VLOOKUP(AI29,Потребители_обозначение,3,FALSE)*(G29*2-1)+I29),I29) -> 15 | N29: мфр | O29: 3 | P29: =IF(VLOOKUP(AI29,Потребители_обозначение,5,FALSE)=2,_xlfn.IFS(H29=3,VLOOKUP(E29,Справочная_двигатели,8,FALSE),H29=1,VLOOKUP(E29,Справочная_двигатели,10,TRUE)),0.95) -> #N/A | Q29: 0.4 | R29: 2.5 | S29: 10 | U29: =_xlfn.IFS(H29=1,E29*1000/220,H29=3,E29/0.38/1.732) -> 0 | V29: =IF(S29=0,VLOOKUP(U29,Автомат_номиналы,2,TRUE),S29) -> 10 | W29: =IF(R29=0,VLOOKUP(V29,Кабель_номиналы,2,TRUE),R29) -> 2.5 | X29: =VLOOKUP(W29,Кабель_сопротивление,3,FALSE) -> 0.0175 | Y29: =VLOOKUP(W29,Кабель_сопротивление,2,FALSE) -> 0.1 | Z29: {=_xlfn.IFS(H29=1,2,H29=3,1)} -> 2 | AA29: =ROUND(SIN(ACOS(P29)),2) -> #N/A | AB29: =Z29*(X29*I29/W29+Y29*I29*AA29/1000)*U29 -> #N/A | AC29: =ROUNDUP(AB29/220*100,2) -> #N/A | AD29: =_xlfn.IFS(H29=3,380,H29=1,220) -> 220 | AE29: =VLOOKUP(N29,Кабель_обозначение,2,FALSE) -> ВВГнг(А)-FRLS | AF29: =IF(VLOOKUP(N29,Кабель_обозначение,3,FALSE)=1,AE29&" ("&O29&"х"&W29&")",AE29) -> ВВГнг(А)-FRLS (3х2,5) | AG29: =IFERROR(IF(AC29>4.5,1,2),0) -> 0 | AH29: =IFERROR(LEFT(AR29,SEARCH(".",AR29)-1),AR29) | AI29: =IFERROR(LEFT(A29,SEARCH(".",A29)-1),A29) -> ЩСПЗ-ЖД | AJ29: =IFERROR(LEFT(AQ29,SEARCH(".",AQ29)-1),AQ29) -> 2 | AK29: =IF(C29=0,B29,C29) -> Щит системы противопожарной защиты Цокольный этаж этаж Пом. №001Т Ввод.2 | AL29: =ROUNDUP(U29,2) -> 0 | AM29: =E29 -> 0 | AN29: =D29 -> ЩСПЗ-ЖД.2 | AP29: =IF(W29=0,AE29,AF29&" L="&M29&"-"&AC29&"%") -> #N/A | AQ29: =RIGHT(A29,LEN(A29)-SEARCH(".",A29)) -> 2 | AR29: =IFERROR(RIGHT(AQ29,LEN(AQ29)-SEARCH(".",AQ29)),"") | AS29: =IFERROR(IF(VLOOKUP(AI29,Потребители_обозначение,5,FALSE)=2,_xlfn.IFS(H29=3,VLOOKUP(E29,Справочная_двигатели,3,FALSE),H29=1,VLOOKUP(E29,Справочная_двигатели,5,TRUE)),0),0) -> 0 | AT29: =IFERROR(IF(VLOOKUP(AI29,Потребители_обозначение,5,FALSE)=3,VLOOKUP(E29,Справочная_ЛЭД,2,TRUE),0),0) -> 0 | AU29: =IF(AS29=0,AT29,AS29) -> 0
A30: =D30 -> 0 | B30: =IFERROR(IF(VLOOKUP(AI30,Потребители_обозначение,4,FALSE)=1,VLOOKUP(AI30,Потребители_обозначение,2,FALSE)&" "&VLOOKUP(AJ30,Этаж_обозначение,2,FALSE)&" Пом. №"&AH30,VLOOKUP(AI30,Потребители_обозначение,2,FALSE)&" Шлейф №"&AJ30),VLOOKUP(D30,Потребители_обозначение,2,FALSE)) -> #N/A | M30: =IFERROR(IF(VLOOKUP(AI30,Потребители_обозначение,4,FALSE)=1,VLOOKUP(AI30,Потребители_обозначение,3,FALSE)*(G30*2-1)+I30+VLOOKUP(AJ30,Этаж_обозначение,3,FALSE)+VLOOKUP(AJ30,Этаж_обозначение,4,FALSE),VLOOKUP(AI30,Потребители_обозначение,3,FALSE)*(G30*2-1)+I30),I30) -> 0 | P30: =IF(VLOOKUP(AI30,Потребители_обозначение,5,FALSE)=2,_xlfn.IFS(H30=3,VLOOKUP(E30,Справочная_двигатели,8,FALSE),H30=1,VLOOKUP(E30,Справочная_двигатели,10,TRUE)),0.95) -> #N/A | U30: =_xlfn.IFS(H30=1,E30*1000/220,H30=3,E30/0.38/1.732) -> #N/A | V30: =IF(S30=0,VLOOKUP(U30,Автомат_номиналы,2,TRUE),S30) -> #N/A | W30: =IF(R30=0,VLOOKUP(V30,Кабель_номиналы,2,TRUE),R30) -> #N/A | X30: =VLOOKUP(W30,Кабель_сопротивление,3,FALSE) -> #N/A | Y30: =VLOOKUP(W30,Кабель_сопротивление,2,FALSE) -> #N/A | Z30: {=_xlfn.IFS(H30=1,2,H30=3,1)} -> #N/A | AA30: =ROUND(SIN(ACOS(P30)),2) -> #N/A | AB30: =Z30*(X30*I30/W30+Y30*I30*AA30/1000)*U30 -> #N/A | AC30: =ROUNDUP(AB30/220*100,2) -> #N/A | AD30: =_xlfn.IFS(H30=3,380,H30=1,220) -> #N/A | AE30: =VLOOKUP(N30,Кабель_обозначение,2,FALSE) -> #N/A | AF30: =IF(VLOOKUP(N30,Кабель_обозначение,3,FALSE)=1,AE30&" ("&O30&"х"&W30&")",AE30) -> #N/A | AG30: =IFERROR(IF(AC30>4.5,1,2),0) -> 0 | AH30: =IFERROR(LEFT(AR30,SEARCH(".",AR30)-1),AR30) | AI30: =IFERROR(LEFT(A30,SEARCH(".",A30)-1),A30) -> 0 | AJ30: =IFERROR(LEFT(AQ30,SEARCH(".",AQ30)-1),AQ30) -> #VALUE! | AK30: =IF(C30=0,B30,C30) -> #N/A | AL30: =ROUNDUP(U30,2) -> #N/A | AM30: =E30 -> 0 | AN30: =D30 -> 0 | AP30: =IF(W30=0,AE30,AF30&" L="&M30&"-"&AC30&"%") -> #N/A | AQ30: =RIGHT(A30,LEN(A30)-SEARCH(".",A30)) -> #VALUE! | AR30: =IFERROR(RIGHT(AQ30,LEN(AQ30)-SEARCH(".",AQ30)),"") | AS30: =IFERROR(IF(VLOOKUP(AI30,Потребители_обозначение,5,FALSE)=2,_xlfn.IFS(H30=3,VLOOKUP(E30,Справочная_двигатели,3,FALSE),H30=1,VLOOKUP(E30,Справочная_двигатели,5,TRUE)),0),0) -> 0 | AT30: =IFERROR(IF(VLOOKUP(AI30,Потребители_обозначение,5,FALSE)=3,VLOOKUP(E30,Справочная_ЛЭД,2,TRUE),0),0) -> 0 | AU30: =IF(AS30=0,AT30,AS30) -> 0
A31: =D31 -> ЩГП | B31: =IFERROR(IF(VLOOKUP(AI31,Потребители_обозначение,4,FALSE)=1,VLOOKUP(AI31,Потребители_обозначение,2,FALSE)&" "&VLOOKUP(AJ31,Этаж_обозначение,2,FALSE)&" Пом. №"&AH31,VLOOKUP(AI31,Потребители_обозначение,2,FALSE)&" Шлейф №"&AJ31),VLOOKUP(D31,Потребители_обозначение,2,FALSE)) -> #N/A | D31: ЩГП | M31: =IFERROR(IF(VLOOKUP(AI31,Потребители_обозначение,4,FALSE)=1,VLOOKUP(AI31,Потребители_обозначение,3,FALSE)*(G31*2-1)+I31+VLOOKUP(AJ31,Этаж_обозначение,3,FALSE)+VLOOKUP(AJ31,Этаж_обозначение,4,FALSE),VLOOKUP(AI31,Потребители_обозначение,3,FALSE)*(G31*2-1)+I31),I31) -> 0 | P31: =IF(VLOOKUP(AI31,Потребители_обозначение,5,FALSE)=2,_xlfn.IFS(H31=3,VLOOKUP(E31,Справочная_двигатели,8,FALSE),H31=1,VLOOKUP(E31,Справочная_двигатели,10,TRUE)),0.95) -> #N/A | U31: =_xlfn.IFS(H31=1,E31*1000/220,H31=3,E31/0.38/1.732) -> #N/A | V31: =IF(S31=0,VLOOKUP(U31,Автомат_номиналы,2,TRUE),S31) -> #N/A | W31: =IF(R31=0,VLOOKUP(V31,Кабель_номиналы,2,TRUE),R31) -> #N/A | X31: =VLOOKUP(W31,Кабель_сопротивление,3,FALSE) -> #N/A | Y31: =VLOOKUP(W31,Кабель_сопротивление,2,FALSE) -> #N/A | Z31: {=_xlfn.IFS(H31=1,2,H31=3,1)} -> #N/A | AA31: =ROUND(SIN(ACOS(P31)),2) -> #N/A | AB31: =Z31*(X31*I31/W31+Y31*I31*AA31/1000)*U31 -> #N/A | AC31: =ROUNDUP(AB31/220*100,2) -> #N/A | AD31: =_xlfn.IFS(H31=3,380,H31=1,220) -> #N/A | AE31: =VLOOKUP(N31,Кабель_обозначение,2,FALSE) -> #N/A | AF31: =IF(VLOOKUP(N31,Кабель_обозначение,3,FALSE)=1,AE31&" ("&O31&"х"&W31&")",AE31) -> #N/A | AG31: =IFERROR(IF(AC31>4.5,1,2),0) -> 0 | AH31: =IFERROR(LEFT(AR31,SEARCH(".",AR31)-1),AR31) | AI31: =IFERROR(LEFT(A31,SEARCH(".",A31)-1),A31) -> ЩГП | AJ31: =IFERROR(LEFT(AQ31,SEARCH(".",AQ31)-1),AQ31) -> #VALUE! | AK31: =IF(C31=0,B31,C31) -> #N/A | AL31: =ROUNDUP(U31,2) -> #N/A | AM31: =E31 -> 0 | AN31: =D31 -> ЩГП | AP31: =IF(W31=0,AE31,AF31&" L="&M31&"-"&AC31&"%") -> #N/A | AQ31: =RIGHT(A31,LEN(A31)-SEARCH(".",A31)) -> #VALUE! | AR31: =IFERROR(RIGHT(AQ31,LEN(AQ31)-SEARCH(".",AQ31)),"") | AS31: =IFERROR(IF(VLOOKUP(AI31,Потребители_обозначение,5,FALSE)=2,_xlfn.IFS(H31=3,VLOOKUP(E31,Справочная_двигатели,3,FALSE),H31=1,VLOOKUP(E31,Справочная_двигатели,5,TRUE)),0),0) -> 0 | AT31: =IFERROR(IF(VLOOKUP(AI31,Потребители_обозначение,5,FALSE)=3,VLOOKUP(E31,Справочная_ЛЭД,2,TRUE),0),0) -> 0 | AU31: =IF(AS31=0,AT31,AS31) -> 0
A32: =D32 -> 0 | B32: =IFERROR(IF(VLOOKUP(AI32,Потребители_обозначение,4,FALSE)=1,VLOOKUP(AI32,Потребители_обозначение,2,FALSE)&" "&VLOOKUP(AJ32,Этаж_обозначение,2,FALSE)&" Пом. №"&AH32,VLOOKUP(AI32,Потребители_обозначение,2,FALSE)&" Шлейф №"&AJ32),VLOOKUP(D32,Потребители_обозначение,2,FALSE)) -> #N/A | M32: =IFERROR(IF(VLOOKUP(AI32,Потребители_обозначение,4,FALSE)=1,VLOOKUP(AI32,Потребители_обозначение,3,FALSE)*(G32*2-1)+I32+VLOOKUP(AJ32,Этаж_обозначение,3,FALSE)+VLOOKUP(AJ32,Этаж_обозначение,4,FALSE),VLOOKUP(AI32,Потребители_обозначение,3,FALSE)*(G32*2-1)+I32),I32) -> 0 | P32: =IF(VLOOKUP(AI32,Потребители_обозначение,5,FALSE)=2,_xlfn.IFS(H32=3,VLOOKUP(E32,Справочная_двигатели,8,FALSE),H32=1,VLOOKUP(E32,Справочная_двигатели,10,TRUE)),0.95) -> #N/A | U32: =_xlfn.IFS(H32=1,E32*1000/220,H32=3,E32/0.38/1.732) -> #N/A | V32: =IF(S32=0,VLOOKUP(U32,Автомат_номиналы,2,TRUE),S32) -> #N/A | W32: =IF(R32=0,VLOOKUP(V32,Кабель_номиналы,2,TRUE),R32) -> #N/A | X32: =VLOOKUP(W32,Кабель_сопротивление,3,FALSE) -> #N/A | Y32: =VLOOKUP(W32,Кабель_сопротивление,2,FALSE) -> #N/A | Z32: {=_xlfn.IFS(H32=1,2,H32=3,1)} -> #N/A | AA32: =ROUND(SIN(ACOS(P32)),2) -> #N/A | AB32: =Z32*(X32*I32/W32+Y32*I32*AA32/1000)*U32 -> #N/A | AC32: =ROUNDUP(AB32/220*100,2) -> #N/A | AD32: =_xlfn.IFS(H32=3,380,H32=1,220) -> #N/A | AE32: =VLOOKUP(N32,Кабель_обозначение,2,FALSE) -> #N/A | AF32: =IF(VLOOKUP(N32,Кабель_обозначение,3,FALSE)=1,AE32&" ("&O32&"х"&W32&")",AE32) -> #N/A | AG32: =IFERROR(IF(AC32>4.5,1,2),0) -> 0 | AH32: =IFERROR(LEFT(AR32,SEARCH(".",AR32)-1),AR32) | AI32: =IFERROR(LEFT(A32,SEARCH(".",A32)-1),A32) -> 0 | AJ32: =IFERROR(LEFT(AQ32,SEARCH(".",AQ32)-1),AQ32) -> #VALUE! | AK32: =IF(C32=0,B32,C32) -> #N/A | AL32: =ROUNDUP(U32,2) -> #N/A | AM32: =E32 -> 0 | AN32: =D32 -> 0 | AP32: =IF(W32=0,AE32,AF32&" L="&M32&"-"&AC32&"%") -> #N/A | AQ32: =RIGHT(A32,LEN(A32)-SEARCH(".",A32)) -> #VALUE! | AR32: =IFERROR(RIGHT(AQ32,LEN(AQ32)-SEARCH(".",AQ32)),"") | AS32: =IFERROR(IF(VLOOKUP(AI32,Потребители_обозначение,5,FALSE)=2,_xlfn.IFS(H32=3,VLOOKUP(E32,Справочная_двигатели,3,FALSE),H32=1,VLOOKUP(E32,Справочная_двигатели,5,TRUE)),0),0) -> 0 | AT32: =IFERROR(IF(VLOOKUP(AI32,Потребители_обозначение,5,FALSE)=3,VLOOKUP(E32,Справочная_ЛЭД,2,TRUE),0),0) -> 0 | AU32: =IF(AS32=0,AT32,AS32) -> 0
A33: =D33 -> 0 | B33: =IFERROR(IF(VLOOKUP(AI33,Потребители_обозначение,4,FALSE)=1,VLOOKUP(AI33,Потребители_обозначение,2,FALSE)&" "&VLOOKUP(AJ33,Этаж_обозначение,2,FALSE)&" Пом. №"&AH33,VLOOKUP(AI33,Потребители_обозначение,2,FALSE)&" Шлейф №"&AJ33),VLOOKUP(D33,Потребители_обозначение,2,FALSE)) -> #N/A | M33: =IFERROR(IF(VLOOKUP(AI33,Потребители_обозначение,4,FALSE)=1,VLOOKUP(AI33,Потребители_обозначение,3,FALSE)*(G33*2-1)+I33+VLOOKUP(AJ33,Этаж_обозначение,3,FALSE)+VLOOKUP(AJ33,Этаж_обозначение,4,FALSE),VLOOKUP(AI33,Потребители_обозначение,3,FALSE)*(G33*2-1)+I33),I33) -> 0 | P33: =IF(VLOOKUP(AI33,Потребители_обозначение,5,FALSE)=2,_xlfn.IFS(H33=3,VLOOKUP(E33,Справочная_двигатели,8,FALSE),H33=1,VLOOKUP(E33,Справочная_двигатели,10,TRUE)),0.95) -> #N/A | U33: =_xlfn.IFS(H33=1,E33*1000/220,H33=3,E33/0.38/1.732) -> #N/A | V33: =IF(S33=0,VLOOKUP(U33,Автомат_номиналы,2,TRUE),S33) -> #N/A | W33: =IF(R33=0,VLOOKUP(V33,Кабель_номиналы,2,TRUE),R33) -> #N/A | X33: =VLOOKUP(W33,Кабель_сопротивление,3,FALSE) -> #N/A | Y33: =VLOOKUP(W33,Кабель_сопротивление,2,FALSE) -> #N/A | Z33: {=_xlfn.IFS(H33=1,2,H33=3,1)} -> #N/A | AA33: =ROUND(SIN(ACOS(P33)),2) -> #N/A | AB33: =Z33*(X33*I33/W33+Y33*I33*AA33/1000)*U33 -> #N/A | AC33: =ROUNDUP(AB33/220*100,2) -> #N/A | AD33: =_xlfn.IFS(H33=3,380,H33=1,220) -> #N/A | AE33: =VLOOKUP(N33,Кабель_обозначение,2,FALSE) -> #N/A | AF33: =IF(VLOOKUP(N33,Кабель_обозначение,3,FALSE)=1,AE33&" ("&O33&"х"&W33&")",AE33) -> #N/A | AG33: =IFERROR(IF(AC33>4.5,1,2),0) -> 0 | AH33: =IFERROR(LEFT(AR33,SEARCH(".",AR33)-1),AR33) | AI33: =IFERROR(LEFT(A33,SEARCH(".",A33)-1),A33) -> 0 | AJ33: =IFERROR(LEFT(AQ33,SEARCH(".",AQ33)-1),AQ33) -> #VALUE! | AK33: =IF(C33=0,B33,C33) -> #N/A | AL33: =ROUNDUP(U33,2) -> #N/A | AM33: =E33 -> 0 | AN33: =D33 -> 0 | AP33: =IF(W33=0,AE33,AF33&" L="&M33&"-"&AC33&"%") -> #N/A | AQ33: =RIGHT(A33,LEN(A33)-SEARCH(".",A33)) -> #VALUE! | AR33: =IFERROR(RIGHT(AQ33,LEN(AQ33)-SEARCH(".",AQ33)),"") | AS33: =IFERROR(IF(VLOOKUP(AI33,Потребители_обозначение,5,FALSE)=2,_xlfn.IFS(H33=3,VLOOKUP(E33,Справочная_двигатели,3,FALSE),H33=1,VLOOKUP(E33,Справочная_двигатели,5,TRUE)),0),0) -> 0 | AT33: =IFERROR(IF(VLOOKUP(AI33,Потребители_обозначение,5,FALSE)=3,VLOOKUP(E33,Справочная_ЛЭД,2,TRUE),0),0) -> 0 | AU33: =IF(AS33=0,AT33,AS33) -> 0
A34: =D34 -> 0 | B34: =IFERROR(IF(VLOOKUP(AI34,Потребители_обозначение,4,FALSE)=1,VLOOKUP(AI34,Потребители_обозначение,2,FALSE)&" "&VLOOKUP(AJ34,Этаж_обозначение,2,FALSE)&" Пом. №"&AH34,VLOOKUP(AI34,Потребители_обозначение,2,FALSE)&" Шлейф №"&AJ34),VLOOKUP(D34,Потребители_обозначение,2,FALSE)) -> #N/A | M34: =IFERROR(IF(VLOOKUP(AI34,Потребители_обозначение,4,FALSE)=1,VLOOKUP(AI34,Потребители_обозначение,3,FALSE)*(G34*2-1)+I34+VLOOKUP(AJ34,Этаж_обозначение,3,FALSE)+VLOOKUP(AJ34,Этаж_обозначение,4,FALSE),VLOOKUP(AI34,Потребители_обозначение,3,FALSE)*(G34*2-1)+I34),I34) -> 0 | P34: =IF(VLOOKUP(AI34,Потребители_обозначение,5,FALSE)=2,_xlfn.IFS(H34=3,VLOOKUP(E34,Справочная_двигатели,8,FALSE),H34=1,VLOOKUP(E34,Справочная_двигатели,10,TRUE)),0.95) -> #N/A | U34: =_xlfn.IFS(H34=1,E34*1000/220,H34=3,E34/0.38/1.732) -> #N/A | V34: =IF(S34=0,VLOOKUP(U34,Автомат_номиналы,2,TRUE),S34) -> #N/A | W34: =IF(R34=0,VLOOKUP(V34,Кабель_номиналы,2,TRUE),R34) -> #N/A | X34: =VLOOKUP(W34,Кабель_сопротивление,3,FALSE) -> #N/A | Y34: =VLOOKUP(W34,Кабель_сопротивление,2,FALSE) -> #N/A | Z34: {=_xlfn.IFS(H34=1,2,H34=3,1)} -> #N/A | AA34: =ROUND(SIN(ACOS(P34)),2) -> #N/A | AB34: =Z34*(X34*I34/W34+Y34*I34*AA34/1000)*U34 -> #N/A | AC34: =ROUNDUP(AB34/220*100,2) -> #N/A | AD34: =_xlfn.IFS(H34=3,380,H34=1,220) -> #N/A | AE34: =VLOOKUP(N34,Кабель_обозначение,2,FALSE) -> #N/A | AF34: =IF(VLOOKUP(N34,Кабель_обозначение,3,FALSE)=1,AE34&" ("&O34&"х"&W34&")",AE34) -> #N/A | AG34: =IFERROR(IF(AC34>4.5,1,2),0) -> 0 | AH34: =IFERROR(LEFT(AR34,SEARCH(".",AR34)-1),AR34) | AI34: =IFERROR(LEFT(A34,SEARCH(".",A34)-1),A34) -> 0 | AJ34: =IFERROR(LEFT(AQ34,SEARCH(".",AQ34)-1),AQ34) -> #VALUE! | AK34: =IF(C34=0,B34,C34) -> #N/A | AL34: =ROUNDUP(U34,2) -> #N/A | AM34: =E34 -> 0 | AN34: =D34 -> 0 | AP34: =IF(W34=0,AE34,AF34&" L="&M34&"-"&AC34&"%") -> #N/A | AQ34: =RIGHT(A34,LEN(A34)-SEARCH(".",A34)) -> #VALUE! | AR34: =IFERROR(RIGHT(AQ34,LEN(AQ34)-SEARCH(".",AQ34)),"") | AS34: =IFERROR(IF(VLOOKUP(AI34,Потребители_обозначение,5,FALSE)=2,_xlfn.IFS(H34=3,VLOOKUP(E34,Справочная_двигатели,3,FALSE),H34=1,VLOOKUP(E34,Справочная_двигатели,5,TRUE)),0),0) -> 0 | AT34: =IFERROR(IF(VLOOKUP(AI34,Потребители_обозначение,5,FALSE)=3,VLOOKUP(E34,Справочная_ЛЭД,2,TRUE),0),0) -> 0 | AU34: =IF(AS34=0,AT34,AS34) -> 0
A35: =D35 -> 0 | B35: =IFERROR(IF(VLOOKUP(AI35,Потребители_обозначение,4,FALSE)=1,VLOOKUP(AI35,Потребители_обозначение,2,FALSE)&" "&VLOOKUP(AJ35,Этаж_обозначение,2,FALSE)&" Пом. №"&AH35,VLOOKUP(AI35,Потребители_обозначение,2,FALSE)&" Шлейф №"&AJ35),VLOOKUP(D35,Потребители_обозначение,2,FALSE)) -> #N/A | M35: =IFERROR(IF(VLOOKUP(AI35,Потребители_обозначение,4,FALSE)=1,VLOOKUP(AI35,Потребители_обозначение,3,FALSE)*(G35*2-1)+I35+VLOOKUP(AJ35,Этаж_обозначение,3,FALSE)+VLOOKUP(AJ35,Этаж_обозначение,4,FALSE),VLOOKUP(AI35,Потребители_обозначение,3,FALSE)*(G35*2-1)+I35),I35) -> 0 | P35: =IF(VLOOKUP(AI35,Потребители_обозначение,5,FALSE)=2,_xlfn.IFS(H35=3,VLOOKUP(E35,Справочная_двигатели,8,FALSE),H35=1,VLOOKUP(E35,Справочная_двигатели,10,TRUE)),0.95) -> #N/A | U35: =_xlfn.IFS(H35=1,E35*1000/220,H35=3,E35/0.38/1.732) -> #N/A | V35: =IF(S35=0,VLOOKUP(U35,Автомат_номиналы,2,TRUE),S35) -> #N/A | W35: =IF(R35=0,VLOOKUP(V35,Кабель_номиналы,2,TRUE),R35) -> #N/A | X35: =VLOOKUP(W35,Кабель_сопротивление,3,FALSE) -> #N/A | Y35: =VLOOKUP(W35,Кабель_сопротивление,2,FALSE) -> #N/A | Z35: {=_xlfn.IFS(H35=1,2,H35=3,1)} -> #N/A | AA35: =ROUND(SIN(ACOS(P35)),2) -> #N/A | AB35: =Z35*(X35*I35/W35+Y35*I35*AA35/1000)*U35 -> #N/A | AC35: =ROUNDUP(AB35/220*100,2) -> #N/A | AD35: =_xlfn.IFS(H35=3,380,H35=1,220) -> #N/A | AE35: =VLOOKUP(N35,Кабель_обозначение,2,FALSE) -> #N/A | AF35: =IF(VLOOKUP(N35,Кабель_обозначение,3,FALSE)=1,AE35&" ("&O35&"х"&W35&")",AE35) -> #N/A | AG35: =IFERROR(IF(AC35>4.5,1,2),0) -> 0 | AH35: =IFERROR(LEFT(AR35,SEARCH(".",AR35)-1),AR35) | AI35: =IFERROR(LEFT(A35,SEARCH(".",A35)-1),A35) -> 0 | AJ35: =IFERROR(LEFT(AQ35,SEARCH(".",AQ35)-1),AQ35) -> #VALUE! | AK35: =IF(C35=0,B35,C35) -> #N/A | AL35: =ROUNDUP(U35,2) -> #N/A | AM35: =E35 -> 0 | AN35: =D35 -> 0 | AP35: =IF(W35=0,AE35,AF35&" L="&M35&"-"&AC35&"%") -> #N/A | AQ35: =RIGHT(A35,LEN(A35)-SEARCH(".",A35)) -> #VALUE! | AR35: =IFERROR(RIGHT(AQ35,LEN(AQ35)-SEARCH(".",AQ35)),"") | AS35: =IFERROR(IF(VLOOKUP(AI35,Потребители_обозначение,5,FALSE)=2,_xlfn.IFS(H35=3,VLOOKUP(E35,Справочная_двигатели,3,FALSE),H35=1,VLOOKUP(E35,Справочная_двигатели,5,TRUE)),0),0) -> 0 | AT35: =IFERROR(IF(VLOOKUP(AI35,Потребители_обозначение,5,FALSE)=3,VLOOKUP(E35,Справочная_ЛЭД,2,TRUE),0),0) -> 0 | AU35: =IF(AS35=0,AT35,AS35) -> 0
A36: =D36 -> 0 | B36: =IFERROR(IF(VLOOKUP(AI36,Потребители_обозначение,4,FALSE)=1,VLOOKUP(AI36,Потребители_обозначение,2,FALSE)&" "&VLOOKUP(AJ36,Этаж_обозначение,2,FALSE)&" Пом. №"&AH36,VLOOKUP(AI36,Потребители_обозначение,2,FALSE)&" Шлейф №"&AJ36),VLOOKUP(D36,Потребители_обозначение,2,FALSE)) -> #N/A | M36: =IFERROR(IF(VLOOKUP(AI36,Потребители_обозначение,4,FALSE)=1,VLOOKUP(AI36,Потребители_обозначение,3,FALSE)*(G36*2-1)+I36+VLOOKUP(AJ36,Этаж_обозначение,3,FALSE)+VLOOKUP(AJ36,Этаж_обозначение,4,FALSE),VLOOKUP(AI36,Потребители_обозначение,3,FALSE)*(G36*2-1)+I36),I36) -> 0 | P36: =IF(VLOOKUP(AI36,Потребители_обозначение,5,FALSE)=2,_xlfn.IFS(H36=3,VLOOKUP(E36,Справочная_двигатели,8,FALSE),H36=1,VLOOKUP(E36,Справочная_двигатели,10,TRUE)),0.95) -> #N/A | U36: =_xlfn.IFS(H36=1,E36*1000/220,H36=3,E36/0.38/1.732) -> #N/A | V36: =IF(S36=0,VLOOKUP(U36,Автомат_номиналы,2,TRUE),S36) -> #N/A | W36: =IF(R36=0,VLOOKUP(V36,Кабель_номиналы,2,TRUE),R36) -> #N/A | X36: =VLOOKUP(W36,Кабель_сопротивление,3,FALSE) -> #N/A | Y36: =VLOOKUP(W36,Кабель_сопротивление,2,FALSE) -> #N/A | Z36: {=_xlfn.IFS(H36=1,2,H36=3,1)} -> #N/A | AA36: =ROUND(SIN(ACOS(P36)),2) -> #N/A | AB36: =Z36*(X36*I36/W36+Y36*I36*AA36/1000)*U36 -> #N/A | AC36: =ROUNDUP(AB36/220*100,2) -> #N/A | AD36: =_xlfn.IFS(H36=3,380,H36=1,220) -> #N/A | AE36: =VLOOKUP(N36,Кабель_обозначение,2,FALSE) -> #N/A | AF36: =IF(VLOOKUP(N36,Кабель_обозначение,3,FALSE)=1,AE36&" ("&O36&"х"&W36&")",AE36) -> #N/A | AG36: =IFERROR(IF(AC36>4.5,1,2),0) -> 0 | AH36: =IFERROR(LEFT(AR36,SEARCH(".",AR36)-1),AR36) | AI36: =IFERROR(LEFT(A36,SEARCH(".",A36)-1),A36) -> 0 | AJ36: =IFERROR(LEFT(AQ36,SEARCH(".",AQ36)-1),AQ36) -> #VALUE! | AK36: =IF(C36=0,B36,C36) -> #N/A | AL36: =ROUNDUP(U36,2) -> #N/A | AM36: =E36 -> 0 | AN36: =D36 -> 0 | AP36: =IF(W36=0,AE36,AF36&" L="&M36&"-"&AC36&"%") -> #N/A | AQ36: =RIGHT(A36,LEN(A36)-SEARCH(".",A36)) -> #VALUE! | AR36: =IFERROR(RIGHT(AQ36,LEN(AQ36)-SEARCH(".",AQ36)),"") | AS36: =IFERROR(IF(VLOOKUP(AI36,Потребители_обозначение,5,FALSE)=2,_xlfn.IFS(H36=3,VLOOKUP(E36,Справочная_двигатели,3,FALSE),H36=1,VLOOKUP(E36,Справочная_двигатели,5,TRUE)),0),0) -> 0 | AT36: =IFERROR(IF(VLOOKUP(AI36,Потребители_обозначение,5,FALSE)=3,VLOOKUP(E36,Справочная_ЛЭД,2,TRUE),0),0) -> 0 | AU36: =IF(AS36=0,AT36,AS36) -> 0
A37: =D37 -> 0 | B37: =IFERROR(IF(VLOOKUP(AI37,Потребители_обозначение,4,FALSE)=1,VLOOKUP(AI37,Потребители_обозначение,2,FALSE)&" "&VLOOKUP(AJ37,Этаж_обозначение,2,FALSE)&" Пом. №"&AH37,VLOOKUP(AI37,Потребители_обозначение,2,FALSE)&" Шлейф №"&AJ37),VLOOKUP(D37,Потребители_обозначение,2,FALSE)) -> #N/A | M37: =IFERROR(IF(VLOOKUP(AI37,Потребители_обозначение,4,FALSE)=1,VLOOKUP(AI37,Потребители_обозначение,3,FALSE)*(G37*2-1)+I37+VLOOKUP(AJ37,Этаж_обозначение,3,FALSE)+VLOOKUP(AJ37,Этаж_обозначение,4,FALSE),VLOOKUP(AI37,Потребители_обозначение,3,FALSE)*(G37*2-1)+I37),I37) -> 0 | P37: =IF(VLOOKUP(AI37,Потребители_обозначение,5,FALSE)=2,_xlfn.IFS(H37=3,VLOOKUP(E37,Справочная_двигатели,8,FALSE),H37=1,VLOOKUP(E37,Справочная_двигатели,10,TRUE)),0.95) -> #N/A | U37: =_xlfn.IFS(H37=1,E37*1000/220,H37=3,E37/0.38/1.732) -> #N/A | V37: =IF(S37=0,VLOOKUP(U37,Автомат_номиналы,2,TRUE),S37) -> #N/A | W37: =IF(R37=0,VLOOKUP(V37,Кабель_номиналы,2,TRUE),R37) -> #N/A | X37: =VLOOKUP(W37,Кабель_сопротивление,3,FALSE) -> #N/A | Y37: =VLOOKUP(W37,Кабель_сопротивление,2,FALSE) -> #N/A | Z37: {=_xlfn.IFS(H37=1,2,H37=3,1)} -> #N/A | AA37: =ROUND(SIN(ACOS(P37)),2) -> #N/A | AB37: =Z37*(X37*I37/W37+Y37*I37*AA37/1000)*U37 -> #N/A | AC37: =ROUNDUP(AB37/220*100,2) -> #N/A | AD37: =_xlfn.IFS(H37=3,380,H37=1,220) -> #N/A | AE37: =VLOOKUP(N37,Кабель_обозначение,2,FALSE) -> #N/A | AF37: =IF(VLOOKUP(N37,Кабель_обозначение,3,FALSE)=1,AE37&" ("&O37&"х"&W37&")",AE37) -> #N/A | AG37: =IFERROR(IF(AC37>4.5,1,2),0) -> 0 | AH37: =IFERROR(LEFT(AR37,SEARCH(".",AR37)-1),AR37) | AI37: =IFERROR(LEFT(A37,SEARCH(".",A37)-1),A37) -> 0 | AJ37: =IFERROR(LEFT(AQ37,SEARCH(".",AQ37)-1),AQ37) -> #VALUE! | AK37: =IF(C37=0,B37,C37) -> #N/A | AL37: =ROUNDUP(U37,2) -> #N/A | AM37: =E37 -> 0 | AN37: =D37 -> 0 | AP37: =IF(W37=0,AE37,AF37&" L="&M37&"-"&AC37&"%") -> #N/A | AQ37: =RIGHT(A37,LEN(A37)-SEARCH(".",A37)) -> #VALUE! | AR37: =IFERROR(RIGHT(AQ37,LEN(AQ37)-SEARCH(".",AQ37)),"") | AS37: =IFERROR(IF(VLOOKUP(AI37,Потребители_обозначение,5,FALSE)=2,_xlfn.IFS(H37=3,VLOOKUP(E37,Справочная_двигатели,3,FALSE),H37=1,VLOOKUP(E37,Справочная_двигатели,5,TRUE)),0),0) -> 0 | AT37: =IFERROR(IF(VLOOKUP(AI37,Потребители_обозначение,5,FALSE)=3,VLOOKUP(E37,Справочная_ЛЭД,2,TRUE),0),0) -> 0 | AU37: =IF(AS37=0,AT37,AS37) -> 0
A38: =D38 -> 0 | B38: =IFERROR(IF(VLOOKUP(AI38,Потребители_обозначение,4,FALSE)=1,VLOOKUP(AI38,Потребители_обозначение,2,FALSE)&" "&VLOOKUP(AJ38,Этаж_обозначение,2,FALSE)&" Пом. №"&AH38,VLOOKUP(AI38,Потребители_обозначение,2,FALSE)&" Шлейф №"&AJ38),VLOOKUP(D38,Потребители_обозначение,2,FALSE)) -> #N/A | M38: =IFERROR(IF(VLOOKUP(AI38,Потребители_обозначение,4,FALSE)=1,VLOOKUP(AI38,Потребители_обозначение,3,FALSE)*(G38*2-1)+I38+VLOOKUP(AJ38,Этаж_обозначение,3,FALSE)+VLOOKUP(AJ38,Этаж_обозначение,4,FALSE),VLOOKUP(AI38,Потребители_обозначение,3,FALSE)*(G38*2-1)+I38),I38) -> 0 | P38: =IF(VLOOKUP(AI38,Потребители_обозначение,5,FALSE)=2,_xlfn.IFS(H38=3,VLOOKUP(E38,Справочная_двигатели,8,FALSE),H38=1,VLOOKUP(E38,Справочная_двигатели,10,TRUE)),0.95) -> #N/A | U38: =_xlfn.IFS(H38=1,E38*1000/220,H38=3,E38/0.38/1.732) -> #N/A | V38: =IF(S38=0,VLOOKUP(U38,Автомат_номиналы,2,TRUE),S38) -> #N/A | W38: =IF(R38=0,VLOOKUP(V38,Кабель_номиналы,2,TRUE),R38) -> #N/A | X38: =VLOOKUP(W38,Кабель_сопротивление,3,FALSE) -> #N/A | Y38: =VLOOKUP(W38,Кабель_сопротивление,2,FALSE) -> #N/A | Z38: {=_xlfn.IFS(H38=1,2,H38=3,1)} -> #N/A | AA38: =ROUND(SIN(ACOS(P38)),2) -> #N/A | AB38: =Z38*(X38*I38/W38+Y38*I38*AA38/1000)*U38 -> #N/A | AC38: =ROUNDUP(AB38/220*100,2) -> #N/A | AD38: =_xlfn.IFS(H38=3,380,H38=1,220) -> #N/A | AE38: =VLOOKUP(N38,Кабель_обозначение,2,FALSE) -> #N/A | AF38: =IF(VLOOKUP(N38,Кабель_обозначение,3,FALSE)=1,AE38&" ("&O38&"х"&W38&")",AE38) -> #N/A | AG38: =IFERROR(IF(AC38>4.5,1,2),0) -> 0 | AH38: =IFERROR(LEFT(AR38,SEARCH(".",AR38)-1),AR38) | AI38: =IFERROR(LEFT(A38,SEARCH(".",A38)-1),A38) -> 0 | AJ38: =IFERROR(LEFT(AQ38,SEARCH(".",AQ38)-1),AQ38) -> #VALUE! | AK38: =IF(C38=0,B38,C38) -> #N/A | AL38: =ROUNDUP(U38,2) -> #N/A | AM38: =E38 -> 0 | AN38: =D38 -> 0 | AP38: =IF(W38=0,AE38,AF38&" L="&M38&"-"&AC38&"%") -> #N/A | AQ38: =RIGHT(A38,LEN(A38)-SEARCH(".",A38)) -> #VALUE! | AR38: =IFERROR(RIGHT(AQ38,LEN(AQ38)-SEARCH(".",AQ38)),"") | AS38: =IFERROR(IF(VLOOKUP(AI38,Потребители_обозначение,5,FALSE)=2,_xlfn.IFS(H38=3,VLOOKUP(E38,Справочная_двигатели,3,FALSE),H38=1,VLOOKUP(E38,Справочная_двигатели,5,TRUE)),0),0) -> 0 | AT38: =IFERROR(IF(VLOOKUP(AI38,Потребители_обозначение,5,FALSE)=3,VLOOKUP(E38,Справочная_ЛЭД,2,TRUE),0),0) -> 0 | AU38: =IF(AS38=0,AT38,AS38) -> 0
A39: =D39 -> 0 | B39: =IFERROR(IF(VLOOKUP(AI39,Потребители_обозначение,4,FALSE)=1,VLOOKUP(AI39,Потребители_обозначение,2,FALSE)&" "&VLOOKUP(AJ39,Этаж_обозначение,2,FALSE)&" Пом. №"&AH39,VLOOKUP(AI39,Потребители_обозначение,2,FALSE)&" Шлейф №"&AJ39),VLOOKUP(D39,Потребители_обозначение,2,FALSE)) -> #N/A | M39: =IFERROR(IF(VLOOKUP(AI39,Потребители_обозначение,4,FALSE)=1,VLOOKUP(AI39,Потребители_обозначение,3,FALSE)*(G39*2-1)+I39+VLOOKUP(AJ39,Этаж_обозначение,3,FALSE)+VLOOKUP(AJ39,Этаж_обозначение,4,FALSE),VLOOKUP(AI39,Потребители_обозначение,3,FALSE)*(G39*2-1)+I39),I39) -> 0 | P39: =IF(VLOOKUP(AI39,Потребители_обозначение,5,FALSE)=2,_xlfn.IFS(H39=3,VLOOKUP(E39,Справочная_двигатели,8,FALSE),H39=1,VLOOKUP(E39,Справочная_двигатели,10,TRUE)),0.95) -> #N/A | U39: =_xlfn.IFS(H39=1,E39*1000/220,H39=3,E39/0.38/1.732) -> #N/A | V39: =IF(S39=0,VLOOKUP(U39,Автомат_номиналы,2,TRUE),S39) -> #N/A | W39: =IF(R39=0,VLOOKUP(V39,Кабель_номиналы,2,TRUE),R39) -> #N/A | X39: =VLOOKUP(W39,Кабель_сопротивление,3,FALSE) -> #N/A | Y39: =VLOOKUP(W39,Кабель_сопротивление,2,FALSE) -> #N/A | Z39: {=_xlfn.IFS(H39=1,2,H39=3,1)} -> #N/A | AA39: =ROUND(SIN(ACOS(P39)),2) -> #N/A | AB39: =Z39*(X39*I39/W39+Y39*I39*AA39/1000)*U39 -> #N/A | AC39: =ROUNDUP(AB39/220*100,2) -> #N/A | AD39: =_xlfn.IFS(H39=3,380,H39=1,220) -> #N/A | AE39: =VLOOKUP(N39,Кабель_обозначение,2,FALSE) -> #N/A | AF39: =IF(VLOOKUP(N39,Кабель_обозначение,3,FALSE)=1,AE39&" ("&O39&"х"&W39&")",AE39) -> #N/A | AG39: =IFERROR(IF(AC39>4.5,1,2),0) -> 0 | AH39: =IFERROR(LEFT(AR39,SEARCH(".",AR39)-1),AR39) | AI39: =IFERROR(LEFT(A39,SEARCH(".",A39)-1),A39) -> 0 | AJ39: =IFERROR(LEFT(AQ39,SEARCH(".",AQ39)-1),AQ39) -> #VALUE! | AK39: =IF(C39=0,B39,C39) -> #N/A | AL39: =ROUNDUP(U39,2) -> #N/A | AM39: =E39 -> 0 | AN39: =D39 -> 0 | AP39: =IF(W39=0,AE39,AF39&" L="&M39&"-"&AC39&"%") -> #N/A | AQ39: =RIGHT(A39,LEN(A39)-SEARCH(".",A39)) -> #VALUE! | AR39: =IFERROR(RIGHT(AQ39,LEN(AQ39)-SEARCH(".",AQ39)),"") | AS39: =IFERROR(IF(VLOOKUP(AI39,Потребители_обозначение,5,FALSE)=2,_xlfn.IFS(H39=3,VLOOKUP(E39,Справочная_двигатели,3,FALSE),H39=1,VLOOKUP(E39,Справочная_двигатели,5,TRUE)),0),0) -> 0 | AT39: =IFERROR(IF(VLOOKUP(AI39,Потребители_обозначение,5,FALSE)=3,VLOOKUP(E39,Справочная_ЛЭД,2,TRUE),0),0) -> 0 | AU39: =IF(AS39=0,AT39,AS39) -> 0
A40: =D40 -> 0 | B40: =IFERROR(IF(VLOOKUP(AI40,Потребители_обозначение,4,FALSE)=1,VLOOKUP(AI40,Потребители_обозначение,2,FALSE)&" "&VLOOKUP(AJ40,Этаж_обозначение,2,FALSE)&" Пом. №"&AH40,VLOOKUP(AI40,Потребители_обозначение,2,FALSE)&" Шлейф №"&AJ40),VLOOKUP(D40,Потребители_обозначение,2,FALSE)) -> #N/A | M40: =IFERROR(IF(VLOOKUP(AI40,Потребители_обозначение,4,FALSE)=1,VLOOKUP(AI40,Потребители_обозначение,3,FALSE)*(G40*2-1)+I40+VLOOKUP(AJ40,Этаж_обозначение,3,FALSE)+VLOOKUP(AJ40,Этаж_обозначение,4,FALSE),VLOOKUP(AI40,Потребители_обозначение,3,FALSE)*(G40*2-1)+I40),I40) -> 0 | P40: =IF(VLOOKUP(AI40,Потребители_обозначение,5,FALSE)=2,_xlfn.IFS(H40=3,VLOOKUP(E40,Справочная_двигатели,8,FALSE),H40=1,VLOOKUP(E40,Справочная_двигатели,10,TRUE)),0.95) -> #N/A | U40: =_xlfn.IFS(H40=1,E40*1000/220,H40=3,E40/0.38/1.732) -> #N/A | V40: =IF(S40=0,VLOOKUP(U40,Автомат_номиналы,2,TRUE),S40) -> #N/A | W40: =IF(R40=0,VLOOKUP(V40,Кабель_номиналы,2,TRUE),R40) -> #N/A | X40: =VLOOKUP(W40,Кабель_сопротивление,3,FALSE) -> #N/A | Y40: =VLOOKUP(W40,Кабель_сопротивление,2,FALSE) -> #N/A | Z40: {=_xlfn.IFS(H40=1,2,H40=3,1)} -> #N/A | AA40: =ROUND(SIN(ACOS(P40)),2) -> #N/A | AB40: =Z40*(X40*I40/W40+Y40*I40*AA40/1000)*U40 -> #N/A | AC40: =ROUNDUP(AB40/220*100,2) -> #N/A | AD40: =_xlfn.IFS(H40=3,380,H40=1,220) -> #N/A | AE40: =VLOOKUP(N40,Кабель_обозначение,2,FALSE) -> #N/A | AF40: =IF(VLOOKUP(N40,Кабель_обозначение,3,FALSE)=1,AE40&" ("&O40&"х"&W40&")",AE40) -> #N/A | AG40: =IFERROR(IF(AC40>4.5,1,2),0) -> 0 | AH40: =IFERROR(LEFT(AR40,SEARCH(".",AR40)-1),AR40) | AI40: =IFERROR(LEFT(A40,SEARCH(".",A40)-1),A40) -> 0 | AJ40: =IFERROR(LEFT(AQ40,SEARCH(".",AQ40)-1),AQ40) -> #VALUE! | AK40: =IF(C40=0,B40,C40) -> #N/A | AL40: =ROUNDUP(U40,2) -> #N/A | AM40: =E40 -> 0 | AN40: =D40 -> 0 | AP40: =IF(W40=0,AE40,AF40&" L="&M40&"-"&AC40&"%") -> #N/A | AQ40: =RIGHT(A40,LEN(A40)-SEARCH(".",A40)) -> #VALUE! | AR40: =IFERROR(RIGHT(AQ40,LEN(AQ40)-SEARCH(".",AQ40)),"") | AS40: =IFERROR(IF(VLOOKUP(AI40,Потребители_обозначение,5,FALSE)=2,_xlfn.IFS(H40=3,VLOOKUP(E40,Справочная_двигатели,3,FALSE),H40=1,VLOOKUP(E40,Справочная_двигатели,5,TRUE)),0),0) -> 0 | AT40: =IFERROR(IF(VLOOKUP(AI40,Потребители_обозначение,5,FALSE)=3,VLOOKUP(E40,Справочная_ЛЭД,2,TRUE),0),0) -> 0 | AU40: =IF(AS40=0,AT40,AS40) -> 0
A41: =D41 -> 0 | B41: =IFERROR(IF(VLOOKUP(AI41,Потребители_обозначение,4,FALSE)=1,VLOOKUP(AI41,Потребители_обозначение,2,FALSE)&" "&VLOOKUP(AJ41,Этаж_обозначение,2,FALSE)&" Пом. №"&AH41,VLOOKUP(AI41,Потребители_обозначение,2,FALSE)&" Шлейф №"&AJ41),VLOOKUP(D41,Потребители_обозначение,2,FALSE)) -> #N/A | M41: =IFERROR(IF(VLOOKUP(AI41,Потребители_обозначение,4,FALSE)=1,VLOOKUP(AI41,Потребители_обозначение,3,FALSE)*(G41*2-1)+I41+VLOOKUP(AJ41,Этаж_обозначение,3,FALSE)+VLOOKUP(AJ41,Этаж_обозначение,4,FALSE),VLOOKUP(AI41,Потребители_обозначение,3,FALSE)*(G41*2-1)+I41),I41) -> 0 | P41: =IF(VLOOKUP(AI41,Потребители_обозначение,5,FALSE)=2,_xlfn.IFS(H41=3,VLOOKUP(E41,Справочная_двигатели,8,FALSE),H41=1,VLOOKUP(E41,Справочная_двигатели,10,TRUE)),0.95) -> #N/A | U41: =_xlfn.IFS(H41=1,E41*1000/220,H41=3,E41/0.38/1.732) -> #N/A | V41: =IF(S41=0,VLOOKUP(U41,Автомат_номиналы,2,TRUE),S41) -> #N/A | W41: =IF(R41=0,VLOOKUP(V41,Кабель_номиналы,2,TRUE),R41) -> #N/A | X41: =VLOOKUP(W41,Кабель_сопротивление,3,FALSE) -> #N/A | Y41: =VLOOKUP(W41,Кабель_сопротивление,2,FALSE) -> #N/A | Z41: {=_xlfn.IFS(H41=1,2,H41=3,1)} -> #N/A | AA41: =ROUND(SIN(ACOS(P41)),2) -> #N/A | AB41: =Z41*(X41*I41/W41+Y41*I41*AA41/1000)*U41 -> #N/A | AC41: =ROUNDUP(AB41/220*100,2) -> #N/A | AD41: =_xlfn.IFS(H41=3,380,H41=1,220) -> #N/A | AE41: =VLOOKUP(N41,Кабель_обозначение,2,FALSE) -> #N/A | AF41: =IF(VLOOKUP(N41,Кабель_обозначение,3,FALSE)=1,AE41&" ("&O41&"х"&W41&")",AE41) -> #N/A | AG41: =IFERROR(IF(AC41>4.5,1,2),0) -> 0 | AH41: =IFERROR(LEFT(AR41,SEARCH(".",AR41)-1),AR41) | AI41: =IFERROR(LEFT(A41,SEARCH(".",A41)-1),A41) -> 0 | AJ41: =IFERROR(LEFT(AQ41,SEARCH(".",AQ41)-1),AQ41) -> #VALUE! | AK41: =IF(C41=0,B41,C41) -> #N/A | AL41: =ROUNDUP(U41,2) -> #N/A | AM41: =E41 -> 0 | AN41: =D41 -> 0 | AP41: =IF(W41=0,AE41,AF41&" L="&M41&"-"&AC41&"%") -> #N/A | AQ41: =RIGHT(A41,LEN(A41)-SEARCH(".",A41)) -> #VALUE! | AR41: =IFERROR(RIGHT(AQ41,LEN(AQ41)-SEARCH(".",AQ41)),"") | AS41: =IFERROR(IF(VLOOKUP(AI41,Потребители_обозначение,5,FALSE)=2,_xlfn.IFS(H41=3,VLOOKUP(E41,Справочная_двигатели,3,FALSE),H41=1,VLOOKUP(E41,Справочная_двигатели,5,TRUE)),0),0) -> 0 | AT41: =IFERROR(IF(VLOOKUP(AI41,Потребители_обозначение,5,FALSE)=3,VLOOKUP(E41,Справочная_ЛЭД,2,TRUE),0),0) -> 0 | AU41: =IF(AS41=0,AT41,AS41) -> 0
A42: =D42 -> 0 | B42: =IFERROR(IF(VLOOKUP(AI42,Потребители_обозначение,4,FALSE)=1,VLOOKUP(AI42,Потребители_обозначение,2,FALSE)&" "&VLOOKUP(AJ42,Этаж_обозначение,2,FALSE)&" Пом. №"&AH42,VLOOKUP(AI42,Потребители_обозначение,2,FALSE)&" Шлейф №"&AJ42),VLOOKUP(D42,Потребители_обозначение,2,FALSE)) -> #N/A | M42: =IFERROR(IF(VLOOKUP(AI42,Потребители_обозначение,4,FALSE)=1,VLOOKUP(AI42,Потребители_обозначение,3,FALSE)*(G42*2-1)+I42+VLOOKUP(AJ42,Этаж_обозначение,3,FALSE)+VLOOKUP(AJ42,Этаж_обозначение,4,FALSE),VLOOKUP(AI42,Потребители_обозначение,3,FALSE)*(G42*2-1)+I42),I42) -> 0 | P42: =IF(VLOOKUP(AI42,Потребители_обозначение,5,FALSE)=2,_xlfn.IFS(H42=3,VLOOKUP(E42,Справочная_двигатели,8,FALSE),H42=1,VLOOKUP(E42,Справочная_двигатели,10,TRUE)),0.95) -> #N/A | U42: =_xlfn.IFS(H42=1,E42*1000/220,H42=3,E42/0.38/1.732) -> #N/A | V42: =IF(S42=0,VLOOKUP(U42,Автомат_номиналы,2,TRUE),S42) -> #N/A | W42: =IF(R42=0,VLOOKUP(V42,Кабель_номиналы,2,TRUE),R42) -> #N/A | X42: =VLOOKUP(W42,Кабель_сопротивление,3,FALSE) -> #N/A | Y42: =VLOOKUP(W42,Кабель_сопротивление,2,FALSE) -> #N/A | Z42: {=_xlfn.IFS(H42=1,2,H42=3,1)} -> #N/A | AA42: =ROUND(SIN(ACOS(P42)),2) -> #N/A | AB42: =Z42*(X42*I42/W42+Y42*I42*AA42/1000)*U42 -> #N/A | AC42: =ROUNDUP(AB42/220*100,2) -> #N/A | AD42: =_xlfn.IFS(H42=3,380,H42=1,220) -> #N/A | AE42: =VLOOKUP(N42,Кабель_обозначение,2,FALSE) -> #N/A | AF42: =IF(VLOOKUP(N42,Кабель_обозначение,3,FALSE)=1,AE42&" ("&O42&"х"&W42&")",AE42) -> #N/A | AG42: =IFERROR(IF(AC42>4.5,1,2),0) -> 0 | AH42: =IFERROR(LEFT(AR42,SEARCH(".",AR42)-1),AR42) | AI42: =IFERROR(LEFT(A42,SEARCH(".",A42)-1),A42) -> 0 | AJ42: =IFERROR(LEFT(AQ42,SEARCH(".",AQ42)-1),AQ42) -> #VALUE! | AK42: =IF(C42=0,B42,C42) -> #N/A | AL42: =ROUNDUP(U42,2) -> #N/A | AM42: =E42 -> 0 | AN42: =D42 -> 0 | AP42: =IF(W42=0,AE42,AF42&" L="&M42&"-"&AC42&"%") -> #N/A | AQ42: =RIGHT(A42,LEN(A42)-SEARCH(".",A42)) -> #VALUE! | AR42: =IFERROR(RIGHT(AQ42,LEN(AQ42)-SEARCH(".",AQ42)),"") | AS42: =IFERROR(IF(VLOOKUP(AI42,Потребители_обозначение,5,FALSE)=2,_xlfn.IFS(H42=3,VLOOKUP(E42,Справочная_двигатели,3,FALSE),H42=1,VLOOKUP(E42,Справочная_двигатели,5,TRUE)),0),0) -> 0 | AT42: =IFERROR(IF(VLOOKUP(AI42,Потребители_обозначение,5,FALSE)=3,VLOOKUP(E42,Справочная_ЛЭД,2,TRUE),0),0) -> 0 | AU42: =IF(AS42=0,AT42,AS42) -> 0
A43: =D43 -> 0 | B43: =IFERROR(IF(VLOOKUP(AI43,Потребители_обозначение,4,FALSE)=1,VLOOKUP(AI43,Потребители_обозначение,2,FALSE)&" "&VLOOKUP(AJ43,Этаж_обозначение,2,FALSE)&" Пом. №"&AH43,VLOOKUP(AI43,Потребители_обозначение,2,FALSE)&" Шлейф №"&AJ43),VLOOKUP(D43,Потребители_обозначение,2,FALSE)) -> #N/A | M43: =IFERROR(IF(VLOOKUP(AI43,Потребители_обозначение,4,FALSE)=1,VLOOKUP(AI43,Потребители_обозначение,3,FALSE)*(G43*2-1)+I43+VLOOKUP(AJ43,Этаж_обозначение,3,FALSE)+VLOOKUP(AJ43,Этаж_обозначение,4,FALSE),VLOOKUP(AI43,Потребители_обозначение,3,FALSE)*(G43*2-1)+I43),I43) -> 0 | P43: =IF(VLOOKUP(AI43,Потребители_обозначение,5,FALSE)=2,_xlfn.IFS(H43=3,VLOOKUP(E43,Справочная_двигатели,8,FALSE),H43=1,VLOOKUP(E43,Справочная_двигатели,10,TRUE)),0.95) -> #N/A | U43: =_xlfn.IFS(H43=1,E43*1000/220,H43=3,E43/0.38/1.732) -> #N/A | V43: =IF(S43=0,VLOOKUP(U43,Автомат_номиналы,2,TRUE),S43) -> #N/A | W43: =IF(R43=0,VLOOKUP(V43,Кабель_номиналы,2,TRUE),R43) -> #N/A | X43: =VLOOKUP(W43,Кабель_сопротивление,3,FALSE) -> #N/A | Y43: =VLOOKUP(W43,Кабель_сопротивление,2,FALSE) -> #N/A | Z43: {=_xlfn.IFS(H43=1,2,H43=3,1)} -> #N/A | AA43: =ROUND(SIN(ACOS(P43)),2) -> #N/A | AB43: =Z43*(X43*I43/W43+Y43*I43*AA43/1000)*U43 -> #N/A | AC43: =ROUNDUP(AB43/220*100,2) -> #N/A | AD43: =_xlfn.IFS(H43=3,380,H43=1,220) -> #N/A | AE43: =VLOOKUP(N43,Кабель_обозначение,2,FALSE) -> #N/A | AF43: =IF(VLOOKUP(N43,Кабель_обозначение,3,FALSE)=1,AE43&" ("&O43&"х"&W43&")",AE43) -> #N/A | AG43: =IFERROR(IF(AC43>4.5,1,2),0) -> 0 | AH43: =IFERROR(LEFT(AR43,SEARCH(".",AR43)-1),AR43) | AI43: =IFERROR(LEFT(A43,SEARCH(".",A43)-1),A43) -> 0 | AJ43: =IFERROR(LEFT(AQ43,SEARCH(".",AQ43)-1),AQ43) -> #VALUE! | AK43: =IF(C43=0,B43,C43) -> #N/A | AL43: =ROUNDUP(U43,2) -> #N/A | AM43: =E43 -> 0 | AN43: =D43 -> 0 | AP43: =IF(W43=0,AE43,AF43&" L="&M43&"-"&AC43&"%") -> #N/A | AQ43: =RIGHT(A43,LEN(A43)-SEARCH(".",A43)) -> #VALUE! | AR43: =IFERROR(RIGHT(AQ43,LEN(AQ43)-SEARCH(".",AQ43)),"") | AS43: =IFERROR(IF(VLOOKUP(AI43,Потребители_обозначение,5,FALSE)=2,_xlfn.IFS(H43=3,VLOOKUP(E43,Справочная_двигатели,3,FALSE),H43=1,VLOOKUP(E43,Справочная_двигатели,5,TRUE)),0),0) -> 0 | AT43: =IFERROR(IF(VLOOKUP(AI43,Потребители_обозначение,5,FALSE)=3,VLOOKUP(E43,Справочная_ЛЭД,2,TRUE),0),0) -> 0 | AU43: =IF(AS43=0,AT43,AS43) -> 0
... A57: =D57 -> 0 | B57: =IFERROR(IF(VLOOKUP(AI57,Потребители_обозначение,4,FALSE)=1,VLOOKUP(AI57,Потребители_обозначение,2,FALSE)&" "&VLOOKUP(AJ57,Этаж_обозначение,2,FALSE)&" Пом. №"&AH57,VLOOKUP(AI57,Потребители_обозначение,2,FALSE)&" Шлейф №"&AJ57),VLOOKUP(D57,Потребители_обозначение,2,FALSE)) -> #N/A | M57: =IFERROR(IF(VLOOKUP(AI57,Потребители_обозначение,4,FALSE)=1,VLOOKUP(AI57,Потребители_обозначение,3,FALSE)*(G57*2-1)+I57+VLOOKUP(AJ57,Этаж_обозначение,3,FALSE)+VLOOKUP(AJ57,Этаж_обозначение,4,FALSE),VLOOKUP(AI57,Потребители_обозначение,3,FALSE)*(G57*2-1)+I57),I57) -> 0 | P57: =IF(VLOOKUP(AI57,Потребители_обозначение,5,FALSE)=2,_xlfn.IFS(H57=3,VLOOKUP(E57,Справочная_двигатели,8,FALSE),H57=1,VLOOKUP(E57,Справочная_двигатели,10,TRUE)),0.95) -> #N/A | U57: =_xlfn.IFS(H57=1,E57*1000/220,H57=3,E57/0.38/1.732) -> #N/A | V57: =IF(S57=0,VLOOKUP(U57,Автомат_номиналы,2,TRUE),S57) -> #N/A | W57: =IF(R57=0,VLOOKUP(V57,Кабель_номиналы,2,TRUE),R57) -> #N/A | X57: =VLOOKUP(W57,Кабель_сопротивление,3,FALSE) -> #N/A | Y57: =VLOOKUP(W57,Кабель_сопротивление,2,FALSE) -> #N/A | Z57: {=_xlfn.IFS(H57=1,2,H57=3,1)} -> #N/A | AA57: =ROUND(SIN(ACOS(P57)),2) -> #N/A | AB57: =Z57*(X57*I57/W57+Y57*I57*AA57/1000)*U57 -> #N/A | AC57: =ROUNDUP(AB57/220*100,2) -> #N/A | AD57: =_xlfn.IFS(H57=3,380,H57=1,220) -> #N/A | AE57: =VLOOKUP(N57,Кабель_обозначение,2,FALSE) -> #N/A | AF57: =IF(VLOOKUP(N57,Кабель_обозначение,3,FALSE)=1,AE57&" ("&O57&"х"&W57&")",AE57) -> #N/A | AG57: =IFERROR(IF(AC57>4.5,1,2),0) -> 0 | AH57: =IFERROR(LEFT(AR57,SEARCH(".",AR57)-1),AR57) | AI57: =IFERROR(LEFT(A57,SEARCH(".",A57)-1),A57) -> 0 | AJ57: =IFERROR(LEFT(AQ57,SEARCH(".",AQ57)-1),AQ57) -> #VALUE! | AK57: =IF(C57=0,B57,C57) -> #N/A | AL57: =ROUNDUP(U57,2) -> #N/A | AM57: =E57 -> 0 | AN57: =D57 -> 0 | AP57: =IF(W57=0,AE57,AF57&" L="&M57&"-"&AC57&"%") -> #N/A | AQ57: =RIGHT(A57,LEN(A57)-SEARCH(".",A57)) -> #VALUE! | AR57: =IFERROR(RIGHT(AQ57,LEN(AQ57)-SEARCH(".",AQ57)),"") | AS57: =IFERROR(IF(VLOOKUP(AI57,Потребители_обозначение,5,FALSE)=2,_xlfn.IFS(H57=3,VLOOKUP(E57,Справочная_двигатели,3,FALSE),H57=1,VLOOKUP(E57,Справочная_двигатели,5,TRUE)),0),0) -> 0 | AT57: =IFERROR(IF(VLOOKUP(AI57,Потребители_обозначение,5,FALSE)=3,VLOOKUP(E57,Справочная_ЛЭД,2,TRUE),0),0) -> 0 | AU57: =IF(AS57=0,AT57,AS57) -> 0
A58: =D58 -> 0 | B58: =IFERROR(IF(VLOOKUP(AI58,Потребители_обозначение,4,FALSE)=1,VLOOKUP(AI58,Потребители_обозначение,2,FALSE)&" "&VLOOKUP(AJ58,Этаж_обозначение,2,FALSE)&" Пом. №"&AH58,VLOOKUP(AI58,Потребители_обозначение,2,FALSE)&" Шлейф №"&AJ58),VLOOKUP(D58,Потребители_обозначение,2,FALSE)) -> #N/A | C58: между цокольным и тех 15м | M58: =IFERROR(IF(VLOOKUP(AI58,Потребители_обозначение,4,FALSE)=1,VLOOKUP(AI58,Потребители_обозначение,3,FALSE)*(G58*2-1)+I58+VLOOKUP(AJ58,Этаж_обозначение,3,FALSE)+VLOOKUP(AJ58,Этаж_обозначение,4,FALSE),VLOOKUP(AI58,Потребители_обозначение,3,FALSE)*(G58*2-1)+I58),I58) -> 0 | P58: =IF(VLOOKUP(AI58,Потребители_обозначение,5,FALSE)=2,_xlfn.IFS(H58=3,VLOOKUP(E58,Справочная_двигатели,8,FALSE),H58=1,VLOOKUP(E58,Справочная_двигатели,10,TRUE)),0.95) -> #N/A | U58: =_xlfn.IFS(H58=1,E58*1000/220,H58=3,E58/0.38/1.732) -> #N/A | V58: =IF(S58=0,VLOOKUP(U58,Автомат_номиналы,2,TRUE),S58) -> #N/A | W58: =IF(R58=0,VLOOKUP(V58,Кабель_номиналы,2,TRUE),R58) -> #N/A | X58: =VLOOKUP(W58,Кабель_сопротивление,3,FALSE) -> #N/A | Y58: =VLOOKUP(W58,Кабель_сопротивление,2,FALSE) -> #N/A | Z58: {=_xlfn.IFS(H58=1,2,H58=3,1)} -> #N/A | AA58: =ROUND(SIN(ACOS(P58)),2) -> #N/A | AB58: =Z58*(X58*I58/W58+Y58*I58*AA58/1000)*U58 -> #N/A | AC58: =ROUNDUP(AB58/220*100,2) -> #N/A | AD58: =_xlfn.IFS(H58=3,380,H58=1,220) -> #N/A | AE58: =VLOOKUP(N58,Кабель_обозначение,2,FALSE) -> #N/A | AF58: =IF(VLOOKUP(N58,Кабель_обозначение,3,FALSE)=1,AE58&" ("&O58&"х"&W58&")",AE58) -> #N/A | AG58: =IFERROR(IF(AC58>4.5,1,2),0) -> 0 | AH58: =IFERROR(LEFT(AR58,SEARCH(".",AR58)-1),AR58) | AI58: =IFERROR(LEFT(A58,SEARCH(".",A58)-1),A58) -> 0 | AJ58: =IFERROR(LEFT(AQ58,SEARCH(".",AQ58)-1),AQ58) -> #VALUE! | AK58: =IF(C58=0,B58,C58) -> между цокольным и тех 15м | AL58: =ROUNDUP(U58,2) -> #N/A | AM58: =E58 -> 0 | AN58: =D58 -> 0 | AP58: =IF(W58=0,AE58,AF58&" L="&M58&"-"&AC58&"%") -> #N/A | AQ58: =RIGHT(A58,LEN(A58)-SEARCH(".",A58)) -> #VALUE! | AR58: =IFERROR(RIGHT(AQ58,LEN(AQ58)-SEARCH(".",AQ58)),"") | AS58: =IFERROR(IF(VLOOKUP(AI58,Потребители_обозначение,5,FALSE)=2,_xlfn.IFS(H58=3,VLOOKUP(E58,Справочная_двигатели,3,FALSE),H58=1,VLOOKUP(E58,Справочная_двигатели,5,TRUE)),0),0) -> 0 | AT58: =IFERROR(IF(VLOOKUP(AI58,Потребители_обозначение,5,FALSE)=3,VLOOKUP(E58,Справочная_ЛЭД,2,TRUE),0),0) -> 0 | AU58: =IF(AS58=0,AT58,AS58) -> 0
A59: =D59 -> 0 | B59: =IFERROR(IF(VLOOKUP(AI59,Потребители_обозначение,4,FALSE)=1,VLOOKUP(AI59,Потребители_обозначение,2,FALSE)&" "&VLOOKUP(AJ59,Этаж_обозначение,2,FALSE)&" Пом. №"&AH59,VLOOKUP(AI59,Потребители_обозначение,2,FALSE)&" Шлейф №"&AJ59),VLOOKUP(D59,Потребители_обозначение,2,FALSE)) -> #N/A | C59: между цокольным и первым 6м | E59: 9 | F59: 9 | M59: =IFERROR(IF(VLOOKUP(AI59,Потребители_обозначение,4,FALSE)=1,VLOOKUP(AI59,Потребители_обозначение,3,FALSE)*(G59*2-1)+I59+VLOOKUP(AJ59,Этаж_обозначение,3,FALSE)+VLOOKUP(AJ59,Этаж_обозначение,4,FALSE),VLOOKUP(AI59,Потребители_обозначение,3,FALSE)*(G59*2-1)+I59),I59) -> 0 | P59: =IF(VLOOKUP(AI59,Потребители_обозначение,5,FALSE)=2,_xlfn.IFS(H59=3,VLOOKUP(E59,Справочная_двигатели,8,FALSE),H59=1,VLOOKUP(E59,Справочная_двигатели,10,TRUE)),0.95) -> #N/A | U59: =_xlfn.IFS(H59=1,E59*1000/220,H59=3,E59/0.38/1.732) -> #N/A | V59: =IF(S59=0,VLOOKUP(U59,Автомат_номиналы,2,TRUE),S59) -> #N/A | W59: =IF(R59=0,VLOOKUP(V59,Кабель_номиналы,2,TRUE),R59) -> #N/A | X59: =VLOOKUP(W59,Кабель_сопротивление,3,FALSE) -> #N/A | Y59: =VLOOKUP(W59,Кабель_сопротивление,2,FALSE) -> #N/A | Z59: {=_xlfn.IFS(H59=1,2,H59=3,1)} -> #N/A | AA59: =ROUND(SIN(ACOS(P59)),2) -> #N/A | AB59: =Z59*(X59*I59/W59+Y59*I59*AA59/1000)*U59 -> #N/A | AC59: =ROUNDUP(AB59/220*100,2) -> #N/A | AD59: =_xlfn.IFS(H59=3,380,H59=1,220) -> #N/A | AE59: =VLOOKUP(N59,Кабель_обозначение,2,FALSE) -> #N/A | AF59: =IF(VLOOKUP(N59,Кабель_обозначение,3,FALSE)=1,AE59&" ("&O59&"х"&W59&")",AE59) -> #N/A | AG59: =IFERROR(IF(AC59>4.5,1,2),0) -> 0 | AH59: =IFERROR(LEFT(AR59,SEARCH(".",AR59)-1),AR59) | AI59: =IFERROR(LEFT(A59,SEARCH(".",A59)-1),A59) -> 0 | AJ59: =IFERROR(LEFT(AQ59,SEARCH(".",AQ59)-1),AQ59) -> #VALUE! | AK59: =IF(C59=0,B59,C59) -> между цокольным и первым 6м | AL59: =ROUNDUP(U59,2) -> #N/A | AM59: =E59 -> 9 | AN59: =D59 -> 0 | AP59: =IF(W59=0,AE59,AF59&" L="&M59&"-"&AC59&"%") -> #N/A | AQ59: =RIGHT(A59,LEN(A59)-SEARCH(".",A59)) -> #VALUE! | AR59: =IFERROR(RIGHT(AQ59,LEN(AQ59)-SEARCH(".",AQ59)),"") | AS59: =IFERROR(IF(VLOOKUP(AI59,Потребители_обозначение,5,FALSE)=2,_xlfn.IFS(H59=3,VLOOKUP(E59,Справочная_двигатели,3,FALSE),H59=1,VLOOKUP(E59,Справочная_двигатели,5,TRUE)),0),0) -> 0 | AT59: =IFERROR(IF(VLOOKUP(AI59,Потребители_обозначение,5,FALSE)=3,VLOOKUP(E59,Справочная_ЛЭД,2,TRUE),0),0) -> 0 | AU59: =IF(AS59=0,AT59,AS59) -> 0
A60: =D60 -> 0 | B60: =IFERROR(IF(VLOOKUP(AI60,Потребители_обозначение,4,FALSE)=1,VLOOKUP(AI60,Потребители_обозначение,2,FALSE)&" "&VLOOKUP(AJ60,Этаж_обозначение,2,FALSE)&" Пом. №"&AH60,VLOOKUP(AI60,Потребители_обозначение,2,FALSE)&" Шлейф №"&AJ60),VLOOKUP(D60,Потребители_обозначение,2,FALSE)) -> #N/A | C60: между ПОДВАЛОМ И цокольным 7м | E60: 5 | F60: 5 | M60: =IFERROR(IF(VLOOKUP(AI60,Потребители_обозначение,4,FALSE)=1,VLOOKUP(AI60,Потребители_обозначение,3,FALSE)*(G60*2-1)+I60+VLOOKUP(AJ60,Этаж_обозначение,3,FALSE)+VLOOKUP(AJ60,Этаж_обозначение,4,FALSE),VLOOKUP(AI60,Потребители_обозначение,3,FALSE)*(G60*2-1)+I60),I60) -> 0 | P60: =IF(VLOOKUP(AI60,Потребители_обозначение,5,FALSE)=2,_xlfn.IFS(H60=3,VLOOKUP(E60,Справочная_двигатели,8,FALSE),H60=1,VLOOKUP(E60,Справочная_двигатели,10,TRUE)),0.95) -> #N/A | U60: =_xlfn.IFS(H60=1,E60*1000/220,H60=3,E60/0.38/1.732) -> #N/A | V60: =IF(S60=0,VLOOKUP(U60,Автомат_номиналы,2,TRUE),S60) -> #N/A | W60: =IF(R60=0,VLOOKUP(V60,Кабель_номиналы,2,TRUE),R60) -> #N/A | X60: =VLOOKUP(W60,Кабель_сопротивление,3,FALSE) -> #N/A | Y60: =VLOOKUP(W60,Кабель_сопротивление,2,FALSE) -> #N/A | Z60: {=_xlfn.IFS(H60=1,2,H60=3,1)} -> #N/A | AA60: =ROUND(SIN(ACOS(P60)),2) -> #N/A | AB60: =Z60*(X60*I60/W60+Y60*I60*AA60/1000)*U60 -> #N/A | AC60: =ROUNDUP(AB60/220*100,2) -> #N/A | AD60: =_xlfn.IFS(H60=3,380,H60=1,220) -> #N/A | AE60: =VLOOKUP(N60,Кабель_обозначение,2,FALSE) -> #N/A | AF60: =IF(VLOOKUP(N60,Кабель_обозначение,3,FALSE)=1,AE60&" ("&O60&"х"&W60&")",AE60) -> #N/A | AG60: =IFERROR(IF(AC60>4.5,1,2),0) -> 0 | AH60: =IFERROR(LEFT(AR60,SEARCH(".",AR60)-1),AR60) | AI60: =IFERROR(LEFT(A60,SEARCH(".",A60)-1),A60) -> 0 | AJ60: =IFERROR(LEFT(AQ60,SEARCH(".",AQ60)-1),AQ60) -> #VALUE! | AK60: =IF(C60=0,B60,C60) -> между ПОДВАЛОМ И цокольным 7м | AL60: =ROUNDUP(U60,2) -> #N/A | AM60: =E60 -> 5 | AN60: =D60 -> 0 | AP60: =IF(W60=0,AE60,AF60&" L="&M60&"-"&AC60&"%") -> #N/A | AQ60: =RIGHT(A60,LEN(A60)-SEARCH(".",A60)) -> #VALUE! | AR60: =IFERROR(RIGHT(AQ60,LEN(AQ60)-SEARCH(".",AQ60)),"") | AS60: =IFERROR(IF(VLOOKUP(AI60,Потребители_обозначение,5,FALSE)=2,_xlfn.IFS(H60=3,VLOOKUP(E60,Справочная_двигатели,3,FALSE),H60=1,VLOOKUP(E60,Справочная_двигатели,5,TRUE)),0),0) -> 0 | AT60: =IFERROR(IF(VLOOKUP(AI60,Потребители_обозначение,5,FALSE)=3,VLOOKUP(E60,Справочная_ЛЭД,2,TRUE),0),0) -> 0 | AU60: =IF(AS60=0,AT60,AS60) -> 0
A61: =D61 -> 0 | B61: =IFERROR(IF(VLOOKUP(AI61,Потребители_обозначение,4,FALSE)=1,VLOOKUP(AI61,Потребители_обозначение,2,FALSE)&" "&VLOOKUP(AJ61,Этаж_обозначение,2,FALSE)&" Пом. №"&AH61,VLOOKUP(AI61,Потребители_обозначение,2,FALSE)&" Шлейф №"&AJ61),VLOOKUP(D61,Потребители_обозначение,2,FALSE)) -> #N/A | M61: =IFERROR(IF(VLOOKUP(AI61,Потребители_обозначение,4,FALSE)=1,VLOOKUP(AI61,Потребители_обозначение,3,FALSE)*(G61*2-1)+I61+VLOOKUP(AJ61,Этаж_обозначение,3,FALSE)+VLOOKUP(AJ61,Этаж_обозначение,4,FALSE),VLOOKUP(AI61,Потребители_обозначение,3,FALSE)*(G61*2-1)+I61),I61) -> 0 | P61: =IF(VLOOKUP(AI61,Потребители_обозначение,5,FALSE)=2,_xlfn.IFS(H61=3,VLOOKUP(E61,Справочная_двигатели,8,FALSE),H61=1,VLOOKUP(E61,Справочная_двигатели,10,TRUE)),0.95) -> #N/A | U61: =_xlfn.IFS(H61=1,E61*1000/220,H61=3,E61/0.38/1.732) -> #N/A | V61: =IF(S61=0,VLOOKUP(U61,Автомат_номиналы,2,TRUE),S61) -> #N/A | W61: =IF(R61=0,VLOOKUP(V61,Кабель_номиналы,2,TRUE),R61) -> #N/A | X61: =VLOOKUP(W61,Кабель_сопротивление,3,FALSE) -> #N/A | Y61: =VLOOKUP(W61,Кабель_сопротивление,2,FALSE) -> #N/A | Z61: {=_xlfn.IFS(H61=1,2,H61=3,1)} -> #N/A | AA61: =ROUND(SIN(ACOS(P61)),2) -> #N/A | AB61: =Z61*(X61*I61/W61+Y61*I61*AA61/1000)*U61 -> #N/A | AC61: =ROUNDUP(AB61/220*100,2) -> #N/A | AD61: =_xlfn.IFS(H61=3,380,H61=1,220) -> #N/A | AE61: =VLOOKUP(N61,Кабель_обозначение,2,FALSE) -> #N/A | AF61: =IF(VLOOKUP(N61,Кабель_обозначение,3,FALSE)=1,AE61&" ("&O61&"х"&W61&")",AE61) -> #N/A | AG61: =IFERROR(IF(AC61>4.5,1,2),0) -> 0 | AH61: =IFERROR(LEFT(AR61,SEARCH(".",AR61)-1),AR61) | AI61: =IFERROR(LEFT(A61,SEARCH(".",A61)-1),A61) -> 0 | AJ61: =IFERROR(LEFT(AQ61,SEARCH(".",AQ61)-1),AQ61) -> #VALUE! | AK61: =IF(C61=0,B61,C61) -> #N/A | AL61: =ROUNDUP(U61,2) -> #N/A | AM61: =E61 -> 0 | AN61: =D61 -> 0 | AP61: =IF(W61=0,AE61,AF61&" L="&M61&"-"&AC61&"%") -> #N/A | AQ61: =RIGHT(A61,LEN(A61)-SEARCH(".",A61)) -> #VALUE! | AR61: =IFERROR(RIGHT(AQ61,LEN(AQ61)-SEARCH(".",AQ61)),"") | AS61: =IFERROR(IF(VLOOKUP(AI61,Потребители_обозначение,5,FALSE)=2,_xlfn.IFS(H61=3,VLOOKUP(E61,Справочная_двигатели,3,FALSE),H61=1,VLOOKUP(E61,Справочная_двигатели,5,TRUE)),0),0) -> 0 | AT61: =IFERROR(IF(VLOOKUP(AI61,Потребители_обозначение,5,FALSE)=3,VLOOKUP(E61,Справочная_ЛЭД,2,TRUE),0),0) -> 0 | AU61: =IF(AS61=0,AT61,AS61) -> 0
A62: =D62 -> 0 | B62: =IFERROR(IF(VLOOKUP(AI62,Потребители_обозначение,4,FALSE)=1,VLOOKUP(AI62,Потребители_обозначение,2,FALSE)&" "&VLOOKUP(AJ62,Этаж_обозначение,2,FALSE)&" Пом. №"&AH62,VLOOKUP(AI62,Потребители_обозначение,2,FALSE)&" Шлейф №"&AJ62),VLOOKUP(D62,Потребители_обозначение,2,FALSE)) -> #N/A | M62: =IFERROR(IF(VLOOKUP(AI62,Потребители_обозначение,4,FALSE)=1,VLOOKUP(AI62,Потребители_обозначение,3,FALSE)*(G62*2-1)+I62+VLOOKUP(AJ62,Этаж_обозначение,3,FALSE)+VLOOKUP(AJ62,Этаж_обозначение,4,FALSE),VLOOKUP(AI62,Потребители_обозначение,3,FALSE)*(G62*2-1)+I62),I62) -> 0 | P62: =IF(VLOOKUP(AI62,Потребители_обозначение,5,FALSE)=2,_xlfn.IFS(H62=3,VLOOKUP(E62,Справочная_двигатели,8,FALSE),H62=1,VLOOKUP(E62,Справочная_двигатели,10,TRUE)),0.95) -> #N/A | U62: =_xlfn.IFS(H62=1,E62*1000/220,H62=3,E62/0.38/1.732) -> #N/A | V62: =IF(S62=0,VLOOKUP(U62,Автомат_номиналы,2,TRUE),S62) -> #N/A | W62: =IF(R62=0,VLOOKUP(V62,Кабель_номиналы,2,TRUE),R62) -> #N/A | X62: =VLOOKUP(W62,Кабель_сопротивление,3,FALSE) -> #N/A | Y62: =VLOOKUP(W62,Кабель_сопротивление,2,FALSE) -> #N/A | Z62: {=_xlfn.IFS(H62=1,2,H62=3,1)} -> #N/A | AA62: =ROUND(SIN(ACOS(P62)),2) -> #N/A | AB62: =Z62*(X62*I62/W62+Y62*I62*AA62/1000)*U62 -> #N/A | AC62: =ROUNDUP(AB62/220*100,2) -> #N/A | AD62: =_xlfn.IFS(H62=3,380,H62=1,220) -> #N/A | AE62: =VLOOKUP(N62,Кабель_обозначение,2,FALSE) -> #N/A | AF62: =IF(VLOOKUP(N62,Кабель_обозначение,3,FALSE)=1,AE62&" ("&O62&"х"&W62&")",AE62) -> #N/A | AG62: =IFERROR(IF(AC62>4.5,1,2),0) -> 0 | AH62: =IFERROR(LEFT(AR62,SEARCH(".",AR62)-1),AR62) | AI62: =IFERROR(LEFT(A62,SEARCH(".",A62)-1),A62) -> 0 | AJ62: =IFERROR(LEFT(AQ62,SEARCH(".",AQ62)-1),AQ62) -> #VALUE! | AK62: =IF(C62=0,B62,C62) -> #N/A | AL62: =ROUNDUP(U62,2) -> #N/A | AM62: =E62 -> 0 | AN62: =D62 -> 0 | AP62: =IF(W62=0,AE62,AF62&" L="&M62&"-"&AC62&"%") -> #N/A | AQ62: =RIGHT(A62,LEN(A62)-SEARCH(".",A62)) -> #VALUE! | AR62: =IFERROR(RIGHT(AQ62,LEN(AQ62)-SEARCH(".",AQ62)),"") | AS62: =IFERROR(IF(VLOOKUP(AI62,Потребители_обозначение,5,FALSE)=2,_xlfn.IFS(H62=3,VLOOKUP(E62,Справочная_двигатели,3,FALSE),H62=1,VLOOKUP(E62,Справочная_двигатели,5,TRUE)),0),0) -> 0 | AT62: =IFERROR(IF(VLOOKUP(AI62,Потребители_обозначение,5,FALSE)=3,VLOOKUP(E62,Справочная_ЛЭД,2,TRUE),0),0) -> 0 | AU62: =IF(AS62=0,AT62,AS62) -> 0
A63: =D63 -> 0 | B63: =IFERROR(IF(VLOOKUP(AI63,Потребители_обозначение,4,FALSE)=1,VLOOKUP(AI63,Потребители_обозначение,2,FALSE)&" "&VLOOKUP(AJ63,Этаж_обозначение,2,FALSE)&" Пом. №"&AH63,VLOOKUP(AI63,Потребители_обозначение,2,FALSE)&" Шлейф №"&AJ63),VLOOKUP(D63,Потребители_обозначение,2,FALSE)) -> #N/A | M63: =IFERROR(IF(VLOOKUP(AI63,Потребители_обозначение,4,FALSE)=1,VLOOKUP(AI63,Потребители_обозначение,3,FALSE)*(G63*2-1)+I63+VLOOKUP(AJ63,Этаж_обозначение,3,FALSE)+VLOOKUP(AJ63,Этаж_обозначение,4,FALSE),VLOOKUP(AI63,Потребители_обозначение,3,FALSE)*(G63*2-1)+I63),I63) -> 0 | P63: =IF(VLOOKUP(AI63,Потребители_обозначение,5,FALSE)=2,_xlfn.IFS(H63=3,VLOOKUP(E63,Справочная_двигатели,8,FALSE),H63=1,VLOOKUP(E63,Справочная_двигатели,10,TRUE)),0.95) -> #N/A | U63: =_xlfn.IFS(H63=1,E63*1000/220,H63=3,E63/0.38/1.732) -> #N/A | V63: =IF(S63=0,VLOOKUP(U63,Автомат_номиналы,2,TRUE),S63) -> #N/A | W63: =IF(R63=0,VLOOKUP(V63,Кабель_номиналы,2,TRUE),R63) -> #N/A | X63: =VLOOKUP(W63,Кабель_сопротивление,3,FALSE) -> #N/A | Y63: =VLOOKUP(W63,Кабель_сопротивление,2,FALSE) -> #N/A | Z63: {=_xlfn.IFS(H63=1,2,H63=3,1)} -> #N/A | AA63: =ROUND(SIN(ACOS(P63)),2) -> #N/A | AB63: =Z63*(X63*I63/W63+Y63*I63*AA63/1000)*U63 -> #N/A | AC63: =ROUNDUP(AB63/220*100,2) -> #N/A | AD63: =_xlfn.IFS(H63=3,380,H63=1,220) -> #N/A | AE63: =VLOOKUP(N63,Кабель_обозначение,2,FALSE) -> #N/A | AF63: =IF(VLOOKUP(N63,Кабель_обозначение,3,FALSE)=1,AE63&" ("&O63&"х"&W63&")",AE63) -> #N/A | AG63: =IFERROR(IF(AC63>4.5,1,2),0) -> 0 | AH63: =IFERROR(LEFT(AR63,SEARCH(".",AR63)-1),AR63) | AI63: =IFERROR(LEFT(A63,SEARCH(".",A63)-1),A63) -> 0 | AJ63: =IFERROR(LEFT(AQ63,SEARCH(".",AQ63)-1),AQ63) -> #VALUE! | AK63: =IF(C63=0,B63,C63) -> #N/A | AL63: =ROUNDUP(U63,2) -> #N/A | AM63: =E63 -> 0 | AN63: =D63 -> 0 | AP63: =IF(W63=0,AE63,AF63&" L="&M63&"-"&AC63&"%") -> #N/A | AQ63: =RIGHT(A63,LEN(A63)-SEARCH(".",A63)) -> #VALUE! | AR63: =IFERROR(RIGHT(AQ63,LEN(AQ63)-SEARCH(".",AQ63)),"") | AS63: =IFERROR(IF(VLOOKUP(AI63,Потребители_обозначение,5,FALSE)=2,_xlfn.IFS(H63=3,VLOOKUP(E63,Справочная_двигатели,3,FALSE),H63=1,VLOOKUP(E63,Справочная_двигатели,5,TRUE)),0),0) -> 0 | AT63: =IFERROR(IF(VLOOKUP(AI63,Потребители_обозначение,5,FALSE)=3,VLOOKUP(E63,Справочная_ЛЭД,2,TRUE),0),0) -> 0 | AU63: =IF(AS63=0,AT63,AS63) -> 0
A64: =D64 -> 0 | B64: =IFERROR(IF(VLOOKUP(AI64,Потребители_обозначение,4,FALSE)=1,VLOOKUP(AI64,Потребители_обозначение,2,FALSE)&" "&VLOOKUP(AJ64,Этаж_обозначение,2,FALSE)&" Пом. №"&AH64,VLOOKUP(AI64,Потребители_обозначение,2,FALSE)&" Шлейф №"&AJ64),VLOOKUP(D64,Потребители_обозначение,2,FALSE)) -> #N/A | M64: =IFERROR(IF(VLOOKUP(AI64,Потребители_обозначение,4,FALSE)=1,VLOOKUP(AI64,Потребители_обозначение,3,FALSE)*(G64*2-1)+I64+VLOOKUP(AJ64,Этаж_обозначение,3,FALSE)+VLOOKUP(AJ64,Этаж_обозначение,4,FALSE),VLOOKUP(AI64,Потребители_обозначение,3,FALSE)*(G64*2-1)+I64),I64) -> 0 | P64: =IF(VLOOKUP(AI64,Потребители_обозначение,5,FALSE)=2,_xlfn.IFS(H64=3,VLOOKUP(E64,Справочная_двигатели,8,FALSE),H64=1,VLOOKUP(E64,Справочная_двигатели,10,TRUE)),0.95) -> #N/A | U64: =_xlfn.IFS(H64=1,E64*1000/220,H64=3,E64/0.38/1.732) -> #N/A | V64: =IF(S64=0,VLOOKUP(U64,Автомат_номиналы,2,TRUE),S64) -> #N/A | W64: =IF(R64=0,VLOOKUP(V64,Кабель_номиналы,2,TRUE),R64) -> #N/A | X64: =VLOOKUP(W64,Кабель_сопротивление,3,FALSE) -> #N/A | Y64: =VLOOKUP(W64,Кабель_сопротивление,2,FALSE) -> #N/A | Z64: {=_xlfn.IFS(H64=1,2,H64=3,1)} -> #N/A | AA64: =ROUND(SIN(ACOS(P64)),2) -> #N/A | AB64: =Z64*(X64*I64/W64+Y64*I64*AA64/1000)*U64 -> #N/A | AC64: =ROUNDUP(AB64/220*100,2) -> #N/A | AD64: =_xlfn.IFS(H64=3,380,H64=1,220) -> #N/A | AE64: =VLOOKUP(N64,Кабель_обозначение,2,FALSE) -> #N/A | AF64: =IF(VLOOKUP(N64,Кабель_обозначение,3,FALSE)=1,AE64&" ("&O64&"х"&W64&")",AE64) -> #N/A | AG64: =IFERROR(IF(AC64>4.5,1,2),0) -> 0 | AH64: =IFERROR(LEFT(AR64,SEARCH(".",AR64)-1),AR64) | AI64: =IFERROR(LEFT(A64,SEARCH(".",A64)-1),A64) -> 0 | AJ64: =IFERROR(LEFT(AQ64,SEARCH(".",AQ64)-1),AQ64) -> #VALUE! | AK64: =IF(C64=0,B64,C64) -> #N/A | AL64: =ROUNDUP(U64,2) -> #N/A | AM64: =E64 -> 0 | AN64: =D64 -> 0 | AP64: =IF(W64=0,AE64,AF64&" L="&M64&"-"&AC64&"%") -> #N/A | AQ64: =RIGHT(A64,LEN(A64)-SEARCH(".",A64)) -> #VALUE! | AR64: =IFERROR(RIGHT(AQ64,LEN(AQ64)-SEARCH(".",AQ64)),"") | AS64: =IFERROR(IF(VLOOKUP(AI64,Потребители_обозначение,5,FALSE)=2,_xlfn.IFS(H64=3,VLOOKUP(E64,Справочная_двигатели,3,FALSE),H64=1,VLOOKUP(E64,Справочная_двигатели,5,TRUE)),0),0) -> 0 | AT64: =IFERROR(IF(VLOOKUP(AI64,Потребители_обозначение,5,FALSE)=3,VLOOKUP(E64,Справочная_ЛЭД,2,TRUE),0),0) -> 0 | AU64: =IF(AS64=0,AT64,AS64) -> 0
A65: =D65 -> 0 | B65: =IFERROR(IF(VLOOKUP(AI65,Потребители_обозначение,4,FALSE)=1,VLOOKUP(AI65,Потребители_обозначение,2,FALSE)&" "&VLOOKUP(AJ65,Этаж_обозначение,2,FALSE)&" Пом. №"&AH65,VLOOKUP(AI65,Потребители_обозначение,2,FALSE)&" Шлейф №"&AJ65),VLOOKUP(D65,Потребители_обозначение,2,FALSE)) -> #N/A | M65: =IFERROR(IF(VLOOKUP(AI65,Потребители_обозначение,4,FALSE)=1,VLOOKUP(AI65,Потребители_обозначение,3,FALSE)*(G65*2-1)+I65+VLOOKUP(AJ65,Этаж_обозначение,3,FALSE)+VLOOKUP(AJ65,Этаж_обозначение,4,FALSE),VLOOKUP(AI65,Потребители_обозначение,3,FALSE)*(G65*2-1)+I65),I65) -> 0 | P65: =IF(VLOOKUP(AI65,Потребители_обозначение,5,FALSE)=2,_xlfn.IFS(H65=3,VLOOKUP(E65,Справочная_двигатели,8,FALSE),H65=1,VLOOKUP(E65,Справочная_двигатели,10,TRUE)),0.95) -> #N/A | U65: =_xlfn.IFS(H65=1,E65*1000/220,H65=3,E65/0.38/1.732) -> #N/A | V65: =IF(S65=0,VLOOKUP(U65,Автомат_номиналы,2,TRUE),S65) -> #N/A | W65: =IF(R65=0,VLOOKUP(V65,Кабель_номиналы,2,TRUE),R65) -> #N/A | X65: =VLOOKUP(W65,Кабель_сопротивление,3,FALSE) -> #N/A | Y65: =VLOOKUP(W65,Кабель_сопротивление,2,FALSE) -> #N/A | Z65: {=_xlfn.IFS(H65=1,2,H65=3,1)} -> #N/A | AA65: =ROUND(SIN(ACOS(P65)),2) -> #N/A | AB65: =Z65*(X65*I65/W65+Y65*I65*AA65/1000)*U65 -> #N/A | AC65: =ROUNDUP(AB65/220*100,2) -> #N/A | AD65: =_xlfn.IFS(H65=3,380,H65=1,220) -> #N/A | AE65: =VLOOKUP(N65,Кабель_обозначение,2,FALSE) -> #N/A | AF65: =IF(VLOOKUP(N65,Кабель_обозначение,3,FALSE)=1,AE65&" ("&O65&"х"&W65&")",AE65) -> #N/A | AG65: =IFERROR(IF(AC65>4.5,1,2),0) -> 0 | AH65: =IFERROR(LEFT(AR65,SEARCH(".",AR65)-1),AR65) | AI65: =IFERROR(LEFT(A65,SEARCH(".",A65)-1),A65) -> 0 | AJ65: =IFERROR(LEFT(AQ65,SEARCH(".",AQ65)-1),AQ65) -> #VALUE! | AK65: =IF(C65=0,B65,C65) -> #N/A | AL65: =ROUNDUP(U65,2) -> #N/A | AM65: =E65 -> 0 | AN65: =D65 -> 0 | AP65: =IF(W65=0,AE65,AF65&" L="&M65&"-"&AC65&"%") -> #N/A | AQ65: =RIGHT(A65,LEN(A65)-SEARCH(".",A65)) -> #VALUE! | AR65: =IFERROR(RIGHT(AQ65,LEN(AQ65)-SEARCH(".",AQ65)),"") | AS65: =IFERROR(IF(VLOOKUP(AI65,Потребители_обозначение,5,FALSE)=2,_xlfn.IFS(H65=3,VLOOKUP(E65,Справочная_двигатели,3,FALSE),H65=1,VLOOKUP(E65,Справочная_двигатели,5,TRUE)),0),0) -> 0 | AT65: =IFERROR(IF(VLOOKUP(AI65,Потребители_обозначение,5,FALSE)=3,VLOOKUP(E65,Справочная_ЛЭД,2,TRUE),0),0) -> 0 | AU65: =IF(AS65=0,AT65,AS65) -> 0
A66: =D66 -> 0 | B66: =IFERROR(IF(VLOOKUP(AI66,Потребители_обозначение,4,FALSE)=1,VLOOKUP(AI66,Потребители_обозначение,2,FALSE)&" "&VLOOKUP(AJ66,Этаж_обозначение,2,FALSE)&" Пом. №"&AH66,VLOOKUP(AI66,Потребители_обозначение,2,FALSE)&" Шлейф №"&AJ66),VLOOKUP(D66,Потребители_обозначение,2,FALSE)) -> #N/A | M66: =IFERROR(IF(VLOOKUP(AI66,Потребители_обозначение,4,FALSE)=1,VLOOKUP(AI66,Потребители_обозначение,3,FALSE)*(G66*2-1)+I66+VLOOKUP(AJ66,Этаж_обозначение,3,FALSE)+VLOOKUP(AJ66,Этаж_обозначение,4,FALSE),VLOOKUP(AI66,Потребители_обозначение,3,FALSE)*(G66*2-1)+I66),I66) -> 0 | P66: =IF(VLOOKUP(AI66,Потребители_обозначение,5,FALSE)=2,_xlfn.IFS(H66=3,VLOOKUP(E66,Справочная_двигатели,8,FALSE),H66=1,VLOOKUP(E66,Справочная_двигатели,10,TRUE)),0.95) -> #N/A | U66: =_xlfn.IFS(H66=1,E66*1000/220,H66=3,E66/0.38/1.732) -> #N/A | V66: =IF(S66=0,VLOOKUP(U66,Автомат_номиналы,2,TRUE),S66) -> #N/A | W66: =IF(R66=0,VLOOKUP(V66,Кабель_номиналы,2,TRUE),R66) -> #N/A | X66: =VLOOKUP(W66,Кабель_сопротивление,3,FALSE) -> #N/A | Y66: =VLOOKUP(W66,Кабель_сопротивление,2,FALSE) -> #N/A | Z66: {=_xlfn.IFS(H66=1,2,H66=3,1)} -> #N/A | AA66: =ROUND(SIN(ACOS(P66)),2) -> #N/A | AB66: =Z66*(X66*I66/W66+Y66*I66*AA66/1000)*U66 -> #N/A | AC66: =ROUNDUP(AB66/220*100,2) -> #N/A | AD66: =_xlfn.IFS(H66=3,380,H66=1,220) -> #N/A | AE66: =VLOOKUP(N66,Кабель_обозначение,2,FALSE) -> #N/A | AF66: =IF(VLOOKUP(N66,Кабель_обозначение,3,FALSE)=1,AE66&" ("&O66&"х"&W66&")",AE66) -> #N/A | AG66: =IFERROR(IF(AC66>4.5,1,2),0) -> 0 | AH66: =IFERROR(LEFT(AR66,SEARCH(".",AR66)-1),AR66) | AI66: =IFERROR(LEFT(A66,SEARCH(".",A66)-1),A66) -> 0 | AJ66: =IFERROR(LEFT(AQ66,SEARCH(".",AQ66)-1),AQ66) -> #VALUE! | AK66: =IF(C66=0,B66,C66) -> #N/A | AL66: =ROUNDUP(U66,2) -> #N/A | AM66: =E66 -> 0 | AN66: =D66 -> 0 | AP66: =IF(W66=0,AE66,AF66&" L="&M66&"-"&AC66&"%") -> #N/A | AQ66: =RIGHT(A66,LEN(A66)-SEARCH(".",A66)) -> #VALUE! | AR66: =IFERROR(RIGHT(AQ66,LEN(AQ66)-SEARCH(".",AQ66)),"") | AS66: =IFERROR(IF(VLOOKUP(AI66,Потребители_обозначение,5,FALSE)=2,_xlfn.IFS(H66=3,VLOOKUP(E66,Справочная_двигатели,3,FALSE),H66=1,VLOOKUP(E66,Справочная_двигатели,5,TRUE)),0),0) -> 0 | AT66: =IFERROR(IF(VLOOKUP(AI66,Потребители_обозначение,5,FALSE)=3,VLOOKUP(E66,Справочная_ЛЭД,2,TRUE),0),0) -> 0 | AU66: =IF(AS66=0,AT66,AS66) -> 0
A67: =D67 -> 0 | B67: =IFERROR(IF(VLOOKUP(AI67,Потребители_обозначение,4,FALSE)=1,VLOOKUP(AI67,Потребители_обозначение,2,FALSE)&" "&VLOOKUP(AJ67,Этаж_обозначение,2,FALSE)&" Пом. №"&AH67,VLOOKUP(AI67,Потребители_обозначение,2,FALSE)&" Шлейф №"&AJ67),VLOOKUP(D67,Потребители_обозначение,2,FALSE)) -> #N/A | M67: =IFERROR(IF(VLOOKUP(AI67,Потребители_обозначение,4,FALSE)=1,VLOOKUP(AI67,Потребители_обозначение,3,FALSE)*(G67*2-1)+I67+VLOOKUP(AJ67,Этаж_обозначение,3,FALSE)+VLOOKUP(AJ67,Этаж_обозначение,4,FALSE),VLOOKUP(AI67,Потребители_обозначение,3,FALSE)*(G67*2-1)+I67),I67) -> 0 | P67: =IF(VLOOKUP(AI67,Потребители_обозначение,5,FALSE)=2,_xlfn.IFS(H67=3,VLOOKUP(E67,Справочная_двигатели,8,FALSE),H67=1,VLOOKUP(E67,Справочная_двигатели,10,TRUE)),0.95) -> #N/A | U67: =_xlfn.IFS(H67=1,E67*1000/220,H67=3,E67/0.38/1.732) -> #N/A | V67: =IF(S67=0,VLOOKUP(U67,Автомат_номиналы,2,TRUE),S67) -> #N/A | W67: =IF(R67=0,VLOOKUP(V67,Кабель_номиналы,2,TRUE),R67) -> #N/A | X67: =VLOOKUP(W67,Кабель_сопротивление,3,FALSE) -> #N/A | Y67: =VLOOKUP(W67,Кабель_сопротивление,2,FALSE) -> #N/A | Z67: {=_xlfn.IFS(H67=1,2,H67=3,1)} -> #N/A | AA67: =ROUND(SIN(ACOS(P67)),2) -> #N/A | AB67: =Z67*(X67*I67/W67+Y67*I67*AA67/1000)*U67 -> #N/A | AC67: =ROUNDUP(AB67/220*100,2) -> #N/A | AD67: =_xlfn.IFS(H67=3,380,H67=1,220) -> #N/A | AE67: =VLOOKUP(N67,Кабель_обозначение,2,FALSE) -> #N/A | AF67: =IF(VLOOKUP(N67,Кабель_обозначение,3,FALSE)=1,AE67&" ("&O67&"х"&W67&")",AE67) -> #N/A | AG67: =IFERROR(IF(AC67>4.5,1,2),0) -> 0 | AH67: =IFERROR(LEFT(AR67,SEARCH(".",AR67)-1),AR67) | AI67: =IFERROR(LEFT(A67,SEARCH(".",A67)-1),A67) -> 0 | AJ67: =IFERROR(LEFT(AQ67,SEARCH(".",AQ67)-1),AQ67) -> #VALUE! | AK67: =IF(C67=0,B67,C67) -> #N/A | AL67: =ROUNDUP(U67,2) -> #N/A | AM67: =E67 -> 0 | AN67: =D67 -> 0 | AP67: =IF(W67=0,AE67,AF67&" L="&M67&"-"&AC67&"%") -> #N/A | AQ67: =RIGHT(A67,LEN(A67)-SEARCH(".",A67)) -> #VALUE! | AR67: =IFERROR(RIGHT(AQ67,LEN(AQ67)-SEARCH(".",AQ67)),"") | AS67: =IFERROR(IF(VLOOKUP(AI67,Потребители_обозначение,5,FALSE)=2,_xlfn.IFS(H67=3,VLOOKUP(E67,Справочная_двигатели,3,FALSE),H67=1,VLOOKUP(E67,Справочная_двигатели,5,TRUE)),0),0) -> 0 | AT67: =IFERROR(IF(VLOOKUP(AI67,Потребители_обозначение,5,FALSE)=3,VLOOKUP(E67,Справочная_ЛЭД,2,TRUE),0),0) -> 0 | AU67: =IF(AS67=0,AT67,AS67) -> 0
A68: =D68 -> 0 | B68: =IFERROR(IF(VLOOKUP(AI68,Потребители_обозначение,4,FALSE)=1,VLOOKUP(AI68,Потребители_обозначение,2,FALSE)&" "&VLOOKUP(AJ68,Этаж_обозначение,2,FALSE)&" Пом. №"&AH68,VLOOKUP(AI68,Потребители_обозначение,2,FALSE)&" Шлейф №"&AJ68),VLOOKUP(D68,Потребители_обозначение,2,FALSE)) -> #N/A | M68: =IFERROR(IF(VLOOKUP(AI68,Потребители_обозначение,4,FALSE)=1,VLOOKUP(AI68,Потребители_обозначение,3,FALSE)*(G68*2-1)+I68+VLOOKUP(AJ68,Этаж_обозначение,3,FALSE)+VLOOKUP(AJ68,Этаж_обозначение,4,FALSE),VLOOKUP(AI68,Потребители_обозначение,3,FALSE)*(G68*2-1)+I68),I68) -> 0 | P68: =IF(VLOOKUP(AI68,Потребители_обозначение,5,FALSE)=2,_xlfn.IFS(H68=3,VLOOKUP(E68,Справочная_двигатели,8,FALSE),H68=1,VLOOKUP(E68,Справочная_двигатели,10,TRUE)),0.95) -> #N/A | U68: =_xlfn.IFS(H68=1,E68*1000/220,H68=3,E68/0.38/1.732) -> #N/A | V68: =IF(S68=0,VLOOKUP(U68,Автомат_номиналы,2,TRUE),S68) -> #N/A | W68: =IF(R68=0,VLOOKUP(V68,Кабель_номиналы,2,TRUE),R68) -> #N/A | X68: =VLOOKUP(W68,Кабель_сопротивление,3,FALSE) -> #N/A | Y68: =VLOOKUP(W68,Кабель_сопротивление,2,FALSE) -> #N/A | Z68: {=_xlfn.IFS(H68=1,2,H68=3,1)} -> #N/A | AA68: =ROUND(SIN(ACOS(P68)),2) -> #N/A | AB68: =Z68*(X68*I68/W68+Y68*I68*AA68/1000)*U68 -> #N/A | AC68: =ROUNDUP(AB68/220*100,2) -> #N/A | AD68: =_xlfn.IFS(H68=3,380,H68=1,220) -> #N/A | AE68: =VLOOKUP(N68,Кабель_обозначение,2,FALSE) -> #N/A | AF68: =IF(VLOOKUP(N68,Кабель_обозначение,3,FALSE)=1,AE68&" ("&O68&"х"&W68&")",AE68) -> #N/A | AG68: =IFERROR(IF(AC68>4.5,1,2),0) -> 0 | AH68: =IFERROR(LEFT(AR68,SEARCH(".",AR68)-1),AR68) | AI68: =IFERROR(LEFT(A68,SEARCH(".",A68)-1),A68) -> 0 | AJ68: =IFERROR(LEFT(AQ68,SEARCH(".",AQ68)-1),AQ68) -> #VALUE! | AK68: =IF(C68=0,B68,C68) -> #N/A | AL68: =ROUNDUP(U68,2) -> #N/A | AM68: =E68 -> 0 | AN68: =D68 -> 0 | AP68: =IF(W68=0,AE68,AF68&" L="&M68&"-"&AC68&"%") -> #N/A | AQ68: =RIGHT(A68,LEN(A68)-SEARCH(".",A68)) -> #VALUE! | AR68: =IFERROR(RIGHT(AQ68,LEN(AQ68)-SEARCH(".",AQ68)),"") | AS68: =IFERROR(IF(VLOOKUP(AI68,Потребители_обозначение,5,FALSE)=2,_xlfn.IFS(H68=3,VLOOKUP(E68,Справочная_двигатели,3,FALSE),H68=1,VLOOKUP(E68,Справочная_двигатели,5,TRUE)),0),0) -> 0 | AT68: =IFERROR(IF(VLOOKUP(AI68,Потребители_обозначение,5,FALSE)=3,VLOOKUP(E68,Справочная_ЛЭД,2,TRUE),0),0) -> 0 | AU68: =IF(AS68=0,AT68,AS68) -> 0
A69: =D69 -> 0 | B69: =IFERROR(IF(VLOOKUP(AI69,Потребители_обозначение,4,FALSE)=1,VLOOKUP(AI69,Потребители_обозначение,2,FALSE)&" "&VLOOKUP(AJ69,Этаж_обозначение,2,FALSE)&" Пом. №"&AH69,VLOOKUP(AI69,Потребители_обозначение,2,FALSE)&" Шлейф №"&AJ69),VLOOKUP(D69,Потребители_обозначение,2,FALSE)) -> #N/A | M69: =IFERROR(IF(VLOOKUP(AI69,Потребители_обозначение,4,FALSE)=1,VLOOKUP(AI69,Потребители_обозначение,3,FALSE)*(G69*2-1)+I69+VLOOKUP(AJ69,Этаж_обозначение,3,FALSE)+VLOOKUP(AJ69,Этаж_обозначение,4,FALSE),VLOOKUP(AI69,Потребители_обозначение,3,FALSE)*(G69*2-1)+I69),I69) -> 0 | P69: =IF(VLOOKUP(AI69,Потребители_обозначение,5,FALSE)=2,_xlfn.IFS(H69=3,VLOOKUP(E69,Справочная_двигатели,8,FALSE),H69=1,VLOOKUP(E69,Справочная_двигатели,10,TRUE)),0.95) -> #N/A | U69: =_xlfn.IFS(H69=1,E69*1000/220,H69=3,E69/0.38/1.732) -> #N/A | V69: =IF(S69=0,VLOOKUP(U69,Автомат_номиналы,2,TRUE),S69) -> #N/A | W69: =IF(R69=0,VLOOKUP(V69,Кабель_номиналы,2,TRUE),R69) -> #N/A | X69: =VLOOKUP(W69,Кабель_сопротивление,3,FALSE) -> #N/A | Y69: =VLOOKUP(W69,Кабель_сопротивление,2,FALSE) -> #N/A | Z69: {=_xlfn.IFS(H69=1,2,H69=3,1)} -> #N/A | AA69: =ROUND(SIN(ACOS(P69)),2) -> #N/A | AB69: =Z69*(X69*I69/W69+Y69*I69*AA69/1000)*U69 -> #N/A | AC69: =ROUNDUP(AB69/220*100,2) -> #N/A | AD69: =_xlfn.IFS(H69=3,380,H69=1,220) -> #N/A | AE69: =VLOOKUP(N69,Кабель_обозначение,2,FALSE) -> #N/A | AF69: =IF(VLOOKUP(N69,Кабель_обозначение,3,FALSE)=1,AE69&" ("&O69&"х"&W69&")",AE69) -> #N/A | AG69: =IFERROR(IF(AC69>4.5,1,2),0) -> 0 | AH69: =IFERROR(LEFT(AR69,SEARCH(".",AR69)-1),AR69) | AI69: =IFERROR(LEFT(A69,SEARCH(".",A69)-1),A69) -> 0 | AJ69: =IFERROR(LEFT(AQ69,SEARCH(".",AQ69)-1),AQ69) -> #VALUE! | AK69: =IF(C69=0,B69,C69) -> #N/A | AL69: =ROUNDUP(U69,2) -> #N/A | AM69: =E69 -> 0 | AN69: =D69 -> 0 | AP69: =IF(W69=0,AE69,AF69&" L="&M69&"-"&AC69&"%") -> #N/A | AQ69: =RIGHT(A69,LEN(A69)-SEARCH(".",A69)) -> #VALUE! | AR69: =IFERROR(RIGHT(AQ69,LEN(AQ69)-SEARCH(".",AQ69)),"") | AS69: =IFERROR(IF(VLOOKUP(AI69,Потребители_обозначение,5,FALSE)=2,_xlfn.IFS(H69=3,VLOOKUP(E69,Справочная_двигатели,3,FALSE),H69=1,VLOOKUP(E69,Справочная_двигатели,5,TRUE)),0),0) -> 0 | AT69: =IFERROR(IF(VLOOKUP(AI69,Потребители_обозначение,5,FALSE)=3,VLOOKUP(E69,Справочная_ЛЭД,2,TRUE),0),0) -> 0 | AU69: =IF(AS69=0,AT69,AS69) -> 0
A70: =D70 -> 0 | B70: =IFERROR(IF(VLOOKUP(AI70,Потребители_обозначение,4,FALSE)=1,VLOOKUP(AI70,Потребители_обозначение,2,FALSE)&" "&VLOOKUP(AJ70,Этаж_обозначение,2,FALSE)&" Пом. №"&AH70,VLOOKUP(AI70,Потребители_обозначение,2,FALSE)&" Шлейф №"&AJ70),VLOOKUP(D70,Потребители_обозначение,2,FALSE)) -> #N/A | M70: =IFERROR(IF(VLOOKUP(AI70,Потребители_обозначение,4,FALSE)=1,VLOOKUP(AI70,Потребители_обозначение,3,FALSE)*(G70*2-1)+I70+VLOOKUP(AJ70,Этаж_обозначение,3,FALSE)+VLOOKUP(AJ70,Этаж_обозначение,4,FALSE),VLOOKUP(AI70,Потребители_обозначение,3,FALSE)*(G70*2-1)+I70),I70) -> 0 | P70: =IF(VLOOKUP(AI70,Потребители_обозначение,5,FALSE)=2,_xlfn.IFS(H70=3,VLOOKUP(E70,Справочная_двигатели,8,FALSE),H70=1,VLOOKUP(E70,Справочная_двигатели,10,TRUE)),0.95) -> #N/A | U70: =_xlfn.IFS(H70=1,E70*1000/220,H70=3,E70/0.38/1.732) -> #N/A | V70: =IF(S70=0,VLOOKUP(U70,Автомат_номиналы,2,TRUE),S70) -> #N/A | W70: =IF(R70=0,VLOOKUP(V70,Кабель_номиналы,2,TRUE),R70) -> #N/A | X70: =VLOOKUP(W70,Кабель_сопротивление,3,FALSE) -> #N/A | Y70: =VLOOKUP(W70,Кабель_сопротивление,2,FALSE) -> #N/A | Z70: {=_xlfn.IFS(H70=1,2,H70=3,1)} -> #N/A | AA70: =ROUND(SIN(ACOS(P70)),2) -> #N/A | AB70: =Z70*(X70*I70/W70+Y70*I70*AA70/1000)*U70 -> #N/A | AC70: =ROUNDUP(AB70/220*100,2) -> #N/A | AD70: =_xlfn.IFS(H70=3,380,H70=1,220) -> #N/A | AE70: =VLOOKUP(N70,Кабель_обозначение,2,FALSE) -> #N/A | AF70: =IF(VLOOKUP(N70,Кабель_обозначение,3,FALSE)=1,AE70&" ("&O70&"х"&W70&")",AE70) -> #N/A | AG70: =IFERROR(IF(AC70>4.5,1,2),0) -> 0 | AH70: =IFERROR(LEFT(AR70,SEARCH(".",AR70)-1),AR70) | AI70: =IFERROR(LEFT(A70,SEARCH(".",A70)-1),A70) -> 0 | AJ70: =IFERROR(LEFT(AQ70,SEARCH(".",AQ70)-1),AQ70) -> #VALUE! | AK70: =IF(C70=0,B70,C70) -> #N/A | AL70: =ROUNDUP(U70,2) -> #N/A | AM70: =E70 -> 0 | AN70: =D70 -> 0 | AP70: =IF(W70=0,AE70,AF70&" L="&M70&"-"&AC70&"%") -> #N/A | AQ70: =RIGHT(A70,LEN(A70)-SEARCH(".",A70)) -> #VALUE! | AR70: =IFERROR(RIGHT(AQ70,LEN(AQ70)-SEARCH(".",AQ70)),"") | AS70: =IFERROR(IF(VLOOKUP(AI70,Потребители_обозначение,5,FALSE)=2,_xlfn.IFS(H70=3,VLOOKUP(E70,Справочная_двигатели,3,FALSE),H70=1,VLOOKUP(E70,Справочная_двигатели,5,TRUE)),0),0) -> 0 | AT70: =IFERROR(IF(VLOOKUP(AI70,Потребители_обозначение,5,FALSE)=3,VLOOKUP(E70,Справочная_ЛЭД,2,TRUE),0),0) -> 0 | AU70: =IF(AS70=0,AT70,AS70) -> 0
A71: =D71 -> 0 | B71: =IFERROR(IF(VLOOKUP(AI71,Потребители_обозначение,4,FALSE)=1,VLOOKUP(AI71,Потребители_обозначение,2,FALSE)&" "&VLOOKUP(AJ71,Этаж_обозначение,2,FALSE)&" Пом. №"&AH71,VLOOKUP(AI71,Потребители_обозначение,2,FALSE)&" Шлейф №"&AJ71),VLOOKUP(D71,Потребители_обозначение,2,FALSE)) -> #N/A | M71: =IFERROR(IF(VLOOKUP(AI71,Потребители_обозначение,4,FALSE)=1,VLOOKUP(AI71,Потребители_обозначение,3,FALSE)*(G71*2-1)+I71+VLOOKUP(AJ71,Этаж_обозначение,3,FALSE)+VLOOKUP(AJ71,Этаж_обозначение,4,FALSE),VLOOKUP(AI71,Потребители_обозначение,3,FALSE)*(G71*2-1)+I71),I71) -> 0 | P71: =IF(VLOOKUP(AI71,Потребители_обозначение,5,FALSE)=2,_xlfn.IFS(H71=3,VLOOKUP(E71,Справочная_двигатели,8,FALSE),H71=1,VLOOKUP(E71,Справочная_двигатели,10,TRUE)),0.95) -> #N/A | U71: =_xlfn.IFS(H71=1,E71*1000/220,H71=3,E71/0.38/1.732) -> #N/A | V71: =IF(S71=0,VLOOKUP(U71,Автомат_номиналы,2,TRUE),S71) -> #N/A | W71: =IF(R71=0,VLOOKUP(V71,Кабель_номиналы,2,TRUE),R71) -> #N/A | X71: =VLOOKUP(W71,Кабель_сопротивление,3,FALSE) -> #N/A | Y71: =VLOOKUP(W71,Кабель_сопротивление,2,FALSE) -> #N/A | Z71: {=_xlfn.IFS(H71=1,2,H71=3,1)} -> #N/A | AA71: =ROUND(SIN(ACOS(P71)),2) -> #N/A | AB71: =Z71*(X71*I71/W71+Y71*I71*AA71/1000)*U71 -> #N/A | AC71: =ROUNDUP(AB71/220*100,2) -> #N/A | AD71: =_xlfn.IFS(H71=3,380,H71=1,220) -> #N/A | AE71: =VLOOKUP(N71,Кабель_обозначение,2,FALSE) -> #N/A | AF71: =IF(VLOOKUP(N71,Кабель_обозначение,3,FALSE)=1,AE71&" ("&O71&"х"&W71&")",AE71) -> #N/A | AG71: =IFERROR(IF(AC71>4.5,1,2),0) -> 0 | AH71: =IFERROR(LEFT(AR71,SEARCH(".",AR71)-1),AR71) | AI71: =IFERROR(LEFT(A71,SEARCH(".",A71)-1),A71) -> 0 | AJ71: =IFERROR(LEFT(AQ71,SEARCH(".",AQ71)-1),AQ71) -> #VALUE! | AK71: =IF(C71=0,B71,C71) -> #N/A | AL71: =ROUNDUP(U71,2) -> #N/A | AM71: =E71 -> 0 | AN71: =D71 -> 0 | AP71: =IF(W71=0,AE71,AF71&" L="&M71&"-"&AC71&"%") -> #N/A | AQ71: =RIGHT(A71,LEN(A71)-SEARCH(".",A71)) -> #VALUE! | AR71: =IFERROR(RIGHT(AQ71,LEN(AQ71)-SEARCH(".",AQ71)),"") | AS71: =IFERROR(IF(VLOOKUP(AI71,Потребители_обозначение,5,FALSE)=2,_xlfn.IFS(H71=3,VLOOKUP(E71,Справочная_двигатели,3,FALSE),H71=1,VLOOKUP(E71,Справочная_двигатели,5,TRUE)),0),0) -> 0 | AT71: =IFERROR(IF(VLOOKUP(AI71,Потребители_обозначение,5,FALSE)=3,VLOOKUP(E71,Справочная_ЛЭД,2,TRUE),0),0) -> 0 | AU71: =IF(AS71=0,AT71,AS71) -> 0
A72: =D72 -> 0 | B72: =IFERROR(IF(VLOOKUP(AI72,Потребители_обозначение,4,FALSE)=1,VLOOKUP(AI72,Потребители_обозначение,2,FALSE)&" "&VLOOKUP(AJ72,Этаж_обозначение,2,FALSE)&" Пом. №"&AH72,VLOOKUP(AI72,Потребители_обозначение,2,FALSE)&" Шлейф №"&AJ72),VLOOKUP(D72,Потребители_обозначение,2,FALSE)) -> #N/A | M72: =IFERROR(IF(VLOOKUP(AI72,Потребители_обозначение,4,FALSE)=1,VLOOKUP(AI72,Потребители_обозначение,3,FALSE)*(G72*2-1)+I72+VLOOKUP(AJ72,Этаж_обозначение,3,FALSE)+VLOOKUP(AJ72,Этаж_обозначение,4,FALSE),VLOOKUP(AI72,Потребители_обозначение,3,FALSE)*(G72*2-1)+I72),I72) -> 0 | P72: =IF(VLOOKUP(AI72,Потребители_обозначение,5,FALSE)=2,_xlfn.IFS(H72=3,VLOOKUP(E72,Справочная_двигатели,8,FALSE),H72=1,VLOOKUP(E72,Справочная_двигатели,10,TRUE)),0.95) -> #N/A | U72: =_xlfn.IFS(H72=1,E72*1000/220,H72=3,E72/0.38/1.732) -> #N/A | V72: =IF(S72=0,VLOOKUP(U72,Автомат_номиналы,2,TRUE),S72) -> #N/A | W72: =IF(R72=0,VLOOKUP(V72,Кабель_номиналы,2,TRUE),R72) -> #N/A | X72: =VLOOKUP(W72,Кабель_сопротивление,3,FALSE) -> #N/A | Y72: =VLOOKUP(W72,Кабель_сопротивление,2,FALSE) -> #N/A | Z72: {=_xlfn.IFS(H72=1,2,H72=3,1)} -> #N/A | AA72: =ROUND(SIN(ACOS(P72)),2) -> #N/A | AB72: =Z72*(X72*I72/W72+Y72*I72*AA72/1000)*U72 -> #N/A | AC72: =ROUNDUP(AB72/220*100,2) -> #N/A | AD72: =_xlfn.IFS(H72=3,380,H72=1,220) -> #N/A | AE72: =VLOOKUP(N72,Кабель_обозначение,2,FALSE) -> #N/A | AF72: =IF(VLOOKUP(N72,Кабель_обозначение,3,FALSE)=1,AE72&" ("&O72&"х"&W72&")",AE72) -> #N/A | AG72: =IFERROR(IF(AC72>4.5,1,2),0) -> 0 | AH72: =IFERROR(LEFT(AR72,SEARCH(".",AR72)-1),AR72) | AI72: =IFERROR(LEFT(A72,SEARCH(".",A72)-1),A72) -> 0 | AJ72: =IFERROR(LEFT(AQ72,SEARCH(".",AQ72)-1),AQ72) -> #VALUE! | AK72: =IF(C72=0,B72,C72) -> #N/A | AL72: =ROUNDUP(U72,2) -> #N/A | AM72: =E72 -> 0 | AN72: =D72 -> 0 | AP72: =IF(W72=0,AE72,AF72&" L="&M72&"-"&AC72&"%") -> #N/A | AQ72: =RIGHT(A72,LEN(A72)-SEARCH(".",A72)) -> #VALUE! | AR72: =IFERROR(RIGHT(AQ72,LEN(AQ72)-SEARCH(".",AQ72)),"") | AS72: =IFERROR(IF(VLOOKUP(AI72,Потребители_обозначение,5,FALSE)=2,_xlfn.IFS(H72=3,VLOOKUP(E72,Справочная_двигатели,3,FALSE),H72=1,VLOOKUP(E72,Справочная_двигатели,5,TRUE)),0),0) -> 0 | AT72: =IFERROR(IF(VLOOKUP(AI72,Потребители_обозначение,5,FALSE)=3,VLOOKUP(E72,Справочная_ЛЭД,2,TRUE),0),0) -> 0 | AU72: =IF(AS72=0,AT72,AS72) -> 0
... A120: =D120 -> 0 | B120: =IFERROR(IF(VLOOKUP(AI120,Потребители_обозначение,4,FALSE)=1,VLOOKUP(AI120,Потребители_обозначение,2,FALSE)&" "&VLOOKUP(AJ120,Этаж_обозначение,2,FALSE)&" Пом. №"&AH120,VLOOKUP(AI120,Потребители_обозначение,2,FALSE)&" Шлейф №"&AJ120),VLOOKUP(D120,Потребители_обозначение,2,FALSE)) -> #N/A | M120: =IFERROR(IF(VLOOKUP(AI120,Потребители_обозначение,4,FALSE)=1,VLOOKUP(AI120,Потребители_обозначение,3,FALSE)*(G120*2-1)+I120+VLOOKUP(AJ120,Этаж_обозначение,3,FALSE)+VLOOKUP(AJ120,Этаж_обозначение,4,FALSE),VLOOKUP(AI120,Потребители_обозначение,3,FALSE)*(G120*2-1)+I120),I120) -> 0 | P120: =IF(VLOOKUP(AI120,Потребители_обозначение,5,FALSE)=2,_xlfn.IFS(H120=3,VLOOKUP(E120,Справочная_двигатели,8,FALSE),H120=1,VLOOKUP(E120,Справочная_двигатели,10,TRUE)),0.95) -> #N/A | U120: =_xlfn.IFS(H120=1,E120*1000/220,H120=3,E120/0.38/1.732) -> #N/A | V120: =IF(S120=0,VLOOKUP(U120,Автомат_номиналы,2,TRUE),S120) -> #N/A | W120: =IF(R120=0,VLOOKUP(V120,Кабель_номиналы,2,TRUE),R120) -> #N/A | X120: =VLOOKUP(W120,Кабель_сопротивление,3,FALSE) -> #N/A | Y120: =VLOOKUP(W120,Кабель_сопротивление,2,FALSE) -> #N/A | Z120: {=_xlfn.IFS(H120=1,2,H120=3,1)} -> #N/A | AA120: =ROUND(SIN(ACOS(P120)),2) -> #N/A | AB120: =Z120*(X120*I120/W120+Y120*I120*AA120/1000)*U120 -> #N/A | AC120: =ROUNDUP(AB120/220*100,2) -> #N/A | AD120: =_xlfn.IFS(H120=3,380,H120=1,220) -> #N/A | AE120: =VLOOKUP(N120,Кабель_обозначение,2,FALSE) -> #N/A | AF120: =IF(VLOOKUP(N120,Кабель_обозначение,3,FALSE)=1,AE120&" ("&O120&"х"&W120&")",AE120) -> #N/A | AG120: =IFERROR(IF(AC120>4.5,1,2),0) -> 0 | AH120: =IFERROR(LEFT(AR120,SEARCH(".",AR120)-1),AR120) | AI120: =IFERROR(LEFT(A120,SEARCH(".",A120)-1),A120) -> 0 | AJ120: =IFERROR(LEFT(AQ120,SEARCH(".",AQ120)-1),AQ120) -> #VALUE! | AK120: =IF(C120=0,B120,C120) -> #N/A | AL120: =ROUNDUP(U120,2) -> #N/A | AM120: =E120 -> 0 | AN120: =D120 -> 0 | AP120: =IF(W120=0,AE120,AF120&" L="&M120&"-"&AC120&"%") -> #N/A | AQ120: =RIGHT(A120,LEN(A120)-SEARCH(".",A120)) -> #VALUE! | AR120: =IFERROR(RIGHT(AQ120,LEN(AQ120)-SEARCH(".",AQ120)),"") | AS120: =IFERROR(IF(VLOOKUP(AI120,Потребители_обозначение,5,FALSE)=2,_xlfn.IFS(H120=3,VLOOKUP(E120,Справочная_двигатели,3,FALSE),H120=1,VLOOKUP(E120,Справочная_двигатели,5,TRUE)),0),0) -> 0 | AT120: =IFERROR(IF(VLOOKUP(AI120,Потребители_обозначение,5,FALSE)=3,VLOOKUP(E120,Справочная_ЛЭД,2,TRUE),0),0) -> 0 | AU120: =IF(AS120=0,AT120,AS120) -> 0
A121: =D121 -> 0 | B121: =IFERROR(IF(VLOOKUP(AI121,Потребители_обозначение,4,FALSE)=1,VLOOKUP(AI121,Потребители_обозначение,2,FALSE)&" "&VLOOKUP(AJ121,Этаж_обозначение,2,FALSE)&" Пом. №"&AH121,VLOOKUP(AI121,Потребители_обозначение,2,FALSE)&" Шлейф №"&AJ121),VLOOKUP(D121,Потребители_обозначение,2,FALSE)) -> #N/A | M121: =IFERROR(IF(VLOOKUP(AI121,Потребители_обозначение,4,FALSE)=1,VLOOKUP(AI121,Потребители_обозначение,3,FALSE)*(G121*2-1)+I121+VLOOKUP(AJ121,Этаж_обозначение,3,FALSE)+VLOOKUP(AJ121,Этаж_обозначение,4,FALSE),VLOOKUP(AI121,Потребители_обозначение,3,FALSE)*(G121*2-1)+I121),I121) -> 0 | P121: =IF(VLOOKUP(AI121,Потребители_обозначение,5,FALSE)=2,_xlfn.IFS(H121=3,VLOOKUP(E121,Справочная_двигатели,8,FALSE),H121=1,VLOOKUP(E121,Справочная_двигатели,10,TRUE)),0.95) -> #N/A | U121: =_xlfn.IFS(H121=1,E121*1000/220,H121=3,E121/0.38/1.732) -> #N/A | V121: =IF(S121=0,VLOOKUP(U121,Автомат_номиналы,2,TRUE),S121) -> #N/A | W121: =IF(R121=0,VLOOKUP(V121,Кабель_номиналы,2,TRUE),R121) -> #N/A | X121: =VLOOKUP(W121,Кабель_сопротивление,3,FALSE) -> #N/A | Y121: =VLOOKUP(W121,Кабель_сопротивление,2,FALSE) -> #N/A | Z121: {=_xlfn.IFS(H121=1,2,H121=3,1)} -> #N/A | AA121: =ROUND(SIN(ACOS(P121)),2) -> #N/A | AB121: =Z121*(X121*I122/W121+Y121*I122*AA121/1000)*U121 -> #N/A | AC121: =ROUNDUP(AB121/220*100,2) -> #N/A | AD121: =_xlfn.IFS(H121=3,380,H121=1,220) -> #N/A | AE121: =VLOOKUP(N121,Кабель_обозначение,2,FALSE) -> #N/A | AF121: =IF(VLOOKUP(N121,Кабель_обозначение,3,FALSE)=1,AE121&" ("&O121&"х"&W121&")",AE121) -> #N/A | AG121: =IFERROR(IF(AC121>4.5,1,2),0) -> 0 | AH121: =IFERROR(LEFT(AR121,SEARCH(".",AR121)-1),AR121) | AI121: =IFERROR(LEFT(A121,SEARCH(".",A121)-1),A121) -> 0 | AJ121: =IFERROR(LEFT(AQ121,SEARCH(".",AQ121)-1),AQ121) -> #VALUE! | AK121: =IF(C121=0,B121,C121) -> #N/A | AL121: =ROUNDUP(U121,2) -> #N/A | AM121: =E121 -> 0 | AN121: =D121 -> 0 | AP121: =IF(W121=0,AE121,AF121&" L="&M121&"-"&AC121&"%") -> #N/A | AQ121: =RIGHT(A121,LEN(A121)-SEARCH(".",A121)) -> #VALUE! | AR121: =IFERROR(RIGHT(AQ121,LEN(AQ121)-SEARCH(".",AQ121)),"") | AS121: =IFERROR(IF(VLOOKUP(AI121,Потребители_обозначение,5,FALSE)=2,_xlfn.IFS(H121=3,VLOOKUP(E121,Справочная_двигатели,3,FALSE),H121=1,VLOOKUP(E121,Справочная_двигатели,5,TRUE)),0),0) -> 0 | AT121: =IFERROR(IF(VLOOKUP(AI121,Потребители_обозначение,5,FALSE)=3,VLOOKUP(E121,Справочная_ЛЭД,2,TRUE),0),0) -> 0 | AU121: =IF(AS121=0,AT121,AS121) -> 0
A122: =D122 -> 0 | B122: =IFERROR(IF(VLOOKUP(AI122,Потребители_обозначение,4,FALSE)=1,VLOOKUP(AI122,Потребители_обозначение,2,FALSE)&" "&VLOOKUP(AJ122,Этаж_обозначение,2,FALSE)&" Пом. №"&AH122,VLOOKUP(AI122,Потребители_обозначение,2,FALSE)&" Шлейф №"&AJ122),VLOOKUP(D122,Потребители_обозначение,2,FALSE)) -> #N/A | M122: =IFERROR(IF(VLOOKUP(AI122,Потребители_обозначение,4,FALSE)=1,VLOOKUP(AI122,Потребители_обозначение,3,FALSE)*(G122*2-1)+I122+VLOOKUP(AJ122,Этаж_обозначение,3,FALSE)+VLOOKUP(AJ122,Этаж_обозначение,4,FALSE),VLOOKUP(AI122,Потребители_обозначение,3,FALSE)*(G122*2-1)+I122),I122) -> 0 | P122: =IF(VLOOKUP(AI122,Потребители_обозначение,5,FALSE)=2,_xlfn.IFS(H122=3,VLOOKUP(E122,Справочная_двигатели,8,FALSE),H122=1,VLOOKUP(E122,Справочная_двигатели,10,TRUE)),0.95) -> #N/A | U122: =_xlfn.IFS(H122=1,E122*1000/220,H122=3,E122/0.38/1.732) -> #N/A | V122: =IF(S122=0,VLOOKUP(U122,Автомат_номиналы,2,TRUE),S122) -> #N/A | W122: =IF(R122=0,VLOOKUP(V122,Кабель_номиналы,2,TRUE),R122) -> #N/A | X122: =VLOOKUP(W122,Кабель_сопротивление,3,FALSE) -> #N/A | Y122: =VLOOKUP(W122,Кабель_сопротивление,2,FALSE) -> #N/A | Z122: {=_xlfn.IFS(H122=1,2,H122=3,1)} -> #N/A | AA122: =ROUND(SIN(ACOS(P122)),2) -> #N/A | AB122: =Z122*(X122*I123/W122+Y122*I123*AA122/1000)*U122 -> #N/A | AC122: =ROUNDUP(AB122/220*100,2) -> #N/A | AD122: =_xlfn.IFS(H122=3,380,H122=1,220) -> #N/A | AE122: =VLOOKUP(N122,Кабель_обозначение,2,FALSE) -> #N/A | AF122: =IF(VLOOKUP(N122,Кабель_обозначение,3,FALSE)=1,AE122&" ("&O122&"х"&W122&")",AE122) -> #N/A | AG122: =IFERROR(IF(AC122>4.5,1,2),0) -> 0 | AH122: =IFERROR(LEFT(AR122,SEARCH(".",AR122)-1),AR122) | AI122: =IFERROR(LEFT(A122,SEARCH(".",A122)-1),A122) -> 0 | AJ122: =IFERROR(LEFT(AQ122,SEARCH(".",AQ122)-1),AQ122) -> #VALUE! | AK122: =IF(C122=0,B122,C122) -> #N/A | AL122: =ROUNDUP(U122,2) -> #N/A | AM122: =E122 -> 0 | AN122: =D122 -> 0 | AP122: =IF(W122=0,AE122,AF122&" L="&M122&"-"&AC122&"%") -> #N/A | AQ122: =RIGHT(A122,LEN(A122)-SEARCH(".",A122)) -> #VALUE! | AR122: =IFERROR(RIGHT(AQ122,LEN(AQ122)-SEARCH(".",AQ122)),"") | AS122: =IFERROR(IF(VLOOKUP(AI122,Потребители_обозначение,5,FALSE)=2,_xlfn.IFS(H122=3,VLOOKUP(E122,Справочная_двигатели,3,FALSE),H122=1,VLOOKUP(E122,Справочная_двигатели,5,TRUE)),0),0) -> 0 | AT122: =IFERROR(IF(VLOOKUP(AI122,Потребители_обозначение,5,FALSE)=3,VLOOKUP(E122,Справочная_ЛЭД,2,TRUE),0),0) -> 0 | AU122: =IF(AS122=0,AT122,AS122) -> 0
A123: =D123 -> 0 | B123: =IFERROR(IF(VLOOKUP(AI123,Потребители_обозначение,4,FALSE)=1,VLOOKUP(AI123,Потребители_обозначение,2,FALSE)&" "&VLOOKUP(AJ123,Этаж_обозначение,2,FALSE)&" Пом. №"&AH123,VLOOKUP(AI123,Потребители_обозначение,2,FALSE)&" Шлейф №"&AJ123),VLOOKUP(D123,Потребители_обозначение,2,FALSE)) -> #N/A | M123: =IFERROR(IF(VLOOKUP(AI123,Потребители_обозначение,4,FALSE)=1,VLOOKUP(AI123,Потребители_обозначение,3,FALSE)*(G123*2-1)+I123+VLOOKUP(AJ123,Этаж_обозначение,3,FALSE)+VLOOKUP(AJ123,Этаж_обозначение,4,FALSE),VLOOKUP(AI123,Потребители_обозначение,3,FALSE)*(G123*2-1)+I123),I123) -> 0 | P123: =IF(VLOOKUP(AI123,Потребители_обозначение,5,FALSE)=2,_xlfn.IFS(H123=3,VLOOKUP(E123,Справочная_двигатели,8,FALSE),H123=1,VLOOKUP(E123,Справочная_двигатели,10,TRUE)),0.95) -> #N/A | U123: =_xlfn.IFS(H123=1,E123*1000/220,H123=3,E123/0.38/1.732) -> #N/A | V123: =IF(S123=0,VLOOKUP(U123,Автомат_номиналы,2,TRUE),S123) -> #N/A | W123: =IF(R123=0,VLOOKUP(V123,Кабель_номиналы,2,TRUE),R123) -> #N/A | X123: =VLOOKUP(W123,Кабель_сопротивление,3,FALSE) -> #N/A | Y123: =VLOOKUP(W123,Кабель_сопротивление,2,FALSE) -> #N/A | Z123: {=_xlfn.IFS(H123=1,2,H123=3,1)} -> #N/A | AA123: =ROUND(SIN(ACOS(P123)),2) -> #N/A | AB123: =Z123*(X123*I123/W123+Y123*I123*AA123/1000)*U123 -> #N/A | AC123: =ROUNDUP(AB123/220*100,2) -> #N/A | AD123: =_xlfn.IFS(H123=3,380,H123=1,220) -> #N/A | AE123: =VLOOKUP(N123,Кабель_обозначение,2,FALSE) -> #N/A | AF123: =IF(VLOOKUP(N123,Кабель_обозначение,3,FALSE)=1,AE123&" ("&O123&"х"&W123&")",AE123) -> #N/A | AG123: =IFERROR(IF(AC123>4.5,1,2),0) -> 0 | AH123: =IFERROR(LEFT(AR123,SEARCH(".",AR123)-1),AR123) | AI123: =IFERROR(LEFT(A123,SEARCH(".",A123)-1),A123) -> 0 | AJ123: =IFERROR(LEFT(AQ123,SEARCH(".",AQ123)-1),AQ123) -> #VALUE! | AK123: =IF(C123=0,B123,C123) -> #N/A | AL123: =ROUNDUP(U123,2) -> #N/A | AM123: =E123 -> 0 | AN123: =D123 -> 0 | AP123: =IF(W123=0,AE123,AF123&" L="&M123&"-"&AC123&"%") -> #N/A | AQ123: =RIGHT(A123,LEN(A123)-SEARCH(".",A123)) -> #VALUE! | AR123: =IFERROR(RIGHT(AQ123,LEN(AQ123)-SEARCH(".",AQ123)),"") | AS123: =IFERROR(IF(VLOOKUP(AI123,Потребители_обозначение,5,FALSE)=2,_xlfn.IFS(H123=3,VLOOKUP(E123,Справочная_двигатели,3,FALSE),H123=1,VLOOKUP(E123,Справочная_двигатели,5,TRUE)),0),0) -> 0 | AT123: =IFERROR(IF(VLOOKUP(AI123,Потребители_обозначение,5,FALSE)=3,VLOOKUP(E123,Справочная_ЛЭД,2,TRUE),0),0) -> 0 | AU123: =IF(AS123=0,AT123,AS123) -> 0
A124: =D124 -> 0 | B124: =IFERROR(IF(VLOOKUP(AI124,Потребители_обозначение,4,FALSE)=1,VLOOKUP(AI124,Потребители_обозначение,2,FALSE)&" "&VLOOKUP(AJ124,Этаж_обозначение,2,FALSE)&" Пом. №"&AH124,VLOOKUP(AI124,Потребители_обозначение,2,FALSE)&" Шлейф №"&AJ124),VLOOKUP(D124,Потребители_обозначение,2,FALSE)) -> #N/A | M124: =IFERROR(IF(VLOOKUP(AI124,Потребители_обозначение,4,FALSE)=1,VLOOKUP(AI124,Потребители_обозначение,3,FALSE)*(G124*2-1)+I124+VLOOKUP(AJ124,Этаж_обозначение,3,FALSE)+VLOOKUP(AJ124,Этаж_обозначение,4,FALSE),VLOOKUP(AI124,Потребители_обозначение,3,FALSE)*(G124*2-1)+I124),I124) -> 0 | P124: =IF(VLOOKUP(AI124,Потребители_обозначение,5,FALSE)=2,_xlfn.IFS(H124=3,VLOOKUP(E124,Справочная_двигатели,8,FALSE),H124=1,VLOOKUP(E124,Справочная_двигатели,10,TRUE)),0.95) -> #N/A | U124: =_xlfn.IFS(H124=1,E124*1000/220,H124=3,E124/0.38/1.732) -> #N/A | V124: =IF(S124=0,VLOOKUP(U124,Автомат_номиналы,2,TRUE),S124) -> #N/A | W124: =IF(R124=0,VLOOKUP(V124,Кабель_номиналы,2,TRUE),R124) -> #N/A | X124: =VLOOKUP(W124,Кабель_сопротивление,3,FALSE) -> #N/A | Y124: =VLOOKUP(W124,Кабель_сопротивление,2,FALSE) -> #N/A | Z124: {=_xlfn.IFS(H124=1,2,H124=3,1)} -> #N/A | AA124: =ROUND(SIN(ACOS(P124)),2) -> #N/A | AB124: =Z124*(X124*I124/W124+Y124*I124*AA124/1000)*U124 -> #N/A | AC124: =ROUNDUP(AB124/220*100,2) -> #N/A | AD124: =_xlfn.IFS(H124=3,380,H124=1,220) -> #N/A | AE124: =VLOOKUP(N124,Кабель_обозначение,2,FALSE) -> #N/A | AF124: =IF(VLOOKUP(N124,Кабель_обозначение,3,FALSE)=1,AE124&" ("&O124&"х"&W124&")",AE124) -> #N/A | AG124: =IFERROR(IF(AC124>4.5,1,2),0) -> 0 | AH124: =IFERROR(LEFT(AR124,SEARCH(".",AR124)-1),AR124) | AI124: =IFERROR(LEFT(A124,SEARCH(".",A124)-1),A124) -> 0 | AJ124: =IFERROR(LEFT(AQ124,SEARCH(".",AQ124)-1),AQ124) -> #VALUE! | AK124: =IF(C124=0,B124,C124) -> #N/A | AL124: =ROUNDUP(U124,2) -> #N/A | AM124: =E124 -> 0 | AN124: =D124 -> 0 | AP124: =IF(W124=0,AE124,AF124&" L="&M124&"-"&AC124&"%") -> #N/A | AQ124: =RIGHT(A124,LEN(A124)-SEARCH(".",A124)) -> #VALUE! | AR124: =IFERROR(RIGHT(AQ124,LEN(AQ124)-SEARCH(".",AQ124)),"") | AS124: =IFERROR(IF(VLOOKUP(AI124,Потребители_обозначение,5,FALSE)=2,_xlfn.IFS(H124=3,VLOOKUP(E124,Справочная_двигатели,3,FALSE),H124=1,VLOOKUP(E124,Справочная_двигатели,5,TRUE)),0),0) -> 0 | AT124: =IFERROR(IF(VLOOKUP(AI124,Потребители_обозначение,5,FALSE)=3,VLOOKUP(E124,Справочная_ЛЭД,2,TRUE),0),0) -> 0 | AU124: =IF(AS124=0,AT124,AS124) -> 0
A125: =D125 -> 0 | B125: =IFERROR(IF(VLOOKUP(AI125,Потребители_обозначение,4,FALSE)=1,VLOOKUP(AI125,Потребители_обозначение,2,FALSE)&" "&VLOOKUP(AJ125,Этаж_обозначение,2,FALSE)&" Пом. №"&AH125,VLOOKUP(AI125,Потребители_обозначение,2,FALSE)&" Шлейф №"&AJ125),VLOOKUP(D125,Потребители_обозначение,2,FALSE)) -> #N/A | M125: =IFERROR(IF(VLOOKUP(AI125,Потребители_обозначение,4,FALSE)=1,VLOOKUP(AI125,Потребители_обозначение,3,FALSE)*(G125*2-1)+I125+VLOOKUP(AJ125,Этаж_обозначение,3,FALSE)+VLOOKUP(AJ125,Этаж_обозначение,4,FALSE),VLOOKUP(AI125,Потребители_обозначение,3,FALSE)*(G125*2-1)+I125),I125) -> 0 | P125: =IF(VLOOKUP(AI125,Потребители_обозначение,5,FALSE)=2,_xlfn.IFS(H125=3,VLOOKUP(E125,Справочная_двигатели,8,FALSE),H125=1,VLOOKUP(E125,Справочная_двигатели,10,TRUE)),0.95) -> #N/A | U125: =_xlfn.IFS(H125=1,E125*1000/220,H125=3,E125/0.38/1.732) -> #N/A | V125: =IF(S125=0,VLOOKUP(U125,Автомат_номиналы,2,TRUE),S125) -> #N/A | W125: =IF(R125=0,VLOOKUP(V125,Кабель_номиналы,2,TRUE),R125) -> #N/A | X125: =VLOOKUP(W125,Кабель_сопротивление,3,FALSE) -> #N/A | Y125: =VLOOKUP(W125,Кабель_сопротивление,2,FALSE) -> #N/A | Z125: {=_xlfn.IFS(H125=1,2,H125=3,1)} -> #N/A | AA125: =ROUND(SIN(ACOS(P125)),2) -> #N/A | AB125: =Z125*(X125*I125/W125+Y125*I125*AA125/1000)*U125 -> #N/A | AC125: =ROUNDUP(AB125/220*100,2) -> #N/A | AD125: =_xlfn.IFS(H125=3,380,H125=1,220) -> #N/A | AE125: =VLOOKUP(N125,Кабель_обозначение,2,FALSE) -> #N/A | AF125: =IF(VLOOKUP(N125,Кабель_обозначение,3,FALSE)=1,AE125&" ("&O125&"х"&W125&")",AE125) -> #N/A | AG125: =IFERROR(IF(AC125>4.5,1,2),0) -> 0 | AH125: =IFERROR(LEFT(AR125,SEARCH(".",AR125)-1),AR125) | AI125: =IFERROR(LEFT(A125,SEARCH(".",A125)-1),A125) -> 0 | AJ125: =IFERROR(LEFT(AQ125,SEARCH(".",AQ125)-1),AQ125) -> #VALUE! | AK125: =IF(C125=0,B125,C125) -> #N/A | AL125: =ROUNDUP(U125,2) -> #N/A | AM125: =E125 -> 0 | AN125: =D125 -> 0 | AP125: =IF(W125=0,AE125,AF125&" L="&M125&"-"&AC125&"%") -> #N/A | AQ125: =RIGHT(A125,LEN(A125)-SEARCH(".",A125)) -> #VALUE! | AR125: =IFERROR(RIGHT(AQ125,LEN(AQ125)-SEARCH(".",AQ125)),"") | AS125: =IFERROR(IF(VLOOKUP(AI125,Потребители_обозначение,5,FALSE)=2,_xlfn.IFS(H125=3,VLOOKUP(E125,Справочная_двигатели,3,FALSE),H125=1,VLOOKUP(E125,Справочная_двигатели,5,TRUE)),0),0) -> 0 | AT125: =IFERROR(IF(VLOOKUP(AI125,Потребители_обозначение,5,FALSE)=3,VLOOKUP(E125,Справочная_ЛЭД,2,TRUE),0),0) -> 0 | AU125: =IF(AS125=0,AT125,AS125) -> 0
A126: =D126 -> 0 | B126: =IFERROR(IF(VLOOKUP(AI126,Потребители_обозначение,4,FALSE)=1,VLOOKUP(AI126,Потребители_обозначение,2,FALSE)&" "&VLOOKUP(AJ126,Этаж_обозначение,2,FALSE)&" Пом. №"&AH126,VLOOKUP(AI126,Потребители_обозначение,2,FALSE)&" Шлейф №"&AJ126),VLOOKUP(D126,Потребители_обозначение,2,FALSE)) -> #N/A | M126: =IFERROR(IF(VLOOKUP(AI126,Потребители_обозначение,4,FALSE)=1,VLOOKUP(AI126,Потребители_обозначение,3,FALSE)*(G126*2-1)+I126+VLOOKUP(AJ126,Этаж_обозначение,3,FALSE)+VLOOKUP(AJ126,Этаж_обозначение,4,FALSE),VLOOKUP(AI126,Потребители_обозначение,3,FALSE)*(G126*2-1)+I126),I126) -> 0 | P126: =IF(VLOOKUP(AI126,Потребители_обозначение,5,FALSE)=2,_xlfn.IFS(H126=3,VLOOKUP(E126,Справочная_двигатели,8,FALSE),H126=1,VLOOKUP(E126,Справочная_двигатели,10,TRUE)),0.95) -> #N/A | U126: =_xlfn.IFS(H126=1,E126*1000/220,H126=3,E126/0.38/1.732) -> #N/A | V126: =IF(S126=0,VLOOKUP(U126,Автомат_номиналы,2,TRUE),S126) -> #N/A | W126: =IF(R126=0,VLOOKUP(V126,Кабель_номиналы,2,TRUE),R126) -> #N/A | X126: =VLOOKUP(W126,Кабель_сопротивление,3,FALSE) -> #N/A | Y126: =VLOOKUP(W126,Кабель_сопротивление,2,FALSE) -> #N/A | Z126: {=_xlfn.IFS(H126=1,2,H126=3,1)} -> #N/A | AA126: =ROUND(SIN(ACOS(P126)),2) -> #N/A | AB126: =Z126*(X126*I126/W126+Y126*I126*AA126/1000)*U126 -> #N/A | AC126: =ROUNDUP(AB126/220*100,2) -> #N/A | AD126: =_xlfn.IFS(H126=3,380,H126=1,220) -> #N/A | AE126: =VLOOKUP(N126,Кабель_обозначение,2,FALSE) -> #N/A | AF126: =IF(VLOOKUP(N126,Кабель_обозначение,3,FALSE)=1,AE126&" ("&O126&"х"&W126&")",AE126) -> #N/A | AG126: =IFERROR(IF(AC126>4.5,1,2),0) -> 0 | AH126: =IFERROR(LEFT(AR126,SEARCH(".",AR126)-1),AR126) | AI126: =IFERROR(LEFT(A126,SEARCH(".",A126)-1),A126) -> 0 | AJ126: =IFERROR(LEFT(AQ126,SEARCH(".",AQ126)-1),AQ126) -> #VALUE! | AK126: =IF(C126=0,B126,C126) -> #N/A | AL126: =ROUNDUP(U126,2) -> #N/A | AM126: =E126 -> 0 | AN126: =D126 -> 0 | AP126: =IF(W126=0,AE126,AF126&" L="&M126&"-"&AC126&"%") -> #N/A | AQ126: =RIGHT(A126,LEN(A126)-SEARCH(".",A126)) -> #VALUE! | AR126: =IFERROR(RIGHT(AQ126,LEN(AQ126)-SEARCH(".",AQ126)),"") | AS126: =IFERROR(IF(VLOOKUP(AI126,Потребители_обозначение,5,FALSE)=2,_xlfn.IFS(H126=3,VLOOKUP(E126,Справочная_двигатели,3,FALSE),H126=1,VLOOKUP(E126,Справочная_двигатели,5,TRUE)),0),0) -> 0 | AT126: =IFERROR(IF(VLOOKUP(AI126,Потребители_обозначение,5,FALSE)=3,VLOOKUP(E126,Справочная_ЛЭД,2,TRUE),0),0) -> 0 | AU126: =IF(AS126=0,AT126,AS126) -> 0
A127: =D127 -> 0 | B127: =IFERROR(IF(VLOOKUP(AI127,Потребители_обозначение,4,FALSE)=1,VLOOKUP(AI127,Потребители_обозначение,2,FALSE)&" "&VLOOKUP(AJ127,Этаж_обозначение,2,FALSE)&" Пом. №"&AH127,VLOOKUP(AI127,Потребители_обозначение,2,FALSE)&" Шлейф №"&AJ127),VLOOKUP(D127,Потребители_обозначение,2,FALSE)) -> #N/A | M127: =IFERROR(IF(VLOOKUP(AI127,Потребители_обозначение,4,FALSE)=1,VLOOKUP(AI127,Потребители_обозначение,3,FALSE)*(G127*2-1)+I127+VLOOKUP(AJ127,Этаж_обозначение,3,FALSE)+VLOOKUP(AJ127,Этаж_обозначение,4,FALSE),VLOOKUP(AI127,Потребители_обозначение,3,FALSE)*(G127*2-1)+I127),I127) -> 0 | P127: =IF(VLOOKUP(AI127,Потребители_обозначение,5,FALSE)=2,_xlfn.IFS(H127=3,VLOOKUP(E127,Справочная_двигатели,8,FALSE),H127=1,VLOOKUP(E127,Справочная_двигатели,10,TRUE)),0.95) -> #N/A | U127: =_xlfn.IFS(H127=1,E127*1000/220,H127=3,E127/0.38/1.732) -> #N/A | V127: =IF(S127=0,VLOOKUP(U127,Автомат_номиналы,2,TRUE),S127) -> #N/A | W127: =IF(R127=0,VLOOKUP(V127,Кабель_номиналы,2,TRUE),R127) -> #N/A | X127: =VLOOKUP(W127,Кабель_сопротивление,3,FALSE) -> #N/A | Y127: =VLOOKUP(W127,Кабель_сопротивление,2,FALSE) -> #N/A | Z127: {=_xlfn.IFS(H127=1,2,H127=3,1)} -> #N/A | AA127: =ROUND(SIN(ACOS(P127)),2) -> #N/A | AB127: =Z127*(X127*I127/W127+Y127*I127*AA127/1000)*U127 -> #N/A | AC127: =ROUNDUP(AB127/220*100,2) -> #N/A | AD127: =_xlfn.IFS(H127=3,380,H127=1,220) -> #N/A | AE127: =VLOOKUP(N127,Кабель_обозначение,2,FALSE) -> #N/A | AF127: =IF(VLOOKUP(N127,Кабель_обозначение,3,FALSE)=1,AE127&" ("&O127&"х"&W127&")",AE127) -> #N/A | AG127: =IFERROR(IF(AC127>4.5,1,2),0) -> 0 | AH127: =IFERROR(LEFT(AR127,SEARCH(".",AR127)-1),AR127) | AI127: =IFERROR(LEFT(A127,SEARCH(".",A127)-1),A127) -> 0 | AJ127: =IFERROR(LEFT(AQ127,SEARCH(".",AQ127)-1),AQ127) -> #VALUE! | AK127: =IF(C127=0,B127,C127) -> #N/A | AL127: =ROUNDUP(U127,2) -> #N/A | AM127: =E127 -> 0 | AN127: =D127 -> 0 | AP127: =IF(W127=0,AE127,AF127&" L="&M127&"-"&AC127&"%") -> #N/A | AQ127: =RIGHT(A127,LEN(A127)-SEARCH(".",A127)) -> #VALUE! | AR127: =IFERROR(RIGHT(AQ127,LEN(AQ127)-SEARCH(".",AQ127)),"") | AS127: =IFERROR(IF(VLOOKUP(AI127,Потребители_обозначение,5,FALSE)=2,_xlfn.IFS(H127=3,VLOOKUP(E127,Справочная_двигатели,3,FALSE),H127=1,VLOOKUP(E127,Справочная_двигатели,5,TRUE)),0),0) -> 0 | AT127: =IFERROR(IF(VLOOKUP(AI127,Потребители_обозначение,5,FALSE)=3,VLOOKUP(E127,Справочная_ЛЭД,2,TRUE),0),0) -> 0 | AU127: =IF(AS127=0,AT127,AS127) -> 0
A128: =D128 -> 0 | B128: =IFERROR(IF(VLOOKUP(AI128,Потребители_обозначение,4,FALSE)=1,VLOOKUP(AI128,Потребители_обозначение,2,FALSE)&" "&VLOOKUP(AJ128,Этаж_обозначение,2,FALSE)&" Пом. №"&AH128,VLOOKUP(AI128,Потребители_обозначение,2,FALSE)&" Шлейф №"&AJ128),VLOOKUP(D128,Потребители_обозначение,2,FALSE)) -> #N/A | M128: =IFERROR(IF(VLOOKUP(AI128,Потребители_обозначение,4,FALSE)=1,VLOOKUP(AI128,Потребители_обозначение,3,FALSE)*(G128*2-1)+I128+VLOOKUP(AJ128,Этаж_обозначение,3,FALSE)+VLOOKUP(AJ128,Этаж_обозначение,4,FALSE),VLOOKUP(AI128,Потребители_обозначение,3,FALSE)*(G128*2-1)+I128),I128) -> 0 | P128: =IF(VLOOKUP(AI128,Потребители_обозначение,5,FALSE)=2,_xlfn.IFS(H128=3,VLOOKUP(E128,Справочная_двигатели,8,FALSE),H128=1,VLOOKUP(E128,Справочная_двигатели,10,TRUE)),0.95) -> #N/A | U128: =_xlfn.IFS(H128=1,E128*1000/220,H128=3,E128/0.38/1.732) -> #N/A | V128: =IF(S128=0,VLOOKUP(U128,Автомат_номиналы,2,TRUE),S128) -> #N/A | W128: =IF(R128=0,VLOOKUP(V128,Кабель_номиналы,2,TRUE),R128) -> #N/A | X128: =VLOOKUP(W128,Кабель_сопротивление,3,FALSE) -> #N/A | Y128: =VLOOKUP(W128,Кабель_сопротивление,2,FALSE) -> #N/A | Z128: {=_xlfn.IFS(H128=1,2,H128=3,1)} -> #N/A | AA128: =ROUND(SIN(ACOS(P128)),2) -> #N/A | AB128: =Z128*(X128*I128/W128+Y128*I128*AA128/1000)*U128 -> #N/A | AC128: =ROUNDUP(AB128/220*100,2) -> #N/A | AD128: =_xlfn.IFS(H128=3,380,H128=1,220) -> #N/A | AE128: =VLOOKUP(N128,Кабель_обозначение,2,FALSE) -> #N/A | AF128: =IF(VLOOKUP(N128,Кабель_обозначение,3,FALSE)=1,AE128&" ("&O128&"х"&W128&")",AE128) -> #N/A | AG128: =IFERROR(IF(AC128>4.5,1,2),0) -> 0 | AH128: =IFERROR(LEFT(AR128,SEARCH(".",AR128)-1),AR128) | AI128: =IFERROR(LEFT(A128,SEARCH(".",A128)-1),A128) -> 0 | AJ128: =IFERROR(LEFT(AQ128,SEARCH(".",AQ128)-1),AQ128) -> #VALUE! | AK128: =IF(C128=0,B128,C128) -> #N/A | AL128: =ROUNDUP(U128,2) -> #N/A | AM128: =E128 -> 0 | AN128: =D128 -> 0 | AP128: =IF(W128=0,AE128,AF128&" L="&M128&"-"&AC128&"%") -> #N/A | AQ128: =RIGHT(A128,LEN(A128)-SEARCH(".",A128)) -> #VALUE! | AR128: =IFERROR(RIGHT(AQ128,LEN(AQ128)-SEARCH(".",AQ128)),"") | AS128: =IFERROR(IF(VLOOKUP(AI128,Потребители_обозначение,5,FALSE)=2,_xlfn.IFS(H128=3,VLOOKUP(E128,Справочная_двигатели,3,FALSE),H128=1,VLOOKUP(E128,Справочная_двигатели,5,TRUE)),0),0) -> 0 | AT128: =IFERROR(IF(VLOOKUP(AI128,Потребители_обозначение,5,FALSE)=3,VLOOKUP(E128,Справочная_ЛЭД,2,TRUE),0),0) -> 0 | AU128: =IF(AS128=0,AT128,AS128) -> 0
A129: =D129 -> 0 | B129: =IFERROR(IF(VLOOKUP(AI129,Потребители_обозначение,4,FALSE)=1,VLOOKUP(AI129,Потребители_обозначение,2,FALSE)&" "&VLOOKUP(AJ129,Этаж_обозначение,2,FALSE)&" Пом. №"&AH129,VLOOKUP(AI129,Потребители_обозначение,2,FALSE)&" Шлейф №"&AJ129),VLOOKUP(D129,Потребители_обозначение,2,FALSE)) -> #N/A | M129: =IFERROR(IF(VLOOKUP(AI129,Потребители_обозначение,4,FALSE)=1,VLOOKUP(AI129,Потребители_обозначение,3,FALSE)*(G129*2-1)+I129+VLOOKUP(AJ129,Этаж_обозначение,3,FALSE)+VLOOKUP(AJ129,Этаж_обозначение,4,FALSE),VLOOKUP(AI129,Потребители_обозначение,3,FALSE)*(G129*2-1)+I129),I129) -> 0 | P129: =IF(VLOOKUP(AI129,Потребители_обозначение,5,FALSE)=2,_xlfn.IFS(H129=3,VLOOKUP(E129,Справочная_двигатели,8,FALSE),H129=1,VLOOKUP(E129,Справочная_двигатели,10,TRUE)),0.95) -> #N/A | U129: =_xlfn.IFS(H129=1,E129*1000/220,H129=3,E129/0.38/1.732) -> #N/A | V129: =IF(S129=0,VLOOKUP(U129,Автомат_номиналы,2,TRUE),S129) -> #N/A | W129: =IF(R129=0,VLOOKUP(V129,Кабель_номиналы,2,TRUE),R129) -> #N/A | X129: =VLOOKUP(W129,Кабель_сопротивление,3,FALSE) -> #N/A | Y129: =VLOOKUP(W129,Кабель_сопротивление,2,FALSE) -> #N/A | Z129: {=_xlfn.IFS(H129=1,2,H129=3,1)} -> #N/A | AA129: =ROUND(SIN(ACOS(P129)),2) -> #N/A | AB129: =Z129*(X129*I129/W129+Y129*I129*AA129/1000)*U129 -> #N/A | AC129: =ROUNDUP(AB129/220*100,2) -> #N/A | AD129: =_xlfn.IFS(H129=3,380,H129=1,220) -> #N/A | AE129: =VLOOKUP(N129,Кабель_обозначение,2,FALSE) -> #N/A | AF129: =IF(VLOOKUP(N129,Кабель_обозначение,3,FALSE)=1,AE129&" ("&O129&"х"&W129&")",AE129) -> #N/A | AG129: =IFERROR(IF(AC129>4.5,1,2),0) -> 0 | AH129: =IFERROR(LEFT(AR129,SEARCH(".",AR129)-1),AR129) | AI129: =IFERROR(LEFT(A129,SEARCH(".",A129)-1),A129) -> 0 | AJ129: =IFERROR(LEFT(AQ129,SEARCH(".",AQ129)-1),AQ129) -> #VALUE! | AK129: =IF(C129=0,B129,C129) -> #N/A | AL129: =ROUNDUP(U129,2) -> #N/A | AM129: =E129 -> 0 | AN129: =D129 -> 0 | AP129: =IF(W129=0,AE129,AF129&" L="&M129&"-"&AC129&"%") -> #N/A | AQ129: =RIGHT(A129,LEN(A129)-SEARCH(".",A129)) -> #VALUE! | AR129: =IFERROR(RIGHT(AQ129,LEN(AQ129)-SEARCH(".",AQ129)),"") | AS129: =IFERROR(IF(VLOOKUP(AI129,Потребители_обозначение,5,FALSE)=2,_xlfn.IFS(H129=3,VLOOKUP(E129,Справочная_двигатели,3,FALSE),H129=1,VLOOKUP(E129,Справочная_двигатели,5,TRUE)),0),0) -> 0 | AT129: =IFERROR(IF(VLOOKUP(AI129,Потребители_обозначение,5,FALSE)=3,VLOOKUP(E129,Справочная_ЛЭД,2,TRUE),0),0) -> 0 | AU129: =IF(AS129=0,AT129,AS129) -> 0
A130: =D130 -> 0 | B130: =IFERROR(IF(VLOOKUP(AI130,Потребители_обозначение,4,FALSE)=1,VLOOKUP(AI130,Потребители_обозначение,2,FALSE)&" "&VLOOKUP(AJ130,Этаж_обозначение,2,FALSE)&" Пом. №"&AH130,VLOOKUP(AI130,Потребители_обозначение,2,FALSE)&" Шлейф №"&AJ130),VLOOKUP(D130,Потребители_обозначение,2,FALSE)) -> #N/A | M130: =IFERROR(IF(VLOOKUP(AI130,Потребители_обозначение,4,FALSE)=1,VLOOKUP(AI130,Потребители_обозначение,3,FALSE)*(G130*2-1)+I130+VLOOKUP(AJ130,Этаж_обозначение,3,FALSE)+VLOOKUP(AJ130,Этаж_обозначение,4,FALSE),VLOOKUP(AI130,Потребители_обозначение,3,FALSE)*(G130*2-1)+I130),I130) -> 0 | P130: =IF(VLOOKUP(AI130,Потребители_обозначение,5,FALSE)=2,_xlfn.IFS(H130=3,VLOOKUP(E130,Справочная_двигатели,8,FALSE),H130=1,VLOOKUP(E130,Справочная_двигатели,10,TRUE)),0.95) -> #N/A | U130: =_xlfn.IFS(H130=1,E130*1000/220,H130=3,E130/0.38/1.732) -> #N/A | V130: =IF(S130=0,VLOOKUP(U130,Автомат_номиналы,2,TRUE),S130) -> #N/A | W130: =IF(R130=0,VLOOKUP(V130,Кабель_номиналы,2,TRUE),R130) -> #N/A | X130: =VLOOKUP(W130,Кабель_сопротивление,3,FALSE) -> #N/A | Y130: =VLOOKUP(W130,Кабель_сопротивление,2,FALSE) -> #N/A | Z130: {=_xlfn.IFS(H130=1,2,H130=3,1)} -> #N/A | AA130: =ROUND(SIN(ACOS(P130)),2) -> #N/A | AB130: =Z130*(X130*I130/W130+Y130*I130*AA130/1000)*U130 -> #N/A | AC130: =ROUNDUP(AB130/220*100,2) -> #N/A | AD130: =_xlfn.IFS(H130=3,380,H130=1,220) -> #N/A | AE130: =VLOOKUP(N130,Кабель_обозначение,2,FALSE) -> #N/A | AF130: =IF(VLOOKUP(N130,Кабель_обозначение,3,FALSE)=1,AE130&" ("&O130&"х"&W130&")",AE130) -> #N/A | AG130: =IFERROR(IF(AC130>4.5,1,2),0) -> 0 | AH130: =IFERROR(LEFT(AR130,SEARCH(".",AR130)-1),AR130) | AI130: =IFERROR(LEFT(A130,SEARCH(".",A130)-1),A130) -> 0 | AJ130: =IFERROR(LEFT(AQ130,SEARCH(".",AQ130)-1),AQ130) -> #VALUE! | AK130: =IF(C130=0,B130,C130) -> #N/A | AL130: =ROUNDUP(U130,2) -> #N/A | AM130: =E130 -> 0 | AN130: =D130 -> 0 | AP130: =IF(W130=0,AE130,AF130&" L="&M130&"-"&AC130&"%") -> #N/A | AQ130: =RIGHT(A130,LEN(A130)-SEARCH(".",A130)) -> #VALUE! | AR130: =IFERROR(RIGHT(AQ130,LEN(AQ130)-SEARCH(".",AQ130)),"") | AS130: =IFERROR(IF(VLOOKUP(AI130,Потребители_обозначение,5,FALSE)=2,_xlfn.IFS(H130=3,VLOOKUP(E130,Справочная_двигатели,3,FALSE),H130=1,VLOOKUP(E130,Справочная_двигатели,5,TRUE)),0),0) -> 0 | AT130: =IFERROR(IF(VLOOKUP(AI130,Потребители_обозначение,5,FALSE)=3,VLOOKUP(E130,Справочная_ЛЭД,2,TRUE),0),0) -> 0 | AU130: =IF(AS130=0,AT130,AS130) -> 0
A131: =D131 -> 0 | B131: =IFERROR(IF(VLOOKUP(AI131,Потребители_обозначение,4,FALSE)=1,VLOOKUP(AI131,Потребители_обозначение,2,FALSE)&" "&VLOOKUP(AJ131,Этаж_обозначение,2,FALSE)&" Пом. №"&AH131,VLOOKUP(AI131,Потребители_обозначение,2,FALSE)&" Шлейф №"&AJ131),VLOOKUP(D131,Потребители_обозначение,2,FALSE)) -> #N/A | M131: =IFERROR(IF(VLOOKUP(AI131,Потребители_обозначение,4,FALSE)=1,VLOOKUP(AI131,Потребители_обозначение,3,FALSE)*(G131*2-1)+I131+VLOOKUP(AJ131,Этаж_обозначение,3,FALSE)+VLOOKUP(AJ131,Этаж_обозначение,4,FALSE),VLOOKUP(AI131,Потребители_обозначение,3,FALSE)*(G131*2-1)+I131),I131) -> 0 | P131: =IF(VLOOKUP(AI131,Потребители_обозначение,5,FALSE)=2,_xlfn.IFS(H131=3,VLOOKUP(E131,Справочная_двигатели,8,FALSE),H131=1,VLOOKUP(E131,Справочная_двигатели,10,TRUE)),0.95) -> #N/A | U131: =_xlfn.IFS(H131=1,E131*1000/220,H131=3,E131/0.38/1.732) -> #N/A | V131: =IF(S131=0,VLOOKUP(U131,Автомат_номиналы,2,TRUE),S131) -> #N/A | W131: =IF(R131=0,VLOOKUP(V131,Кабель_номиналы,2,TRUE),R131) -> #N/A | X131: =VLOOKUP(W131,Кабель_сопротивление,3,FALSE) -> #N/A | Y131: =VLOOKUP(W131,Кабель_сопротивление,2,FALSE) -> #N/A | Z131: {=_xlfn.IFS(H131=1,2,H131=3,1)} -> #N/A | AA131: =ROUND(SIN(ACOS(P131)),2) -> #N/A | AB131: =Z131*(X131*I131/W131+Y131*I131*AA131/1000)*U131 -> #N/A | AC131: =ROUNDUP(AB131/220*100,2) -> #N/A | AD131: =_xlfn.IFS(H131=3,380,H131=1,220) -> #N/A | AE131: =VLOOKUP(N131,Кабель_обозначение,2,FALSE) -> #N/A | AF131: =IF(VLOOKUP(N131,Кабель_обозначение,3,FALSE)=1,AE131&" ("&O131&"х"&W131&")",AE131) -> #N/A | AG131: =IFERROR(IF(AC131>4.5,1,2),0) -> 0 | AH131: =IFERROR(LEFT(AR131,SEARCH(".",AR131)-1),AR131) | AI131: =IFERROR(LEFT(A131,SEARCH(".",A131)-1),A131) -> 0 | AJ131: =IFERROR(LEFT(AQ131,SEARCH(".",AQ131)-1),AQ131) -> #VALUE! | AK131: =IF(C131=0,B131,C131) -> #N/A | AL131: =ROUNDUP(U131,2) -> #N/A | AM131: =E131 -> 0 | AN131: =D131 -> 0 | AP131: =IF(W131=0,AE131,AF131&" L="&M131&"-"&AC131&"%") -> #N/A | AQ131: =RIGHT(A131,LEN(A131)-SEARCH(".",A131)) -> #VALUE! | AR131: =IFERROR(RIGHT(AQ131,LEN(AQ131)-SEARCH(".",AQ131)),"") | AS131: =IFERROR(IF(VLOOKUP(AI131,Потребители_обозначение,5,FALSE)=2,_xlfn.IFS(H131=3,VLOOKUP(E131,Справочная_двигатели,3,FALSE),H131=1,VLOOKUP(E131,Справочная_двигатели,5,TRUE)),0),0) -> 0 | AT131: =IFERROR(IF(VLOOKUP(AI131,Потребители_обозначение,5,FALSE)=3,VLOOKUP(E131,Справочная_ЛЭД,2,TRUE),0),0) -> 0 | AU131: =IF(AS131=0,AT131,AS131) -> 0
A132: =D132 -> 0 | B132: =IFERROR(IF(VLOOKUP(AI132,Потребители_обозначение,4,FALSE)=1,VLOOKUP(AI132,Потребители_обозначение,2,FALSE)&" "&VLOOKUP(AJ132,Этаж_обозначение,2,FALSE)&" Пом. №"&AH132,VLOOKUP(AI132,Потребители_обозначение,2,FALSE)&" Шлейф №"&AJ132),VLOOKUP(D132,Потребители_обозначение,2,FALSE)) -> #N/A | M132: =IFERROR(IF(VLOOKUP(AI132,Потребители_обозначение,4,FALSE)=1,VLOOKUP(AI132,Потребители_обозначение,3,FALSE)*(G132*2-1)+I132+VLOOKUP(AJ132,Этаж_обозначение,3,FALSE)+VLOOKUP(AJ132,Этаж_обозначение,4,FALSE),VLOOKUP(AI132,Потребители_обозначение,3,FALSE)*(G132*2-1)+I132),I132) -> 0 | P132: =IF(VLOOKUP(AI132,Потребители_обозначение,5,FALSE)=2,_xlfn.IFS(H132=3,VLOOKUP(E132,Справочная_двигатели,8,FALSE),H132=1,VLOOKUP(E132,Справочная_двигатели,10,TRUE)),0.95) -> #N/A | U132: =_xlfn.IFS(H132=1,E132*1000/220,H132=3,E132/0.38/1.732) -> #N/A | V132: =IF(S132=0,VLOOKUP(U132,Автомат_номиналы,2,TRUE),S132) -> #N/A | W132: =IF(R132=0,VLOOKUP(V132,Кабель_номиналы,2,TRUE),R132) -> #N/A | X132: =VLOOKUP(W132,Кабель_сопротивление,3,FALSE) -> #N/A | Y132: =VLOOKUP(W132,Кабель_сопротивление,2,FALSE) -> #N/A | Z132: {=_xlfn.IFS(H132=1,2,H132=3,1)} -> #N/A | AA132: =ROUND(SIN(ACOS(P132)),2) -> #N/A | AB132: =Z132*(X132*I132/W132+Y132*I132*AA132/1000)*U132 -> #N/A | AC132: =ROUNDUP(AB132/220*100,2) -> #N/A | AD132: =_xlfn.IFS(H132=3,380,H132=1,220) -> #N/A | AE132: =VLOOKUP(N132,Кабель_обозначение,2,FALSE) -> #N/A | AF132: =IF(VLOOKUP(N132,Кабель_обозначение,3,FALSE)=1,AE132&" ("&O132&"х"&W132&")",AE132) -> #N/A | AG132: =IFERROR(IF(AC132>4.5,1,2),0) -> 0 | AH132: =IFERROR(LEFT(AR132,SEARCH(".",AR132)-1),AR132) | AI132: =IFERROR(LEFT(A132,SEARCH(".",A132)-1),A132) -> 0 | AJ132: =IFERROR(LEFT(AQ132,SEARCH(".",AQ132)-1),AQ132) -> #VALUE! | AK132: =IF(C132=0,B132,C132) -> #N/A | AL132: =ROUNDUP(U132,2) -> #N/A | AM132: =E132 -> 0 | AN132: =D132 -> 0 | AP132: =IF(W132=0,AE132,AF132&" L="&M132&"-"&AC132&"%") -> #N/A | AQ132: =RIGHT(A132,LEN(A132)-SEARCH(".",A132)) -> #VALUE! | AR132: =IFERROR(RIGHT(AQ132,LEN(AQ132)-SEARCH(".",AQ132)),"") | AS132: =IFERROR(IF(VLOOKUP(AI132,Потребители_обозначение,5,FALSE)=2,_xlfn.IFS(H132=3,VLOOKUP(E132,Справочная_двигатели,3,FALSE),H132=1,VLOOKUP(E132,Справочная_двигатели,5,TRUE)),0),0) -> 0 | AT132: =IFERROR(IF(VLOOKUP(AI132,Потребители_обозначение,5,FALSE)=3,VLOOKUP(E132,Справочная_ЛЭД,2,TRUE),0),0) -> 0 | AU132: =IF(AS132=0,AT132,AS132) -> 0
A133: =D133 -> 0 | B133: =IFERROR(IF(VLOOKUP(AI133,Потребители_обозначение,4,FALSE)=1,VLOOKUP(AI133,Потребители_обозначение,2,FALSE)&" "&VLOOKUP(AJ133,Этаж_обозначение,2,FALSE)&" Пом. №"&AH133,VLOOKUP(AI133,Потребители_обозначение,2,FALSE)&" Шлейф №"&AJ133),VLOOKUP(D133,Потребители_обозначение,2,FALSE)) -> #N/A | M133: =IFERROR(IF(VLOOKUP(AI133,Потребители_обозначение,4,FALSE)=1,VLOOKUP(AI133,Потребители_обозначение,3,FALSE)*(G133*2-1)+I133+VLOOKUP(AJ133,Этаж_обозначение,3,FALSE)+VLOOKUP(AJ133,Этаж_обозначение,4,FALSE),VLOOKUP(AI133,Потребители_обозначение,3,FALSE)*(G133*2-1)+I133),I133) -> 0 | P133: =IF(VLOOKUP(AI133,Потребители_обозначение,5,FALSE)=2,_xlfn.IFS(H133=3,VLOOKUP(E133,Справочная_двигатели,8,FALSE),H133=1,VLOOKUP(E133,Справочная_двигатели,10,TRUE)),0.95) -> #N/A | U133: =_xlfn.IFS(H133=1,E133*1000/220,H133=3,E133/0.38/1.732) -> #N/A | V133: =IF(S133=0,VLOOKUP(U133,Автомат_номиналы,2,TRUE),S133) -> #N/A | W133: =IF(R133=0,VLOOKUP(V133,Кабель_номиналы,2,TRUE),R133) -> #N/A | X133: =VLOOKUP(W133,Кабель_сопротивление,3,FALSE) -> #N/A | Y133: =VLOOKUP(W133,Кабель_сопротивление,2,FALSE) -> #N/A | Z133: {=_xlfn.IFS(H133=1,2,H133=3,1)} -> #N/A | AA133: =ROUND(SIN(ACOS(P133)),2) -> #N/A | AB133: =Z133*(X133*I133/W133+Y133*I133*AA133/1000)*U133 -> #N/A | AC133: =ROUNDUP(AB133/220*100,2) -> #N/A | AD133: =_xlfn.IFS(H133=3,380,H133=1,220) -> #N/A | AE133: =VLOOKUP(N133,Кабель_обозначение,2,FALSE) -> #N/A | AF133: =IF(VLOOKUP(N133,Кабель_обозначение,3,FALSE)=1,AE133&" ("&O133&"х"&W133&")",AE133) -> #N/A | AG133: =IFERROR(IF(AC133>4.5,1,2),0) -> 0 | AH133: =IFERROR(LEFT(AR133,SEARCH(".",AR133)-1),AR133) | AI133: =IFERROR(LEFT(A133,SEARCH(".",A133)-1),A133) -> 0 | AJ133: =IFERROR(LEFT(AQ133,SEARCH(".",AQ133)-1),AQ133) -> #VALUE! | AK133: =IF(C133=0,B133,C133) -> #N/A | AL133: =ROUNDUP(U133,2) -> #N/A | AM133: =E133 -> 0 | AN133: =D133 -> 0 | AP133: =IF(W133=0,AE133,AF133&" L="&M133&"-"&AC133&"%") -> #N/A | AQ133: =RIGHT(A133,LEN(A133)-SEARCH(".",A133)) -> #VALUE! | AR133: =IFERROR(RIGHT(AQ133,LEN(AQ133)-SEARCH(".",AQ133)),"") | AS133: =IFERROR(IF(VLOOKUP(AI133,Потребители_обозначение,5,FALSE)=2,_xlfn.IFS(H133=3,VLOOKUP(E133,Справочная_двигатели,3,FALSE),H133=1,VLOOKUP(E133,Справочная_двигатели,5,TRUE)),0),0) -> 0 | AT133: =IFERROR(IF(VLOOKUP(AI133,Потребители_обозначение,5,FALSE)=3,VLOOKUP(E133,Справочная_ЛЭД,2,TRUE),0),0) -> 0 | AU133: =IF(AS133=0,AT133,AS133) -> 0
A134: =D134 -> 0 | B134: =IFERROR(IF(VLOOKUP(AI134,Потребители_обозначение,4,FALSE)=1,VLOOKUP(AI134,Потребители_обозначение,2,FALSE)&" "&VLOOKUP(AJ134,Этаж_обозначение,2,FALSE)&" Пом. №"&AH134,VLOOKUP(AI134,Потребители_обозначение,2,FALSE)&" Шлейф №"&AJ134),VLOOKUP(D134,Потребители_обозначение,2,FALSE)) -> #N/A | M134: =IFERROR(IF(VLOOKUP(AI134,Потребители_обозначение,4,FALSE)=1,VLOOKUP(AI134,Потребители_обозначение,3,FALSE)*(G134*2-1)+I134+VLOOKUP(AJ134,Этаж_обозначение,3,FALSE)+VLOOKUP(AJ134,Этаж_обозначение,4,FALSE),VLOOKUP(AI134,Потребители_обозначение,3,FALSE)*(G134*2-1)+I134),I134) -> 0 | P134: =IF(VLOOKUP(AI134,Потребители_обозначение,5,FALSE)=2,_xlfn.IFS(H134=3,VLOOKUP(E134,Справочная_двигатели,8,FALSE),H134=1,VLOOKUP(E134,Справочная_двигатели,10,TRUE)),0.95) -> #N/A | U134: =_xlfn.IFS(H134=1,E134*1000/220,H134=3,E134/0.38/1.732) -> #N/A | V134: =IF(S134=0,VLOOKUP(U134,Автомат_номиналы,2,TRUE),S134) -> #N/A | W134: =IF(R134=0,VLOOKUP(V134,Кабель_номиналы,2,TRUE),R134) -> #N/A | X134: =VLOOKUP(W134,Кабель_сопротивление,3,FALSE) -> #N/A | Y134: =VLOOKUP(W134,Кабель_сопротивление,2,FALSE) -> #N/A | Z134: {=_xlfn.IFS(H134=1,2,H134=3,1)} -> #N/A | AA134: =ROUND(SIN(ACOS(P134)),2) -> #N/A | AB134: =Z134*(X134*I134/W134+Y134*I134*AA134/1000)*U134 -> #N/A | AC134: =ROUNDUP(AB134/220*100,2) -> #N/A | AD134: =_xlfn.IFS(H134=3,380,H134=1,220) -> #N/A | AE134: =VLOOKUP(N134,Кабель_обозначение,2,FALSE) -> #N/A | AF134: =IF(VLOOKUP(N134,Кабель_обозначение,3,FALSE)=1,AE134&" ("&O134&"х"&W134&")",AE134) -> #N/A | AG134: =IFERROR(IF(AC134>4.5,1,2),0) -> 0 | AH134: =IFERROR(LEFT(AR134,SEARCH(".",AR134)-1),AR134) | AI134: =IFERROR(LEFT(A134,SEARCH(".",A134)-1),A134) -> 0 | AJ134: =IFERROR(LEFT(AQ134,SEARCH(".",AQ134)-1),AQ134) -> #VALUE! | AK134: =IF(C134=0,B134,C134) -> #N/A | AL134: =ROUNDUP(U134,2) -> #N/A | AM134: =E134 -> 0 | AN134: =D134 -> 0 | AP134: =IF(W134=0,AE134,AF134&" L="&M134&"-"&AC134&"%") -> #N/A | AQ134: =RIGHT(A134,LEN(A134)-SEARCH(".",A134)) -> #VALUE! | AR134: =IFERROR(RIGHT(AQ134,LEN(AQ134)-SEARCH(".",AQ134)),"") | AS134: =IFERROR(IF(VLOOKUP(AI134,Потребители_обозначение,5,FALSE)=2,_xlfn.IFS(H134=3,VLOOKUP(E134,Справочная_двигатели,3,FALSE),H134=1,VLOOKUP(E134,Справочная_двигатели,5,TRUE)),0),0) -> 0 | AT134: =IFERROR(IF(VLOOKUP(AI134,Потребители_обозначение,5,FALSE)=3,VLOOKUP(E134,Справочная_ЛЭД,2,TRUE),0),0) -> 0 | AU134: =IF(AS134=0,AT134,AS134) -> 0
... A1000: =D1000 -> 0 | B1000: =IFERROR(IF(VLOOKUP(AI1000,Потребители_обозначение,4,FALSE)=1,VLOOKUP(AI1000,Потребители_обозначение,2,FALSE)&" "&VLOOKUP(AJ1000,Этаж_обозначение,2,FALSE)&" Пом. №"&AH1000,VLOOKUP(AI1000,Потребители_обозначение,2,FALSE)&" Шлейф №"&AJ1000),VLOOKUP(D1000,Потребители_обозначение,2,FALSE)) -> #N/A | M1000: =IFERROR(IF(VLOOKUP(AI1000,Потребители_обозначение,4,FALSE)=1,VLOOKUP(AI1000,Потребители_обозначение,3,FALSE)*(G1000*2-1)+I1000+VLOOKUP(AJ1000,Этаж_обозначение,3,FALSE)+VLOOKUP(AJ1000,Этаж_обозначение,4,FALSE),VLOOKUP(AI1000,Потребители_обозначение,3,FALSE)*(G1000*2-1)+I1000),I1000) -> 0 | P1000: =IF(VLOOKUP(AI1000,Потребители_обозначение,5,FALSE)=2,_xlfn.IFS(H1000=3,VLOOKUP(E1000,Справочная_двигатели,8,FALSE),H1000=1,VLOOKUP(E1000,Справочная_двигатели,10,TRUE)),0.95) -> #N/A | U1000: =_xlfn.IFS(H1000=1,E1000*1000/220,H1000=3,E1000/0.38/1.732) -> #N/A | V1000: =IF(S1000=0,VLOOKUP(U1000,Автомат_номиналы,2,TRUE),S1000) -> #N/A | W1000: =IF(R1000=0,VLOOKUP(V1000,Кабель_номиналы,2,TRUE),R1000) -> #N/A | X1000: =VLOOKUP(W1000,Кабель_сопротивление,3,FALSE) -> #N/A | Y1000: =VLOOKUP(W1000,Кабель_сопротивление,2,FALSE) -> #N/A | Z1000: {=_xlfn.IFS(H1000=1,2,H1000=3,1)} -> #N/A | AA1000: =ROUND(SIN(ACOS(P1000)),2) -> #N/A | AB1000: =Z1000*(X1000*I1000/W1000+Y1000*I1000*AA1000/1000)*U1000 -> #N/A | AC1000: =ROUNDUP(AB1000/220*100,2) -> #N/A | AD1000: =_xlfn.IFS(H1000=3,380,H1000=1,220) -> #N/A | AE1000: =VLOOKUP(N1000,Кабель_обозначение,2,FALSE) -> #N/A | AF1000: =IF(VLOOKUP(N1000,Кабель_обозначение,3,FALSE)=1,AE1000&" ("&O1000&"х"&W1000&")",AE1000) -> #N/A | AG1000: =IFERROR(IF(AC1000>4.5,1,2),0) -> 0 | AH1000: =IFERROR(LEFT(AR1000,SEARCH(".",AR1000)-1),AR1000) | AI1000: =IFERROR(LEFT(A1000,SEARCH(".",A1000)-1),A1000) -> 0 | AJ1000: =IFERROR(LEFT(AQ1000,SEARCH(".",AQ1000)-1),AQ1000) -> #VALUE! | AK1000: =IF(C1000=0,B1000,C1000) -> #N/A | AL1000: =ROUNDUP(U1000,2) -> #N/A | AM1000: =E1000 -> 0 | AN1000: =D1000 -> 0 | AP1000: =IF(W1000=0,AE1000,AF1000&" L="&M1000&"-"&AC1000&"%") -> #N/A | AQ1000: =RIGHT(A1000,LEN(A1000)-SEARCH(".",A1000)) -> #VALUE! | AR1000: =IFERROR(RIGHT(AQ1000,LEN(AQ1000)-SEARCH(".",AQ1000)),"") | AS1000: =IFERROR(IF(VLOOKUP(AI1000,Потребители_обозначение,5,FALSE)=2,_xlfn.IFS(H1000=3,VLOOKUP(E1000,Справочная_двигатели,3,FALSE),H1000=1,VLOOKUP(E1000,Справочная_двигатели,5,TRUE)),0),0) -> 0 | AT1000: =IFERROR(IF(VLOOKUP(AI1000,Потребители_обозначение,5,FALSE)=3,VLOOKUP(E1000,Справочная_ЛЭД,2,TRUE),0),0) -> 0 | AU1000: =IF(AS1000=0,AT1000,AS1000) -> 0

Sheet Разбивка_по_щитам
A1: 1 | B1: 2 | C1: 3 | D1: 4 | E1: 5 | F1: 6 | G1: 7 | H1: 8 | I1: 9 | J1: 10 | K1: 11 | L1: 12 | M1: 13 | N1: 14 | O1: 15 | P1: 16 | Q1: 17 | R1: 18 | S1: 19 | T1: 20 | U1: 21
A2: Нумерация 1 | B2: Нумерация 2 | C2: Нумерация 3 | D2: Нумерация 4 | E2: Нумерация 5 | F2: Щит | G2: Начало линии | H2: Номер линии | I2: Промежуточный расчет | J2: Наименование | K2: ток | L2: мощность | M2: фаза | N2: номер линии | O2: УГО (заполняется в двг!) | P2: Кабель | Q2: Фазность | R2: Промежуточное значение 1 | S2: Промежуточное значение 2 | T2: Промежуточное значение 3 | U2: Промежуточное значение 4
A3: =IF(B3=B4,"",B3) | B3: =IF(C3=1,MAX(B2:$B$2)+1,IF(F3=0,"",B2)) -> 1 | C3: =COUNTIF($F$2:$F3,F3) -> 1 | D3: =IF(F3=0,0,MAX($D$2:D2)+1) -> 1 | E3: =IF(H3=0,0,MAX($E$2:E2)+1) -> 0 | F3: ГРЩ-ЖД | I3: =IFERROR(VLOOKUP(H3,H$2:H2,1,FALSE),VLOOKUP(H3,H4:H$478,1,FALSE)) -> #N/A | J3: =IF($H3=0,"",VLOOKUP($H3,Исходные_данные,37,FALSE)) | K3: =IF($H3=0,"",VLOOKUP($H3,Исходные_данные,38,FALSE)) | L3: =IF($H3=0,"",VLOOKUP($H3,Исходные_данные,39,FALSE)) | M3: =IFERROR(VLOOKUP(H3,Нагрузка_диапазон_1,5,FALSE),"") | N3: =IF($H3=0,"",VLOOKUP($H3,Исходные_данные,40,FALSE)) | P3: =IF($H3=0,"",VLOOKUP($H3,Исходные_данные,42,FALSE)) | Q3: =IF($H3=0,"",VLOOKUP($H3,Исходные_данные,8,FALSE)) | R3: =IF(Q3=3,"L1,L2,L3",0) -> 0 | S3: =IF(C3=1,1,IF(Q3=3,S2,IF(S2=3,1,S2+1))) -> 1 | T3: =IF(R3=0,"L"&S3,R3) -> L1 | U3: =IF($H3=0,"",VLOOKUP($H3,Исходные_данные,32,FALSE))
A4: =IF(B4=B5,"",B4) | B4: =IF(C4=1,MAX(B$2:$B3)+1,IF(F4=0,"",B3)) -> 1 | C4: =COUNTIF($F$2:$F4,F4) -> 2 | D4: =IF(F4=0,0,MAX($D$2:D3)+1) -> 2 | E4: =IF(H4=0,0,MAX($E$2:E3)+1) -> 1 | F4: ГРЩ-ЖД | H4: Ввод.1 | I4: =IFERROR(VLOOKUP(H4,H$2:H3,1,FALSE),VLOOKUP(H4,H5:H$478,1,FALSE)) -> #N/A | J4: =IF($H4=0,"",VLOOKUP($H4,Исходные_данные,37,FALSE)) -> Основной ввод в дом №1 | K4: =IF($H4=0,"",VLOOKUP($H4,Исходные_данные,38,FALSE)) -> 0 | L4: =IF($H4=0,"",VLOOKUP($H4,Исходные_данные,39,FALSE)) -> 0 | M4: =IFERROR(VLOOKUP(H4,Нагрузка_диапазон_1,5,FALSE),"") -> L1,L2,L3 | N4: =IF($H4=0,"",VLOOKUP($H4,Исходные_данные,40,FALSE)) -> Ввод.1 | P4: =IF($H4=0,"",VLOOKUP($H4,Исходные_данные,42,FALSE)) -> #N/A | Q4: =IF($H4=0,"",VLOOKUP($H4,Исходные_данные,8,FALSE)) -> 3 | R4: =IF(Q4=3,"L1,L2,L3",0) -> L1,L2,L3 | S4: =IF(C4=1,1,IF(Q4=3,S3,IF(S3=3,1,S3+1))) -> 1 | T4: =IF(R4=0,"L"&S4,R4) -> L1,L2,L3 | U4: =IF($H4=0,"",VLOOKUP($H4,Исходные_данные,32,FALSE)) -> #N/A
A5: =IF(B5=B6,"",B5) | B5: =IF(C5=1,MAX(B$2:$B4)+1,IF(F5=0,"",B4)) -> 1 | C5: =COUNTIF($F$2:$F5,F5) -> 3 | D5: =IF(F5=0,0,MAX($D$2:D4)+1) -> 3 | E5: =IF(H5=0,0,MAX($E$2:E4)+1) -> 0 | F5: ГРЩ-ЖД | I5: =IFERROR(VLOOKUP(H5,H$2:H4,1,FALSE),VLOOKUP(H5,H6:H$478,1,FALSE)) -> #N/A | J5: =IF($H5=0,"",VLOOKUP($H5,Исходные_данные,37,FALSE)) | K5: =IF($H5=0,"",VLOOKUP($H5,Исходные_данные,38,FALSE)) | L5: =IF($H5=0,"",VLOOKUP($H5,Исходные_данные,39,FALSE)) | M5: =IFERROR(VLOOKUP(H5,Нагрузка_диапазон_1,5,FALSE),"") | N5: =IF($H5=0,"",VLOOKUP($H5,Исходные_данные,40,FALSE)) | P5: =IF($H5=0,"",VLOOKUP($H5,Исходные_данные,42,FALSE)) | Q5: =IF($H5=0,"",VLOOKUP($H5,Исходные_данные,8,FALSE)) | R5: =IF(Q5=3,"L1,L2,L3",0) -> 0 | S5: =IF(C5=1,1,IF(Q5=3,S4,IF(S4=3,1,S4+1))) -> 2 | T5: =IF(R5=0,"L"&S5,R5) -> L2 | U5: =IF($H5=0,"",VLOOKUP($H5,Исходные_данные,32,FALSE))
A6: =IF(B6=B7,"",B6) | B6: =IF(C6=1,MAX(B$2:$B5)+1,IF(F6=0,"",B5)) -> 1 | C6: =COUNTIF($F$2:$F6,F6) -> 4 | D6: =IF(F6=0,0,MAX($D$2:D5)+1) -> 4 | E6: =IF(H6=0,0,MAX($E$2:E5)+1) -> 2 | F6: ГРЩ-ЖД | H6: Ввод.2 | I6: =IFERROR(VLOOKUP(H6,H$2:H5,1,FALSE),VLOOKUP(H6,H7:H$478,1,FALSE)) -> #N/A | J6: =IF($H6=0,"",VLOOKUP($H6,Исходные_данные,37,FALSE)) -> Основной ввод в дом №2 | K6: =IF($H6=0,"",VLOOKUP($H6,Исходные_данные,38,FALSE)) -> 0 | L6: =IF($H6=0,"",VLOOKUP($H6,Исходные_данные,39,FALSE)) -> 0 | M6: =IFERROR(VLOOKUP(H6,Нагрузка_диапазон_1,5,FALSE),"") -> L1,L2,L3 | N6: =IF($H6=0,"",VLOOKUP($H6,Исходные_данные,40,FALSE)) -> Ввод.2 | P6: =IF($H6=0,"",VLOOKUP($H6,Исходные_данные,42,FALSE)) -> #N/A | Q6: =IF($H6=0,"",VLOOKUP($H6,Исходные_данные,8,FALSE)) -> 3 | R6: =IF(Q6=3,"L1,L2,L3",0) -> L1,L2,L3 | S6: =IF(C6=1,1,IF(Q6=3,S5,IF(S5=3,1,S5+1))) -> 2 | T6: =IF(R6=0,"L"&S6,R6) -> L1,L2,L3 | U6: =IF($H6=0,"",VLOOKUP($H6,Исходные_данные,32,FALSE)) -> #N/A
A7: =IF(B7=B8,"",B7) | B7: =IF(C7=1,MAX(B$2:$B6)+1,IF(F7=0,"",B6)) -> 1 | C7: =COUNTIF($F$2:$F7,F7) -> 5 | D7: =IF(F7=0,0,MAX($D$2:D6)+1) -> 5 | E7: =IF(H7=0,0,MAX($E$2:E6)+1) -> 0 | F7: ГРЩ-ЖД | I7: =IFERROR(VLOOKUP(H7,H$2:H6,1,FALSE),VLOOKUP(H7,H8:H$478,1,FALSE)) -> #N/A | J7: =IF($H7=0,"",VLOOKUP($H7,Исходные_данные,37,FALSE)) | K7: =IF($H7=0,"",VLOOKUP($H7,Исходные_данные,38,FALSE)) | L7: =IF($H7=0,"",VLOOKUP($H7,Исходные_данные,39,FALSE)) | M7: =IFERROR(VLOOKUP(H7,Нагрузка_диапазон_1,5,FALSE),"") | N7: =IF($H7=0,"",VLOOKUP($H7,Исходные_данные,40,FALSE)) | P7: =IF($H7=0,"",VLOOKUP($H7,Исходные_данные,42,FALSE)) | Q7: =IF($H7=0,"",VLOOKUP($H7,Исходные_данные,8,FALSE)) | R7: =IF(Q7=3,"L1,L2,L3",0) -> 0 | S7: =IF(C7=1,1,IF(Q7=3,S6,IF(S6=3,1,S6+1))) -> 3 | T7: =IF(R7=0,"L"&S7,R7) -> L3 | U7: =IF($H7=0,"",VLOOKUP($H7,Исходные_данные,32,FALSE))
A8: =IF(B8=B9,"",B8) | B8: =IF(C8=1,MAX(B$2:$B7)+1,IF(F8=0,"",B7)) -> 1 | C8: =COUNTIF($F$2:$F8,F8) -> 6 | D8: =IF(F8=0,0,MAX($D$2:D7)+1) -> 6 | E8: =IF(H8=0,0,MAX($E$2:E7)+1) -> 0 | F8: ГРЩ-ЖД | I8: =IFERROR(VLOOKUP(H8,H$2:H7,1,FALSE),VLOOKUP(H8,H9:H$478,1,FALSE)) -> #N/A | J8: =IF($H8=0,"",VLOOKUP($H8,Исходные_данные,37,FALSE)) | K8: =IF($H8=0,"",VLOOKUP($H8,Исходные_данные,38,FALSE)) | L8: =IF($H8=0,"",VLOOKUP($H8,Исходные_данные,39,FALSE)) | M8: =IFERROR(VLOOKUP(H8,Нагрузка_диапазон_1,5,FALSE),"") | N8: =IF($H8=0,"",VLOOKUP($H8,Исходные_данные,40,FALSE)) | P8: =IF($H8=0,"",VLOOKUP($H8,Исходные_данные,42,FALSE)) | Q8: =IF($H8=0,"",VLOOKUP($H8,Исходные_данные,8,FALSE)) | R8: =IF(Q8=3,"L1,L2,L3",0) -> 0 | S8: =IF(C8=1,1,IF(Q8=3,S7,IF(S7=3,1,S7+1))) -> 1 | T8: =IF(R8=0,"L"&S8,R8) -> L1 | U8: =IF($H8=0,"",VLOOKUP($H8,Исходные_данные,32,FALSE))
A9: =IF(B9=B10,"",B9) | B9: =IF(C9=1,MAX(B$2:$B8)+1,IF(F9=0,"",B8)) -> 1 | C9: =COUNTIF($F$2:$F9,F9) -> 7 | D9: =IF(F9=0,0,MAX($D$2:D8)+1) -> 7 | E9: =IF(H9=0,0,MAX($E$2:E8)+1) -> 3 | F9: ГРЩ-ЖД | H9: ЩСПЗ-ЖД.1 | I9: =IFERROR(VLOOKUP(H9,H$2:H8,1,FALSE),VLOOKUP(H9,H10:H$478,1,FALSE)) -> #N/A | J9: =IF($H9=0,"",VLOOKUP($H9,Исходные_данные,37,FALSE)) -> Щит системы противопожарной защиты Цокольный этаж этаж Пом. №001Т Ввод.1 | K9: =IF($H9=0,"",VLOOKUP($H9,Исходные_данные,38,FALSE)) -> 7.28 | L9: =IF($H9=0,"",VLOOKUP($H9,Исходные_данные,39,FALSE)) -> 1.6 | M9: =IFERROR(VLOOKUP(H9,Нагрузка_диапазон_1,5,FALSE),"") -> L2 | N9: =IF($H9=0,"",VLOOKUP($H9,Исходные_данные,40,FALSE)) -> ЩСПЗ-ЖД.1 | P9: =IF($H9=0,"",VLOOKUP($H9,Исходные_данные,42,FALSE)) -> #N/A | Q9: =IF($H9=0,"",VLOOKUP($H9,Исходные_данные,8,FALSE)) -> 1 | R9: =IF(Q9=3,"L1,L2,L3",0) -> 0 | S9: =IF(C9=1,1,IF(Q9=3,S8,IF(S8=3,1,S8+1))) -> 2 | T9: =IF(R9=0,"L"&S9,R9) -> L2 | U9: =IF($H9=0,"",VLOOKUP($H9,Исходные_данные,32,FALSE)) -> ВВГнг(А)-FRLS (3х2,5)
A10: =IF(B10=B11,"",B10) | B10: =IF(C10=1,MAX(B$2:$B9)+1,IF(F10=0,"",B9)) -> 1 | C10: =COUNTIF($F$2:$F10,F10) -> 8 | D10: =IF(F10=0,0,MAX($D$2:D9)+1) -> 8 | E10: =IF(H10=0,0,MAX($E$2:E9)+1) -> 4 | F10: ГРЩ-ЖД | H10: ЩСПЗ-ЖД.2 | I10: =IFERROR(VLOOKUP(H10,H$2:H9,1,FALSE),VLOOKUP(H10,H11:H$478,1,FALSE)) -> #N/A | J10: =IF($H10=0,"",VLOOKUP($H10,Исходные_данные,37,FALSE)) -> Щит системы противопожарной защиты Цокольный этаж этаж Пом. №001Т Ввод.2 | K10: =IF($H10=0,"",VLOOKUP($H10,Исходные_данные,38,FALSE)) -> 0 | L10: =IF($H10=0,"",VLOOKUP($H10,Исходные_данные,39,FALSE)) -> 0 | M10: =IFERROR(VLOOKUP(H10,Нагрузка_диапазон_1,5,FALSE),"") -> L3 | N10: =IF($H10=0,"",VLOOKUP($H10,Исходные_данные,40,FALSE)) -> ЩСПЗ-ЖД.2 | P10: =IF($H10=0,"",VLOOKUP($H10,Исходные_данные,42,FALSE)) -> #N/A | Q10: =IF($H10=0,"",VLOOKUP($H10,Исходные_данные,8,FALSE)) -> 1 | R10: =IF(Q10=3,"L1,L2,L3",0) -> 0 | S10: =IF(C10=1,1,IF(Q10=3,S9,IF(S9=3,1,S9+1))) -> 3 | T10: =IF(R10=0,"L"&S10,R10) -> L3 | U10: =IF($H10=0,"",VLOOKUP($H10,Исходные_данные,32,FALSE)) -> ВВГнг(А)-FRLS (3х2,5)
A11: =IF(B11=B12,"",B11) | B11: =IF(C11=1,MAX(B$2:$B10)+1,IF(F11=0,"",B10)) -> 1 | C11: =COUNTIF($F$2:$F11,F11) -> 9 | D11: =IF(F11=0,0,MAX($D$2:D10)+1) -> 9 | E11: =IF(H11=0,0,MAX($E$2:E10)+1) -> 0 | F11: ГРЩ-ЖД | I11: =IFERROR(VLOOKUP(H11,H$2:H10,1,FALSE),VLOOKUP(H11,H12:H$478,1,FALSE)) -> #N/A | J11: =IF($H11=0,"",VLOOKUP($H11,Исходные_данные,37,FALSE)) | K11: =IF($H11=0,"",VLOOKUP($H11,Исходные_данные,38,FALSE)) | L11: =IF($H11=0,"",VLOOKUP($H11,Исходные_данные,39,FALSE)) | M11: =IFERROR(VLOOKUP(H11,Нагрузка_диапазон_1,5,FALSE),"") | N11: =IF($H11=0,"",VLOOKUP($H11,Исходные_данные,40,FALSE)) | P11: =IF($H11=0,"",VLOOKUP($H11,Исходные_данные,42,FALSE)) | Q11: =IF($H11=0,"",VLOOKUP($H11,Исходные_данные,8,FALSE)) | R11: =IF(Q11=3,"L1,L2,L3",0) -> 0 | S11: =IF(C11=1,1,IF(Q11=3,S10,IF(S10=3,1,S10+1))) -> 1 | T11: =IF(R11=0,"L"&S11,R11) -> L1 | U11: =IF($H11=0,"",VLOOKUP($H11,Исходные_данные,32,FALSE))
A12: =IF(B12=B13,"",B12) | B12: =IF(C12=1,MAX(B$2:$B11)+1,IF(F12=0,"",B11)) -> 1 | C12: =COUNTIF($F$2:$F12,F12) -> 10 | D12: =IF(F12=0,0,MAX($D$2:D11)+1) -> 10 | E12: =IF(H12=0,0,MAX($E$2:E11)+1) -> 0 | F12: ГРЩ-ЖД | I12: =IFERROR(VLOOKUP(H12,H$2:H11,1,FALSE),VLOOKUP(H12,H13:H$478,1,FALSE)) -> #N/A | J12: =IF($H12=0,"",VLOOKUP($H12,Исходные_данные,37,FALSE)) | K12: =IF($H12=0,"",VLOOKUP($H12,Исходные_данные,38,FALSE)) | L12: =IF($H12=0,"",VLOOKUP($H12,Исходные_данные,39,FALSE)) | M12: =IFERROR(VLOOKUP(H12,Нагрузка_диапазон_1,5,FALSE),"") | N12: =IF($H12=0,"",VLOOKUP($H12,Исходные_данные,40,FALSE)) | P12: =IF($H12=0,"",VLOOKUP($H12,Исходные_данные,42,FALSE)) | Q12: =IF($H12=0,"",VLOOKUP($H12,Исходные_данные,8,FALSE)) | R12: =IF(Q12=3,"L1,L2,L3",0) -> 0 | S12: =IF(C12=1,1,IF(Q12=3,S11,IF(S11=3,1,S11+1))) -> 2 | T12: =IF(R12=0,"L"&S12,R12) -> L2 | U12: =IF($H12=0,"",VLOOKUP($H12,Исходные_данные,32,FALSE))
