Workbook
Name Автомат_номиналы: Справочная!$F$4:$G$13
Name гофра_пвх: Справочная_потребители!$Z$4:$AB$9
Name гофра_пнд: Справочная_потребители!$AD$4:$AF$9
Name Для_диапазонов: 'В Акад'!$B$3:$M$4000
Name Для_расчета_кабелей: Кабельный_журнал!$I$5:$W$1000
Name Исходные_данные: 'Исходные данные'!$A$3:$AT$1000
Name Итог_щит_1: 'В Акад'!$P$2:$U$6
Name Итог_щит_2: 'В Акад'!$P$9:$U$13
Name Кабель_диаметр: Справочная_потребители!$T$4:$X$503
Name Кабель_номиналы: Справочная!$I$4:$J$19
Name Кабель_обозначение: Справочная!$L$4:$N$51
Name Кабель_сопротивление: Справочная!$B$4:$D$19
Name Кабельный_журнал: Кабельный_журнал!$P$5:$AB$1000
Name Мин_автомат_БП: Справочная!$BF$5
Name Модели_список: OFFSET(Каталог!$AB$3,0,0,1+MAX(Каталог!$AA$4:$AA$500),1)
Name Модули_спр: Каталог!$C$4:$F$500
Name Нагрузка_диапазон_1: Нагрузка_щитов!$D$2:$I$1000
Name Нумерация_щитов_1: Разбивка_по_щитам!$A$3:$A$1000
Name Нумерация_щитов_2: Разбивка_по_щитам!$B$3:$B$1000
Name Потребители_обозначение: Справочная!$P$4:$Y$51
Name Разбивка_нумерация_1: Разбивка_по_щитам!$A$3:$U$1000
Name Разбивка_нумерация_2: Разбивка_по_щитам!$B$3:$U$1000
Name Разбивка_нумерация_4: Разбивка_по_щитам!$D$2:$U$1000
Name Разбивка_нумерация_5: Разбивка_по_щитам!$E$2:$U$1000
Name Спецификация: Спецификация!$B$3:$J$60
Name Список_автоматов: OFFSET(Каталог!$X$3,0,0,1+MAX(Каталог!$W$4:$W$500),1)
Name Список_аппаратов: OFFSET(Каталог!$Z$4,0,0,MAX(1,MAX(Каталог!$Y$4:$Y$500)),1)
Name Список_модулей: OFFSET(Каталог!$AB$3,0,0,1+MAX(Каталог!$AA$4:$AA$500),1)
Name Список_произв: OFFSET(Каталог!$AD$3,0,0,1+MAX(Каталог!$AC$4:$AC$500),1)
Name Справочная_двигатели: Справочная_потребители!$B$4:$K$37
Name Справочная_ЛЭД: Справочная_потребители!$M$4:$O$19
Name Справочная_ПТО: Справочная!$AJ$4:$AK$200
Name Столбцов_на_лист: Справочная!$BF$4
Name УГО_блоки: Справочная!$BA$4:$BC$30
Name УГО_спр: Справочная!$AU$4:$AY$72
Name Управление_цвета: Справочная!$AQ$4:$AS$10
Name Щит_1: INDIRECT(Диапазоны!$C$4):INDIRECT(Диапазоны!$F$4)
Name Щит_2: INDIRECT(Диапазоны!$C$5):INDIRECT(Диапазоны!$F$5)
Name Этаж_обозначение: Справочная!$AD$4:$AG$19

Sheet Краткое руководство
C1: ШАБЛОН однолинейки v3.8 — копируйте на каждый объект/щит (имя файла без номера версии). Пример заполнения — «Однолинейка_пример_ЖК-Остров.xlsx». | E1: Ведомость изменений | H1: Ведомость неисправляемых ошибок
B2: 1 | C2: Нельзя добавлять строки | E2: 1.01 Демо | F2: Создание таблицы | H2: Все резервы идут под одинаковой фазой, нет возможности задать в ручную
B3: 2 | C3: НЕЛЬЗЯ трогать ячейки выделенные синим цветом!!! | E3: 1.02 Демо | F3: Исправлены некоторые ошибки в расчетах
B4: 3 | C4: НЕЛЬЗЯ вставлять столбцы | E4: 1.03 Демо | F4: Добавлено выделение ячеек красным при нарушении потерь напряжения, добавлено выделение ячейки с кол-вом электроприемников
B5: 4 | C5: Нельзя вырезать данные (ctrl+x) | E5: 1.04а Демо | F5: 1.Исправлена ошибка автоназвания потребителя, если нет порядкового номера. 2.Добавлена возможность корректировки Кс и косинуса на листе "Нагрузка_Щитов" (ошибка защиты листа). 3.Начато исправление ошибки ненахождение артикулов на ПК с разделительным знаком "," в таблице ПТО в справочной.
B6: 5 | C6: Листы: синие — справочники (Справочная, Каталог), зелёные — ввод (Исходные данные > Разбивка по щитам > Однолинейка), оранжевые — результаты, серые — служебные. «В Акад» и «Диапазоны» — для старого способа (Data Link в AutoCAD): НЕ удалять, НЕ скрывать и НЕ переименовывать. Скрыт только лист «Справочная_потребители» (правая кнопка по ярлыку → Показать). | E6: 1.04.2а Демо | F6: Исправлены некоторые ошибки в расчетах
B7: 6 | C7: На листе "Кабельный журнал" есть сводная таблица кабелей | E7: 1.04.2б Демо | F7: Добавлен лист токов КЗ для тестирования, добавлена справочная с Iп (не внедрен в расчеты)
B8: 7 | C8: На листе "Кабельный журнал" есть сводная таблица артикулов прокладки | E8: 1.04.2в Демо | F8: Исправлены некоторые ошибки в диапазонах
B9: 8 | C9: Номинал автомата нужен для расчета сечения кабеля, для других целей не используется | E9: 1.05 Демо | F9: Добавлен расчет пусковых токов, добавлен авто Cos(фи) (Нагрузка_щитов) Добавлен расчет КРМ + рекомндация по установке КРМ (Нагрузка_щитов)
B10: 9 | C10: Все ячейки, кроме нужных - заблокированы | E10: v3.5 (схема) | F10: Лист «Однолинейка» + программа AutoCAD SX_Schema (SXDRAW/SXUPDATE). Каталог оборудования с выпадающими списками, светофор (AE), защита паролем sx, лист «Бирки», подсчёт и артикулы в «Спецификации».
B11: 10 | C11: Если какая-то ячейка выделилась красным - значит есть нарушение (ГОСТа, расчета или иное), меняй значения во вводимых данных. Выделенная ячейка как-то связана с ошибкой | E11: v3.6 (схема) | F11: В «Спецификации» автоматы, аппараты, модули и клеммы 3L считаются по однолинейке (по артикулу), остальное вручную. Каталог показывает «в проекте, шт.». ТКЗ больше не пересчитывается при каждой правке. Коды → УГО перенесены в «Справочную» AU:AX. Служебные столбцы однолинейки свёрнуты.
B12: 11 | C12: ОДНОЛИНЕЙКА: вводить только в белые столбцы D, E, F, I–L, N, P, Y. Остальное считается само (лист защищён, пароль sx). | E12: v3.7 (схема) | F12: Спецификация собирается сама из «Каталога» (без пустых строк, по разделам). Понятный «Справочник_схемы». УГО по-русски + свои блоки. Клеммы 3L на линию по коду (шторы SH = 2). Старая ручная спецификация — скрытый лист «Спецификация_до_v3.7».
B13: 12 | C13: Столбец AE «Статус»: красный — ошибка (дубль клеммы, нет фазы, автомат/канал), жёлтый — проверить (нет мощности, 5 жил на 1 фазе, розетка без 30 мА, потери > 4%). | E13: v3.8 (схема) | F13: Лист «Справочник_схемы» убран: настройки, итоги и свободные каналы — «Справочная» BE:BN; сводка ошибок — «Однолинейка» AE1. Спецификация: «Спецификация» — ваша (значения, правьте как хотите), «Спецификация_авто» — черновик (формулы). Листы по цветам: синий — справочники, зелёный — ввод, оранжевый — результаты, серый — служебные (часть скрыта).
B14: 13 | C14: Канал (N): пусто — следующий по порядку, № — вручную, «=» — параллельно предыдущей, «+» — новый канал, «р» — резерв, «б»/«к» — без канала модуля.
B15: 14 | C15: СПЕЦИФИКАЦИЯ: «Спецификация_авто» считается сама (Каталог: N — по однолинейке, O — вручную/запас). Когда схема готова — выделить «Спецификация_авто» B4:J160 → Копировать → «Спецификация» B4 → Вставить → Значения. Дальше «Спецификацию» правьте как обычно.
B16: 15 | C16: AutoCAD: APPLOAD → SX_Schema.lsp. SXDRAW — построить (окно), SXUPDATE — перестроить без окна, SXCLEAR — удалить схему.
B17: 16 | C17: Новый код потребителя: строка в «Справочной» (P…Y) + в той же строке УГО (список), 30 мА, мин. автомат, клемм 3L на линию (AU:AY). Настройки однолинейки (мест на лист, мин. автомат перед БП) — «Справочная» BF4:BF5.
B18: 17 | C18: Свой значок УГО: «Справочная» BA:BB — название + имя блока из 02_Однолинейка.dwg. Лист «В Акад» — старый способ (Data Link), оставлен для коллег.

Sheet Справочная
L2: Заполнить!!! | AJ2: ПТО | AQ2: Способ управления | AU2: УГО на однолинейке (по коду) | BA2: ЗНАЧКИ УГО ДЛЯ ОДНОЛИНЕЙКИ | BE2: НАСТРОЙКИ ОДНОЛИНЕЙКИ И СВОДКА (перенесено с листа «Справочник_схемы»)
B3: Сечение | C3: Индуктивное, Ом/км | D3: Активное, Ом/км | F3: Ток | G3: Автомат | I3: Ток | J3: Кабель | L3: Обознач | M3: Кабель | N3: Сечение (1-да; 2 -нет) | P3: Обознач | Q3: Потребитель | R3: Опуск | S3: 1 - этаж/2 - шлейф | T3: Пусковой ток 1 - нет/2 - двигатель/3-свет | U3: Марка кабеля | V3: Кол-во жил | W3: Рабочее напряжение | X3: Кол-во фаз | Y3: Сечение | AA3: Обознач | AB3: Расшифровка | AD3: Обознач | AE3: Этаж | AF3: Подъем | AG3: По другим этажам | AJ3: Кабель | AK3: Артикул | AL3: Тип кабеля | AM3: Кол-во жил | AN3: Сечение | AO3: Пол/Потолок | AQ3: Ключ в выноске | AR3: Наименование | AS3: Цвет номера группы | AU3: Код (из P) | AV3: УГО | AW3: 30 мА | AX3: Мин. автомат, А | AY3: Трёхуровн. клемм на линию | BA3: УГО (выбирается в AV) | BB3: Блок AutoCAD (из 02_Однолинейка.dwg) | BC3: Код программы (не менять) | BE3: НАСТРОЙКИ (жёлтые — можно менять) | BH3: МОДУЛИ В ПРОЕКТЕ — СВОБОДНЫЕ КАНАЛЫ
B4: 0.75 | C4: 0.13 | D4: 0.0175 | F4: 0 | G4: 6 | I4: 0 | J4: 1.5 | L4: мс | M4: ВВГнг(А)-LS | N4: 1 | P4: Ввод | Q4: Ввод питающей линии | R4: 5 | S4: 1 | T4: 1 | AA4: тпв | AB4: Труба жесткая ПВХ | AD4: 0 | AE4: Цокольный этаж | AJ4: =AL4&" ("&AM4&"х"&AN4&") "&AO4 | AK4: МСК001 | AL4: ВВГнг(А)-LS | AM4: 2 | AN4: 1.5 | AO4: 1 | AQ4: Relay | AR4: Реле | AU4: =IF(P4="","",P4) | BA4: Розетка | BB4: Розетка1 | BC4: SOCKET | BE4: Мест (столбцов схемы) на лист A3 | BF4: 17 | BH4: Щит | BI4: Модуль | BJ4: Модель | BK4: Каналов | BL4: Занято (посл. №) | BM4: Резерв «р» | BN4: Свободно
B5: 1 | C5: 0.11 | D5: 0.0175 | F5: 5.4 | G5: 10 | I5: 19 | J5: 2.5 | L5: мфр | M5: ВВГнг(А)-FRLS | N5: 1 | P5: На ИБП | Q5: Питание на ИБП | R5: 5 | S5: 1 | T5: 1 | AA5: тпн | AB5: Труба жесткая ПНД | AD5: 1 | AJ5: =AL5&" ("&AM5&"х"&AN5&") "&AO5 | AK5: МСК002 | AL5: ВВГнг(А)-LS | AM5: 2 | AN5: 1.5 | AO5: 2 | AQ5: DALI | AR5: DALI | AU5: =IF(P5="","",P5) | BA5: Светильник | BB5: $RECOVER_230831092053-0 | BC5: LAMP | BE5: Мин. автомат перед БП / трансформатором, А | BF5: 10 | BH5: =IFERROR(INDEX(Однолинейка!$A$1:$A$1000,(MATCH(1,Однолинейка!$BS$1:$BS$1000,0))),"") | BI5: =IFERROR(INDEX(Однолинейка!$AW$1:$AW$1000,(MATCH(1,Однолинейка!$BS$1:$BS$1000,0))),"") | BJ5: =IF(BI5="","",INDEX(Однолинейка!$AI$1:$AI$1000,(MATCH(1,Однолинейка!$BS$1:$BS$1000,0)))) | BK5: =IF(BI5="","",IFERROR(VLOOKUP(BJ5,Модули_спр,3,FALSE),"")) | BL5: =IF(BI5="","",_xlfn.MAXIFS(Однолинейка!$O$3:$O$1000,Однолинейка!$AH$3:$AH$1000,BI5,Однолинейка!$A$3:$A$1000,BH5)) | BM5: =IF(BI5="","",COUNTIFS(Однолинейка!$AH$3:$AH$1000,BI5,Однолинейка!$A$3:$A$1000,BH5,Однолинейка!$N$3:$N$1000,"р")) | BN5: =IF(OR(BI5="",BK5=""),"",BK5-BL5)
B6: 1.5 | C6: 0.11 | D6: 0.0175 | F6: 9 | G6: 16 | I6: 25 | J6: 4 | L6: ютп | M6: FTP-Cat.6-4х2х0.52 | N6: 2 | P6: От ИБП | Q6: Питание от ИБП | R6: 5 | S6: 1 | T6: 1 | AA6: гпв | AB6: Труба гофрированная ПВХ | AD6: 2 | AJ6: =AL6&" ("&AM6&"х"&AN6&") "&AO6 | AK6: МСК003 | AL6: ВВГнг(А)-LS | AM6: 2 | AN6: 2.5 | AO6: 1 | AQ6: кнопк | AR6: С кнопки | AU6: =IF(P6="","",P6) | BA6: Сервопривод | BB6: Сервопривод-1 | BC6: SERVO | BH6: =IFERROR(INDEX(Однолинейка!$A$1:$A$1000,(MATCH(2,Однолинейка!$BS$1:$BS$1000,0))),"") | BI6: =IFERROR(INDEX(Однолинейка!$AW$1:$AW$1000,(MATCH(2,Однолинейка!$BS$1:$BS$1000,0))),"") | BJ6: =IF(BI6="","",INDEX(Однолинейка!$AI$1:$AI$1000,(MATCH(2,Однолинейка!$BS$1:$BS$1000,0)))) | BK6: =IF(BI6="","",IFERROR(VLOOKUP(BJ6,Модули_спр,3,FALSE),"")) | BL6: =IF(BI6="","",_xlfn.MAXIFS(Однолинейка!$O$3:$O$1000,Однолинейка!$AH$3:$AH$1000,BI6,Однолинейка!$A$3:$A$1000,BH6)) | BM6: =IF(BI6="","",COUNTIFS(Однолинейка!$AH$3:$AH$1000,BI6,Однолинейка!$A$3:$A$1000,BH6,Однолинейка!$N$3:$N$1000,"р")) | BN6: =IF(OR(BI6="",BK6=""),"",BK6-BL6)
B7: 2.5 | C7: 0.1 | D7: 0.0175 | F7: 14.4 | G7: 20 | I7: 33 | J7: 6 | L7: ре | M7: ПуГВ | N7: 1 | P7: R | Q7: Розеточная группа | R7: 2 | S7: 1 | T7: 1 | U7: мс | V7: 3 | W7: 230 | X7: 1 | Y7: 2.5 | AA7: гпн | AB7: Труба гофрированная ПНД | AD7: 3 | AE7: Третий этаж | AJ7: =AL7&" ("&AM7&"х"&AN7&") "&AO7 | AK7: МСК004 | AL7: ВВГнг(А)-LS | AM7: 2 | AN7: 2.5 | AO7: 2 | AQ7: Ключ из AQ ищется в AY. Цвет AS — образец для номера в D. | AU7: =IF(P7="","",P7) | AV7: Розетка | AW7: да | AX7: 16 | BA7: Клапан | BB7: EK.1 | BC7: VALVE | BE7: ИТОГИ ПО ОДНОЛИНЕЙКЕ | BH7: =IFERROR(INDEX(Однолинейка!$A$1:$A$1000,(MATCH(3,Однолинейка!$BS$1:$BS$1000,0))),"") | BI7: =IFERROR(INDEX(Однолинейка!$AW$1:$AW$1000,(MATCH(3,Однолинейка!$BS$1:$BS$1000,0))),"") | BJ7: =IF(BI7="","",INDEX(Однолинейка!$AI$1:$AI$1000,(MATCH(3,Однолинейка!$BS$1:$BS$1000,0)))) | BK7: =IF(BI7="","",IFERROR(VLOOKUP(BJ7,Модули_спр,3,FALSE),"")) | BL7: =IF(BI7="","",_xlfn.MAXIFS(Однолинейка!$O$3:$O$1000,Однолинейка!$AH$3:$AH$1000,BI7,Однолинейка!$A$3:$A$1000,BH7)) | BM7: =IF(BI7="","",COUNTIFS(Однолинейка!$AH$3:$AH$1000,BI7,Однолинейка!$A$3:$A$1000,BH7,Однолинейка!$N$3:$N$1000,"р")) | BN7: =IF(OR(BI7="",BK7=""),"",BK7-BL7)
B8: 4 | C8: 0.095 | D8: 0.0175 | F8: 18 | G8: 25 | I8: 42 | J8: 10 | L8: мб | M8: ВБШвнг(А)-LS | N8: 1 | P8: L | Q8: Группа освещения | R8: 1 | S8: 1 | T8: 1 | U8: мс | V8: 3 | W8: 230 | X8: 1 | Y8: 1.5 | AJ8: =AL8&" ("&AM8&"х"&AN8&") "&AO8 | AK8: МСК005 | AL8: ВВГнг(А)-LS | AM8: 3 | AN8: 1.5 | AO8: 1 | AU8: =IF(P8="","",P8) | AV8: Светильник | AW8: нет | AX8: 10 | BA8: Привод (двигатель) | BB8: Привод | BC8: MOTOR | BE8: Автоматов всего | BF8: =COUNTIF(Однолинейка!$E$3:$E$1000,"?*") | BH8: =IFERROR(INDEX(Однолинейка!$A$1:$A$1000,(MATCH(4,Однолинейка!$BS$1:$BS$1000,0))),"") | BI8: =IFERROR(INDEX(Однолинейка!$AW$1:$AW$1000,(MATCH(4,Однолинейка!$BS$1:$BS$1000,0))),"") | BJ8: =IF(BI8="","",INDEX(Однолинейка!$AI$1:$AI$1000,(MATCH(4,Однолинейка!$BS$1:$BS$1000,0)))) | BK8: =IF(BI8="","",IFERROR(VLOOKUP(BJ8,Модули_спр,3,FALSE),"")) | BL8: =IF(BI8="","",_xlfn.MAXIFS(Однолинейка!$O$3:$O$1000,Однолинейка!$AH$3:$AH$1000,BI8,Однолинейка!$A$3:$A$1000,BH8)) | BM8: =IF(BI8="","",COUNTIFS(Однолинейка!$AH$3:$AH$1000,BI8,Однолинейка!$A$3:$A$1000,BH8,Однолинейка!$N$3:$N$1000,"р")) | BN8: =IF(OR(BI8="",BK8=""),"",BK8-BL8)
B9: 6 | C9: 0.09 | D9: 0.0175 | F9: 22.5 | G9: 32 | I9: 58 | J9: 16 | L9: кмс | M9: КГВВнг(А)-LS | N9: 1 | P9: LED | Q9: Светодиодное освещение | R9: 1 | S9: 1 | T9: 1 | AJ9: =AL9&" ("&AM9&"х"&AN9&") "&AO9 | AK9: МСК006 | AL9: ВВГнг(А)-LS | AM9: 3 | AN9: 1.5 | AO9: 2 | AU9: =IF(P9="","",P9) | AV9: Светильник | AW9: нет | AX9: 10 | BA9: Нагреватель | BB9: (условный значок программы) | BC9: HEAT | BE9: из них с 30 мА (QFD) | BF9: =COUNTIF(Однолинейка!$AJ$3:$AJ$1000,"QFD*") | BH9: =IFERROR(INDEX(Однолинейка!$A$1:$A$1000,(MATCH(5,Однолинейка!$BS$1:$BS$1000,0))),"") | BI9: =IFERROR(INDEX(Однолинейка!$AW$1:$AW$1000,(MATCH(5,Однолинейка!$BS$1:$BS$1000,0))),"") | BJ9: =IF(BI9="","",INDEX(Однолинейка!$AI$1:$AI$1000,(MATCH(5,Однолинейка!$BS$1:$BS$1000,0)))) | BK9: =IF(BI9="","",IFERROR(VLOOKUP(BJ9,Модули_спр,3,FALSE),"")) | BL9: =IF(BI9="","",_xlfn.MAXIFS(Однолинейка!$O$3:$O$1000,Однолинейка!$AH$3:$AH$1000,BI9,Однолинейка!$A$3:$A$1000,BH9)) | BM9: =IF(BI9="","",COUNTIFS(Однолинейка!$AH$3:$AH$1000,BI9,Однолинейка!$A$3:$A$1000,BH9,Однолинейка!$N$3:$N$1000,"р")) | BN9: =IF(OR(BI9="",BK9=""),"",BK9-BL9)
B10: 10 | C10: 0.073 | D10: 0.0175 | F10: 28.8 | G10: 40 | I10: 78 | J10: 25 | L10: кмб | M10: КВБбШвнг(А)-LS 14x2.5 | N10: 2 | P10: R.ШТК | Q10: Шкаф слаботочных систем | R10: 2 | S10: 1 | T10: 1 | AJ10: =AL10&" ("&AM10&"х"&AN10&") "&AO10 | AK10: МСК007 | AL10: ВВГнг(А)-LS | AM10: 3 | AN10: 2.5 | AO10: 1 | AU10: =IF(P10="","",P10) | AV10: Розетка | AW10: нет | AX10: 16 | BA10: Прочее (прямоуг. с подписью) | BB10: (условный значок программы) | BC10: BOX | BE10: Клемм XT (номеров) | BF10: =COUNTIF(Однолинейка!$AY$3:$AY$1000,1) | BH10: =IFERROR(INDEX(Однолинейка!$A$1:$A$1000,(MATCH(6,Однолинейка!$BS$1:$BS$1000,0))),"") | BI10: =IFERROR(INDEX(Однолинейка!$AW$1:$AW$1000,(MATCH(6,Однолинейка!$BS$1:$BS$1000,0))),"") | BJ10: =IF(BI10="","",INDEX(Однолинейка!$AI$1:$AI$1000,(MATCH(6,Однолинейка!$BS$1:$BS$1000,0)))) | BK10: =IF(BI10="","",IFERROR(VLOOKUP(BJ10,Модули_спр,3,FALSE),"")) | BL10: =IF(BI10="","",_xlfn.MAXIFS(Однолинейка!$O$3:$O$1000,Однолинейка!$AH$3:$AH$1000,BI10,Однолинейка!$A$3:$A$1000,BH10)) | BM10: =IF(BI10="","",COUNTIFS(Однолинейка!$AH$3:$AH$1000,BI10,Однолинейка!$A$3:$A$1000,BH10,Однолинейка!$N$3:$N$1000,"р")) | BN10: =IF(OR(BI10="",BK10=""),"",BK10-BL10)
B11: 16 | C11: 0.0675 | D11: 0.0175 | F11: 36 | G11: 50 | I11: 104 | J11: 35 | L11: мфр | M11: ППГнг(А)-FRHF | N11: 1 | P11: R.ЩОПС | Q11: Щит охранно-пожарной сигнализации | R11: 2 | S11: 1 | T11: 1 | AJ11: =AL11&" ("&AM11&"х"&AN11&") "&AO11 | AK11: МСК008 | AL11: ВВГнг(А)-LS | AM11: 3 | AN11: 2.5 | AO11: 2 | AU11: =IF(P11="","",P11) | AV11: Розетка | AW11: нет | AX11: 16 | BE11: трёхуровневых блоков | BF11: =SUM(Однолинейка!$BW$3:$BW$1000) | BH11: =IFERROR(INDEX(Однолинейка!$A$1:$A$1000,(MATCH(7,Однолинейка!$BS$1:$BS$1000,0))),"") | BI11: =IFERROR(INDEX(Однолинейка!$AW$1:$AW$1000,(MATCH(7,Однолинейка!$BS$1:$BS$1000,0))),"") | BJ11: =IF(BI11="","",INDEX(Однолинейка!$AI$1:$AI$1000,(MATCH(7,Однолинейка!$BS$1:$BS$1000,0)))) | BK11: =IF(BI11="","",IFERROR(VLOOKUP(BJ11,Модули_спр,3,FALSE),"")) | BL11: =IF(BI11="","",_xlfn.MAXIFS(Однолинейка!$O$3:$O$1000,Однолинейка!$AH$3:$AH$1000,BI11,Однолинейка!$A$3:$A$1000,BH11)) | BM11: =IF(BI11="","",COUNTIFS(Однолинейка!$AH$3:$AH$1000,BI11,Однолинейка!$A$3:$A$1000,BH11,Однолинейка!$N$3:$N$1000,"р")) | BN11: =IF(OR(BI11="",BK11=""),"",BK11-BL11)
B12: 25 | C12: 0.0662 | D12: 0.0175 | F12: 45 | G12: 63 | I12: 127 | J12: 50 | L12: мшф | M12: ППГнг(А)-HF | N12: 1 | P12: АСУ | Q12: Питание системы автоматизации | R12: 1 | S12: 1 | T12: 1 | AJ12: =AL12&" ("&AM12&"х"&AN12&") "&AO12 | AK12: МСК009 | AL12: ВВГнг(А)-LS | AM12: 3 | AN12: 4 | AO12: 1 | AU12: =IF(P12="","",P12) | AV12: Прочее (прямоуг. с подписью) | AW12: нет | BE12: доп. проходных | BF12: =SUM(Однолинейка!$BX$3:$BX$1000) | BH12: =IFERROR(INDEX(Однолинейка!$A$1:$A$1000,(MATCH(8,Однолинейка!$BS$1:$BS$1000,0))),"") | BI12: =IFERROR(INDEX(Однолинейка!$AW$1:$AW$1000,(MATCH(8,Однолинейка!$BS$1:$BS$1000,0))),"") | BJ12: =IF(BI12="","",INDEX(Однолинейка!$AI$1:$AI$1000,(MATCH(8,Однолинейка!$BS$1:$BS$1000,0)))) | BK12: =IF(BI12="","",IFERROR(VLOOKUP(BJ12,Модули_спр,3,FALSE),"")) | BL12: =IF(BI12="","",_xlfn.MAXIFS(Однолинейка!$O$3:$O$1000,Однолинейка!$AH$3:$AH$1000,BI12,Однолинейка!$A$3:$A$1000,BH12)) | BM12: =IF(BI12="","",COUNTIFS(Однолинейка!$AH$3:$AH$1000,BI12,Однолинейка!$A$3:$A$1000,BH12,Однолинейка!$N$3:$N$1000,"р")) | BN12: =IF(OR(BI12="",BK12=""),"",BK12-BL12)
B13: 35 | C13: 0.0637 | D13: 0.0175 | F13: 56.7 | G13: Не исп | I13: 155 | J13: 70 | L13: кн | M13: J-Y(St)Y 2х2х0.8 | N13: 2 | P13: PS-KNX | Q13: Блок питания шины KNX | R13: 1 | S13: 1 | T13: 1 | AJ13: =AL13&" ("&AM13&"х"&AN13&") "&AO13 | AK13: МСК010 | AL13: ВВГнг(А)-LS | AM13: 3 | AN13: 4 | AO13: 2 | AU13: =IF(P13="","",P13) | BE13: Модулей всего | BF13: =COUNTIF(Однолинейка!$AW$3:$AW$1000,"?*") | BH13: =IFERROR(INDEX(Однолинейка!$A$1:$A$1000,(MATCH(9,Однолинейка!$BS$1:$BS$1000,0))),"") | BI13: =IFERROR(INDEX(Однолинейка!$AW$1:$AW$1000,(MATCH(9,Однолинейка!$BS$1:$BS$1000,0))),"") | BJ13: =IF(BI13="","",INDEX(Однолинейка!$AI$1:$AI$1000,(MATCH(9,Однолинейка!$BS$1:$BS$1000,0)))) | BK13: =IF(BI13="","",IFERROR(VLOOKUP(BJ13,Модули_спр,3,FALSE),"")) | BL13: =IF(BI13="","",_xlfn.MAXIFS(Однолинейка!$O$3:$O$1000,Однолинейка!$AH$3:$AH$1000,BI13,Однолинейка!$A$3:$A$1000,BH13)) | BM13: =IF(BI13="","",COUNTIFS(Однолинейка!$AH$3:$AH$1000,BI13,Однолинейка!$A$3:$A$1000,BH13,Однолинейка!$N$3:$N$1000,"р")) | BN13: =IF(OR(BI13="",BK13=""),"",BK13-BL13)
B14: 50 | C14: 0.0625 | D14: 0.0175 | I14: 196 | J14: 95 | L14: кф | M14: КИПЭВ 2х2х0.6 | N14: 2 | P14: В | Q14: Вытяжной вентилятор | R14: 1 | S14: 1 | T14: 1 | AJ14: =AL14&" ("&AM14&"х"&AN14&") "&AO14 | AK14: МСК011 | AL14: ВВГнг(А)-LS | AM14: 3 | AN14: 6 | AO14: 1 | AU14: =IF(P14="","",P14) | AV14: Привод (двигатель) | AW14: нет | BE14: Строк с ошибками (красные в AE) | BF14: =COUNTIF(Однолинейка!$BU$3:$BU$1000,2) | BH14: =IFERROR(INDEX(Однолинейка!$A$1:$A$1000,(MATCH(10,Однолинейка!$BS$1:$BS$1000,0))),"") | BI14: =IFERROR(INDEX(Однолинейка!$AW$1:$AW$1000,(MATCH(10,Однолинейка!$BS$1:$BS$1000,0))),"") | BJ14: =IF(BI14="","",INDEX(Однолинейка!$AI$1:$AI$1000,(MATCH(10,Однолинейка!$BS$1:$BS$1000,0)))) | BK14: =IF(BI14="","",IFERROR(VLOOKUP(BJ14,Модули_спр,3,FALSE),"")) | BL14: =IF(BI14="","",_xlfn.MAXIFS(Однолинейка!$O$3:$O$1000,Однолинейка!$AH$3:$AH$1000,BI14,Однолинейка!$A$3:$A$1000,BH14)) | BM14: =IF(BI14="","",COUNTIFS(Однолинейка!$AH$3:$AH$1000,BI14,Однолинейка!$A$3:$A$1000,BH14,Однолинейка!$N$3:$N$1000,"р")) | BN14: =IF(OR(BI14="",BK14=""),"",BK14-BL14)
B15: 70 | C15: 0.0612 | D15: 0.0175 | I15: 242 | J15: 120 | L15: кс | M15: КСПВГ 4х0.35 | N15: 2 | P15: ТП | Q15: Теплый пол | R15: 2 | S15: 1 | T15: 1 | AJ15: =AL15&" ("&AM15&"х"&AN15&") "&AO15 | AK15: МСК012 | AL15: ВВГнг(А)-LS | AM15: 3 | AN15: 6 | AO15: 2 | AU15: =IF(P15="","",P15) | AV15: Нагреватель | AW15: да | BE15: Строк с предупреждениями (жёлтые в AE) | BF15: =COUNTIF(Однолинейка!$BU$3:$BU$1000,1) | BH15: =IFERROR(INDEX(Однолинейка!$A$1:$A$1000,(MATCH(11,Однолинейка!$BS$1:$BS$1000,0))),"") | BI15: =IFERROR(INDEX(Однолинейка!$AW$1:$AW$1000,(MATCH(11,Однолинейка!$BS$1:$BS$1000,0))),"") | BJ15: =IF(BI15="","",INDEX(Однолинейка!$AI$1:$AI$1000,(MATCH(11,Однолинейка!$BS$1:$BS$1000,0)))) | BK15: =IF(BI15="","",IFERROR(VLOOKUP(BJ15,Модули_спр,3,FALSE),"")) | BL15: =IF(BI15="","",_xlfn.MAXIFS(Однолинейка!$O$3:$O$1000,Однолинейка!$AH$3:$AH$1000,BI15,Однолинейка!$A$3:$A$1000,BH15)) | BM15: =IF(BI15="","",COUNTIFS(Однолинейка!$AH$3:$AH$1000,BI15,Однолинейка!$A$3:$A$1000,BH15,Однолинейка!$N$3:$N$1000,"р")) | BN15: =IF(OR(BI15="",BK15=""),"",BK15-BL15)
B16: 95 | C16: 0.0602 | D16: 0.0175 | I16: 280 | J16: 150 | L16: кмс1 | M16: КГВВнг(А)-LS (5х1) | P16: ЭK | Q16: Шаровый электрокран | R16: 1 | S16: 1 | T16: 1 | AJ16: =AL16&" ("&AM16&"х"&AN16&") "&AO16 | AK16: МСК013 | AL16: ВВГнг(А)-LS | AM16: 5 | AN16: 1.5 | AO16: 1 | AU16: =IF(P16="","",P16) | AV16: Клапан | AW16: нет | BH16: =IFERROR(INDEX(Однолинейка!$A$1:$A$1000,(MATCH(12,Однолинейка!$BS$1:$BS$1000,0))),"") | BI16: =IFERROR(INDEX(Однолинейка!$AW$1:$AW$1000,(MATCH(12,Однолинейка!$BS$1:$BS$1000,0))),"") | BJ16: =IF(BI16="","",INDEX(Однолинейка!$AI$1:$AI$1000,(MATCH(12,Однолинейка!$BS$1:$BS$1000,0)))) | BK16: =IF(BI16="","",IFERROR(VLOOKUP(BJ16,Модули_спр,3,FALSE),"")) | BL16: =IF(BI16="","",_xlfn.MAXIFS(Однолинейка!$O$3:$O$1000,Однолинейка!$AH$3:$AH$1000,BI16,Однолинейка!$A$3:$A$1000,BH16)) | BM16: =IF(BI16="","",COUNTIFS(Однолинейка!$AH$3:$AH$1000,BI16,Однолинейка!$A$3:$A$1000,BH16,Однолинейка!$N$3:$N$1000,"р")) | BN16: =IF(OR(BI16="",BK16=""),"",BK16-BL16)
B17: 150 | C17: 0.0596 | D17: 0.0175 | I17: 321 | J17: 185 | P17: TE-O | Q17: Управление сервоприводом отопления | R17: 1 | S17: 1 | T17: 1 | AJ17: =AL17&" ("&AM17&"х"&AN17&") "&AO17 | AK17: МСК014 | AL17: ВВГнг(А)-LS | AM17: 5 | AN17: 1.5 | AO17: 2 | AU17: =IF(P17="","",P17) | BH17: =IFERROR(INDEX(Однолинейка!$A$1:$A$1000,(MATCH(13,Однолинейка!$BS$1:$BS$1000,0))),"") | BI17: =IFERROR(INDEX(Однолинейка!$AW$1:$AW$1000,(MATCH(13,Однолинейка!$BS$1:$BS$1000,0))),"") | BJ17: =IF(BI17="","",INDEX(Однолинейка!$AI$1:$AI$1000,(MATCH(13,Однолинейка!$BS$1:$BS$1000,0)))) | BK17: =IF(BI17="","",IFERROR(VLOOKUP(BJ17,Модули_спр,3,FALSE),"")) | BL17: =IF(BI17="","",_xlfn.MAXIFS(Однолинейка!$O$3:$O$1000,Однолинейка!$AH$3:$AH$1000,BI17,Однолинейка!$A$3:$A$1000,BH17)) | BM17: =IF(BI17="","",COUNTIFS(Однолинейка!$AH$3:$AH$1000,BI17,Однолинейка!$A$3:$A$1000,BH17,Однолинейка!$N$3:$N$1000,"р")) | BN17: =IF(OR(BI17="",BK17=""),"",BK17-BL17)
B18: 185 | C18: 0.0596 | D18: 0.0175 | I18: 369 | J18: 240 | P18: SH | Q18: Моторзированная нагрузка | R18: 1 | S18: 1 | T18: 1 | AJ18: =AL18&" ("&AM18&"х"&AN18&") "&AO18 | AK18: МСК015 | AL18: ВВГнг(А)-LS | AM18: 5 | AN18: 2.5 | AO18: 1 | AU18: =IF(P18="","",P18) | AV18: Привод (двигатель) | AW18: нет | AY18: 2 | BE18: КАК ПОДБИРАЕТСЯ АВТОМАТ («авто») | BH18: =IFERROR(INDEX(Однолинейка!$A$1:$A$1000,(MATCH(14,Однолинейка!$BS$1:$BS$1000,0))),"") | BI18: =IFERROR(INDEX(Однолинейка!$AW$1:$AW$1000,(MATCH(14,Однолинейка!$BS$1:$BS$1000,0))),"") | BJ18: =IF(BI18="","",INDEX(Однолинейка!$AI$1:$AI$1000,(MATCH(14,Однолинейка!$BS$1:$BS$1000,0)))) | BK18: =IF(BI18="","",IFERROR(VLOOKUP(BJ18,Модули_спр,3,FALSE),"")) | BL18: =IF(BI18="","",_xlfn.MAXIFS(Однолинейка!$O$3:$O$1000,Однолинейка!$AH$3:$AH$1000,BI18,Однолинейка!$A$3:$A$1000,BH18)) | BM18: =IF(BI18="","",COUNTIFS(Однолинейка!$AH$3:$AH$1000,BI18,Однолинейка!$A$3:$A$1000,BH18,Однолинейка!$N$3:$N$1000,"р")) | BN18: =IF(OR(BI18="",BK18=""),"",BK18-BL18)
B19: 240 | C19: 0.0587 | D19: 0.0175 | I19: 438 | J19: Не исп | P19: DALI | Q19: Контролер DALI | R19: 1 | S19: 2 | T19: 1 | AJ19: =AL19&" ("&AM19&"х"&AN19&") "&AO19 | AK19: МСК016 | AL19: ВВГнг(А)-LS | AM19: 5 | AN19: 2.5 | AO19: 2 | AU19: =IF(P19="","",P19) | AV19: Светильник | AW19: нет | AX19: 10 | BE19: 1. Ток группы = сумма токов линий группы (линия в нескольких строках считается один раз). | BH19: =IFERROR(INDEX(Однолинейка!$A$1:$A$1000,(MATCH(15,Однолинейка!$BS$1:$BS$1000,0))),"") | BI19: =IFERROR(INDEX(Однолинейка!$AW$1:$AW$1000,(MATCH(15,Однолинейка!$BS$1:$BS$1000,0))),"") | BJ19: =IF(BI19="","",INDEX(Однолинейка!$AI$1:$AI$1000,(MATCH(15,Однолинейка!$BS$1:$BS$1000,0)))) | BK19: =IF(BI19="","",IFERROR(VLOOKUP(BJ19,Модули_спр,3,FALSE),"")) | BL19: =IF(BI19="","",_xlfn.MAXIFS(Однолинейка!$O$3:$O$1000,Однолинейка!$AH$3:$AH$1000,BI19,Однолинейка!$A$3:$A$1000,BH19)) | BM19: =IF(BI19="","",COUNTIFS(Однолинейка!$AH$3:$AH$1000,BI19,Однолинейка!$A$3:$A$1000,BH19,Однолинейка!$N$3:$N$1000,"р")) | BN19: =IF(OR(BI19="",BK19=""),"",BK19-BL19)
P20: LED | Q20: Группа светодиодного освещения | R20: 1 | S20: 1 | T20: 3 | AJ20: =AL20&" ("&AM20&"х"&AN20&") "&AO20 | AK20: МСК017 | AL20: ВВГнг(А)-LS | AM20: 5 | AN20: 4 | AO20: 1 | AU20: =IF(P20="","",P20) | AV20: Светильник | AW20: нет | AX20: 10 | BE20: 2. Номинал по току — по таблице «Автомат_номиналы» (эта страница, F:G). | BH20: =IFERROR(INDEX(Однолинейка!$A$1:$A$1000,(MATCH(16,Однолинейка!$BS$1:$BS$1000,0))),"") | BI20: =IFERROR(INDEX(Однолинейка!$AW$1:$AW$1000,(MATCH(16,Однолинейка!$BS$1:$BS$1000,0))),"") | BJ20: =IF(BI20="","",INDEX(Однолинейка!$AI$1:$AI$1000,(MATCH(16,Однолинейка!$BS$1:$BS$1000,0)))) | BK20: =IF(BI20="","",IFERROR(VLOOKUP(BJ20,Модули_спр,3,FALSE),"")) | BL20: =IF(BI20="","",_xlfn.MAXIFS(Однолинейка!$O$3:$O$1000,Однолинейка!$AH$3:$AH$1000,BI20,Однолинейка!$A$3:$A$1000,BH20)) | BM20: =IF(BI20="","",COUNTIFS(Однолинейка!$AH$3:$AH$1000,BI20,Однолинейка!$A$3:$A$1000,BH20,Однолинейка!$N$3:$N$1000,"р")) | BN20: =IF(OR(BI20="",BK20=""),"",BK20-BL20)
P21: АПС | Q21: Реле АПС | R21: 1 | S21: 1 | T21: 1 | AJ21: =AL21&" ("&AM21&"х"&AN21&") "&AO21 | AK21: МСК018 | AL21: ВВГнг(А)-LS | AM21: 5 | AN21: 4 | AO21: 2 | AU21: =IF(P21="","",P21) | BE21: 3. Итог = наибольший из: по току, «Мин. автомат» по коду (AX: розетки 16 А, свет 10 А) и ручного автомата из «Исходных данных». | BH21: =IFERROR(INDEX(Однолинейка!$A$1:$A$1000,(MATCH(17,Однолинейка!$BS$1:$BS$1000,0))),"") | BI21: =IFERROR(INDEX(Однолинейка!$AW$1:$AW$1000,(MATCH(17,Однолинейка!$BS$1:$BS$1000,0))),"") | BJ21: =IF(BI21="","",INDEX(Однолинейка!$AI$1:$AI$1000,(MATCH(17,Однолинейка!$BS$1:$BS$1000,0)))) | BK21: =IF(BI21="","",IFERROR(VLOOKUP(BJ21,Модули_спр,3,FALSE),"")) | BL21: =IF(BI21="","",_xlfn.MAXIFS(Однолинейка!$O$3:$O$1000,Однолинейка!$AH$3:$AH$1000,BI21,Однолинейка!$A$3:$A$1000,BH21)) | BM21: =IF(BI21="","",COUNTIFS(Однолинейка!$AH$3:$AH$1000,BI21,Однолинейка!$A$3:$A$1000,BH21,Однолинейка!$N$3:$N$1000,"р")) | BN21: =IF(OR(BI21="",BK21=""),"",BK21-BL21)
P22: K | Q22: Внутренний блок кондиционера | R22: 1 | S22: 1 | T22: 1 | AJ22: =AL22&" ("&AM22&"х"&AN22&") "&AO22 | AK22: МСК019 | AL22: ВВГнг(А)-LS | AM22: 5 | AN22: 6 | AO22: 1 | AU22: =IF(P22="","",P22) | AV22: Привод (двигатель) | AW22: нет | BE22: 4. «Макс. автомат по кабелю» — по сечению (I:J). Если итог больше — «КАБЕЛЬ НЕ ЗАЩИЩЁН». | BH22: =IFERROR(INDEX(Однолинейка!$A$1:$A$1000,(MATCH(18,Однолинейка!$BS$1:$BS$1000,0))),"") | BI22: =IFERROR(INDEX(Однолинейка!$AW$1:$AW$1000,(MATCH(18,Однолинейка!$BS$1:$BS$1000,0))),"") | BJ22: =IF(BI22="","",INDEX(Однолинейка!$AI$1:$AI$1000,(MATCH(18,Однолинейка!$BS$1:$BS$1000,0)))) | BK22: =IF(BI22="","",IFERROR(VLOOKUP(BJ22,Модули_спр,3,FALSE),"")) | BL22: =IF(BI22="","",_xlfn.MAXIFS(Однолинейка!$O$3:$O$1000,Однолинейка!$AH$3:$AH$1000,BI22,Однолинейка!$A$3:$A$1000,BH22)) | BM22: =IF(BI22="","",COUNTIFS(Однолинейка!$AH$3:$AH$1000,BI22,Однолинейка!$A$3:$A$1000,BH22,Однолинейка!$N$3:$N$1000,"р")) | BN22: =IF(OR(BI22="",BK22=""),"",BK22-BL22)
P23: ПВ | Q23: Приточно-вытяжная установка | R23: 1 | S23: 1 | T23: 1 | AJ23: =AL23&" ("&AM23&"х"&AN23&") "&AO23 | AK23: МСК020 | AL23: ВВГнг(А)-LS | AM23: 5 | AN23: 6 | AO23: 2 | AU23: =IF(P23="","",P23) | BE23: 5. Если после автомата БП/трансформатор — берётся ток и мин. номинал BF5. | BH23: =IFERROR(INDEX(Однолинейка!$A$1:$A$1000,(MATCH(19,Однолинейка!$BS$1:$BS$1000,0))),"") | BI23: =IFERROR(INDEX(Однолинейка!$AW$1:$AW$1000,(MATCH(19,Однолинейка!$BS$1:$BS$1000,0))),"") | BJ23: =IF(BI23="","",INDEX(Однолинейка!$AI$1:$AI$1000,(MATCH(19,Однолинейка!$BS$1:$BS$1000,0)))) | BK23: =IF(BI23="","",IFERROR(VLOOKUP(BJ23,Модули_спр,3,FALSE),"")) | BL23: =IF(BI23="","",_xlfn.MAXIFS(Однолинейка!$O$3:$O$1000,Однолинейка!$AH$3:$AH$1000,BI23,Однолинейка!$A$3:$A$1000,BH23)) | BM23: =IF(BI23="","",COUNTIFS(Однолинейка!$AH$3:$AH$1000,BI23,Однолинейка!$A$3:$A$1000,BH23,Однолинейка!$N$3:$N$1000,"р")) | BN23: =IF(OR(BI23="",BK23=""),"",BK23-BL23)
P24: УВ | Q24: Увлажнитель | R24: 1 | S24: 1 | T24: 1 | AJ24: =AL24&" ("&AM24&"х"&AN24&") "&AO24 | AK24: МСК021 | AL24: ВВГнг(А)-LS | AM24: 5 | AN24: 10 | AO24: 1 | AU24: =IF(P24="","",P24) | AV24: Привод (двигатель) | AW24: нет | BE24: 6. Полюса: 3 фазы → 3P (4P с 30 мА), 1 фаза → 1P (2P с 30 мА). | BH24: =IFERROR(INDEX(Однолинейка!$A$1:$A$1000,(MATCH(20,Однолинейка!$BS$1:$BS$1000,0))),"") | BI24: =IFERROR(INDEX(Однолинейка!$AW$1:$AW$1000,(MATCH(20,Однолинейка!$BS$1:$BS$1000,0))),"") | BJ24: =IF(BI24="","",INDEX(Однолинейка!$AI$1:$AI$1000,(MATCH(20,Однолинейка!$BS$1:$BS$1000,0)))) | BK24: =IF(BI24="","",IFERROR(VLOOKUP(BJ24,Модули_спр,3,FALSE),"")) | BL24: =IF(BI24="","",_xlfn.MAXIFS(Однолинейка!$O$3:$O$1000,Однолинейка!$AH$3:$AH$1000,BI24,Однолинейка!$A$3:$A$1000,BH24)) | BM24: =IF(BI24="","",COUNTIFS(Однолинейка!$AH$3:$AH$1000,BI24,Однолинейка!$A$3:$A$1000,BH24,Однолинейка!$N$3:$N$1000,"р")) | BN24: =IF(OR(BI24="",BK24=""),"",BK24-BL24)
P25: ПН | Q25: Проточный водонагреватель | R25: 1 | S25: 1 | T25: 1 | AJ25: =AL25&" ("&AM25&"х"&AN25&") "&AO25 | AK25: МСК022 | AL25: ВВГнг(А)-LS | AM25: 5 | AN25: 10 | AO25: 2 | AU25: =IF(P25="","",P25) | AV25: Нагреватель | AW25: да | BE25: 7. 30 мА: столбец F «Однолинейки» или по коду (AW). | BH25: =IFERROR(INDEX(Однолинейка!$A$1:$A$1000,(MATCH(21,Однолинейка!$BS$1:$BS$1000,0))),"") | BI25: =IFERROR(INDEX(Однолинейка!$AW$1:$AW$1000,(MATCH(21,Однолинейка!$BS$1:$BS$1000,0))),"") | BJ25: =IF(BI25="","",INDEX(Однолинейка!$AI$1:$AI$1000,(MATCH(21,Однолинейка!$BS$1:$BS$1000,0)))) | BK25: =IF(BI25="","",IFERROR(VLOOKUP(BJ25,Модули_спр,3,FALSE),"")) | BL25: =IF(BI25="","",_xlfn.MAXIFS(Однолинейка!$O$3:$O$1000,Однолинейка!$AH$3:$AH$1000,BI25,Однолинейка!$A$3:$A$1000,BH25)) | BM25: =IF(BI25="","",COUNTIFS(Однолинейка!$AH$3:$AH$1000,BI25,Однолинейка!$A$3:$A$1000,BH25,Однолинейка!$N$3:$N$1000,"р")) | BN25: =IF(OR(BI25="",BK25=""),"",BK25-BL25)
P26: WD | Q26: Датчик протечки | R26: 0 | S26: 1 | T26: 1 | AJ26: =AL26&" ("&AM26&"х"&AN26&") "&AO26 | AK26: МСК023 | AL26: ВВГнг(А)-LS | AM26: 5 | AN26: 16 | AO26: 1 | AU26: =IF(P26="","",P26) | BE26: 8. Свой текст в «Автомат» (например «2P С20А 30мА») — используется как есть и проверяется. | BH26: =IFERROR(INDEX(Однолинейка!$A$1:$A$1000,(MATCH(22,Однолинейка!$BS$1:$BS$1000,0))),"") | BI26: =IFERROR(INDEX(Однолинейка!$AW$1:$AW$1000,(MATCH(22,Однолинейка!$BS$1:$BS$1000,0))),"") | BJ26: =IF(BI26="","",INDEX(Однолинейка!$AI$1:$AI$1000,(MATCH(22,Однолинейка!$BS$1:$BS$1000,0)))) | BK26: =IF(BI26="","",IFERROR(VLOOKUP(BJ26,Модули_спр,3,FALSE),"")) | BL26: =IF(BI26="","",_xlfn.MAXIFS(Однолинейка!$O$3:$O$1000,Однолинейка!$AH$3:$AH$1000,BI26,Однолинейка!$A$3:$A$1000,BH26)) | BM26: =IF(BI26="","",COUNTIFS(Однолинейка!$AH$3:$AH$1000,BI26,Однолинейка!$A$3:$A$1000,BH26,Однолинейка!$N$3:$N$1000,"р")) | BN26: =IF(OR(BI26="",BK26=""),"",BK26-BL26)
P27: VK | Q27: Выключатель нажимной | R27: 0 | S27: 1 | T27: 1 | AJ27: =AL27&" ("&AM27&"х"&AN27&") "&AO27 | AK27: МСК024 | AL27: ВВГнг(А)-LS | AM27: 5 | AN27: 16 | AO27: 2 | AU27: =IF(P27="","",P27) | BH27: =IFERROR(INDEX(Однолинейка!$A$1:$A$1000,(MATCH(23,Однолинейка!$BS$1:$BS$1000,0))),"") | BI27: =IFERROR(INDEX(Однолинейка!$AW$1:$AW$1000,(MATCH(23,Однолинейка!$BS$1:$BS$1000,0))),"") | BJ27: =IF(BI27="","",INDEX(Однолинейка!$AI$1:$AI$1000,(MATCH(23,Однолинейка!$BS$1:$BS$1000,0)))) | BK27: =IF(BI27="","",IFERROR(VLOOKUP(BJ27,Модули_спр,3,FALSE),"")) | BL27: =IF(BI27="","",_xlfn.MAXIFS(Однолинейка!$O$3:$O$1000,Однолинейка!$AH$3:$AH$1000,BI27,Однолинейка!$A$3:$A$1000,BH27)) | BM27: =IF(BI27="","",COUNTIFS(Однолинейка!$AH$3:$AH$1000,BI27,Однолинейка!$A$3:$A$1000,BH27,Однолинейка!$N$3:$N$1000,"р")) | BN27: =IF(OR(BI27="",BK27=""),"",BK27-BL27)
P28: КУП | Q28: Коробка уравнивания потенциалов | R28: 1 | S28: 1 | T28: 1 | AJ28: =AL28&" ("&AM28&"х"&AN28&") "&AO28 | AK28: МСК025 | AL28: ВВГнг(А)-LS | AM28: 5 | AN28: 25 | AO28: 1 | AU28: =IF(P28="","",P28) | BH28: =IFERROR(INDEX(Однолинейка!$A$1:$A$1000,(MATCH(24,Однолинейка!$BS$1:$BS$1000,0))),"") | BI28: =IFERROR(INDEX(Однолинейка!$AW$1:$AW$1000,(MATCH(24,Однолинейка!$BS$1:$BS$1000,0))),"") | BJ28: =IF(BI28="","",INDEX(Однолинейка!$AI$1:$AI$1000,(MATCH(24,Однолинейка!$BS$1:$BS$1000,0)))) | BK28: =IF(BI28="","",IFERROR(VLOOKUP(BJ28,Модули_спр,3,FALSE),"")) | BL28: =IF(BI28="","",_xlfn.MAXIFS(Однолинейка!$O$3:$O$1000,Однолинейка!$AH$3:$AH$1000,BI28,Однолинейка!$A$3:$A$1000,BH28)) | BM28: =IF(BI28="","",COUNTIFS(Однолинейка!$AH$3:$AH$1000,BI28,Однолинейка!$A$3:$A$1000,BH28,Однолинейка!$N$3:$N$1000,"р")) | BN28: =IF(OR(BI28="",BK28=""),"",BK28-BL28)
P29: PE | Q29: Заземляющая шина | R29: 1 | S29: 1 | T29: 1 | AJ29: =AL29&" ("&AM29&"х"&AN29&") "&AO29 | AK29: МСК026 | AL29: ВВГнг(А)-LS | AM29: 5 | AN29: 25 | AO29: 2 | AU29: =IF(P29="","",P29) | BH29: =IFERROR(INDEX(Однолинейка!$A$1:$A$1000,(MATCH(25,Однолинейка!$BS$1:$BS$1000,0))),"") | BI29: =IFERROR(INDEX(Однолинейка!$AW$1:$AW$1000,(MATCH(25,Однолинейка!$BS$1:$BS$1000,0))),"") | BJ29: =IF(BI29="","",INDEX(Однолинейка!$AI$1:$AI$1000,(MATCH(25,Однолинейка!$BS$1:$BS$1000,0)))) | BK29: =IF(BI29="","",IFERROR(VLOOKUP(BJ29,Модули_спр,3,FALSE),"")) | BL29: =IF(BI29="","",_xlfn.MAXIFS(Однолинейка!$O$3:$O$1000,Однолинейка!$AH$3:$AH$1000,BI29,Однолинейка!$A$3:$A$1000,BH29)) | BM29: =IF(BI29="","",COUNTIFS(Однолинейка!$AH$3:$AH$1000,BI29,Однолинейка!$A$3:$A$1000,BH29,Однолинейка!$N$3:$N$1000,"р")) | BN29: =IF(OR(BI29="",BK29=""),"",BK29-BL29)
P30: R.GSM | Q30: Щит усиления соловой связи | R30: 1 | S30: 1 | T30: 1 | AJ30: =AL30&" ("&AM30&"х"&AN30&") "&AO30 | AK30: МСК027 | AL30: ВВГнг(А)-LS | AM30: 5 | AN30: 35 | AO30: 1 | AU30: =IF(P30="","",P30) | AV30: Розетка | AW30: нет | AX30: 16 | BH30: =IFERROR(INDEX(Однолинейка!$A$1:$A$1000,(MATCH(26,Однолинейка!$BS$1:$BS$1000,0))),"") | BI30: =IFERROR(INDEX(Однолинейка!$AW$1:$AW$1000,(MATCH(26,Однолинейка!$BS$1:$BS$1000,0))),"") | BJ30: =IF(BI30="","",INDEX(Однолинейка!$AI$1:$AI$1000,(MATCH(26,Однолинейка!$BS$1:$BS$1000,0)))) | BK30: =IF(BI30="","",IFERROR(VLOOKUP(BJ30,Модули_спр,3,FALSE),"")) | BL30: =IF(BI30="","",_xlfn.MAXIFS(Однолинейка!$O$3:$O$1000,Однолинейка!$AH$3:$AH$1000,BI30,Однолинейка!$A$3:$A$1000,BH30)) | BM30: =IF(BI30="","",COUNTIFS(Однолинейка!$AH$3:$AH$1000,BI30,Однолинейка!$A$3:$A$1000,BH30,Однолинейка!$N$3:$N$1000,"р")) | BN30: =IF(OR(BI30="",BK30=""),"",BK30-BL30)
P31: TE-ТП | Q31: Управление сервоприводом теплого пола | R31: 1 | S31: 1 | T31: 1 | AJ31: =AL31&" ("&AM31&"х"&AN31&") "&AO31 | AK31: МСК028 | AL31: ВВГнг(А)-LS | AM31: 5 | AN31: 35 | AO31: 2 | AU31: =IF(P31="","",P31) | BH31: =IFERROR(INDEX(Однолинейка!$A$1:$A$1000,(MATCH(27,Однолинейка!$BS$1:$BS$1000,0))),"") | BI31: =IFERROR(INDEX(Однолинейка!$AW$1:$AW$1000,(MATCH(27,Однолинейка!$BS$1:$BS$1000,0))),"") | BJ31: =IF(BI31="","",INDEX(Однолинейка!$AI$1:$AI$1000,(MATCH(27,Однолинейка!$BS$1:$BS$1000,0)))) | BK31: =IF(BI31="","",IFERROR(VLOOKUP(BJ31,Модули_спр,3,FALSE),"")) | BL31: =IF(BI31="","",_xlfn.MAXIFS(Однолинейка!$O$3:$O$1000,Однолинейка!$AH$3:$AH$1000,BI31,Однолинейка!$A$3:$A$1000,BH31)) | BM31: =IF(BI31="","",COUNTIFS(Однолинейка!$AH$3:$AH$1000,BI31,Однолинейка!$A$3:$A$1000,BH31,Однолинейка!$N$3:$N$1000,"р")) | BN31: =IF(OR(BI31="",BK31=""),"",BK31-BL31)
P32: ПУ | Q32: Приточная установка | R32: 1 | S32: 1 | T32: 1 | AJ32: =AL32&" ("&AM32&"х"&AN32&") "&AO32 | AK32: МСК029 | AL32: ВВГнг(А)-LS | AM32: 5 | AN32: 50 | AO32: 1 | AU32: =IF(P32="","",P32) | AV32: Привод (двигатель) | AW32: нет | BA32: Свой значок: впишите название в BA и точное имя блока в BB (код оставьте пустым) — блок возьмётся из библиотеки DWG. | BH32: =IFERROR(INDEX(Однолинейка!$A$1:$A$1000,(MATCH(28,Однолинейка!$BS$1:$BS$1000,0))),"") | BI32: =IFERROR(INDEX(Однолинейка!$AW$1:$AW$1000,(MATCH(28,Однолинейка!$BS$1:$BS$1000,0))),"") | BJ32: =IF(BI32="","",INDEX(Однолинейка!$AI$1:$AI$1000,(MATCH(28,Однолинейка!$BS$1:$BS$1000,0)))) | BK32: =IF(BI32="","",IFERROR(VLOOKUP(BJ32,Модули_спр,3,FALSE),"")) | BL32: =IF(BI32="","",_xlfn.MAXIFS(Однолинейка!$O$3:$O$1000,Однолинейка!$AH$3:$AH$1000,BI32,Однолинейка!$A$3:$A$1000,BH32)) | BM32: =IF(BI32="","",COUNTIFS(Однолинейка!$AH$3:$AH$1000,BI32,Однолинейка!$A$3:$A$1000,BH32,Однолинейка!$N$3:$N$1000,"р")) | BN32: =IF(OR(BI32="",BK32=""),"",BK32-BL32)
P33: LD | Q33: Питание подсветок | R33: 3 | S33: 1 | T33: 1 | AJ33: =AL33&" ("&AM33&"х"&AN33&") "&AO33 | AK33: МСК030 | AL33: ВВГнг(А)-LS | AM33: 5 | AN33: 50 | AO33: 2 | AU33: =IF(P33="","",P33) | AV33: Светильник | AW33: нет | AX33: 10 | BH33: =IFERROR(INDEX(Однолинейка!$A$1:$A$1000,(MATCH(29,Однолинейка!$BS$1:$BS$1000,0))),"") | BI33: =IFERROR(INDEX(Однолинейка!$AW$1:$AW$1000,(MATCH(29,Однолинейка!$BS$1:$BS$1000,0))),"") | BJ33: =IF(BI33="","",INDEX(Однолинейка!$AI$1:$AI$1000,(MATCH(29,Однолинейка!$BS$1:$BS$1000,0)))) | BK33: =IF(BI33="","",IFERROR(VLOOKUP(BJ33,Модули_спр,3,FALSE),"")) | BL33: =IF(BI33="","",_xlfn.MAXIFS(Однолинейка!$O$3:$O$1000,Однолинейка!$AH$3:$AH$1000,BI33,Однолинейка!$A$3:$A$1000,BH33)) | BM33: =IF(BI33="","",COUNTIFS(Однолинейка!$AH$3:$AH$1000,BI33,Однолинейка!$A$3:$A$1000,BH33,Однолинейка!$N$3:$N$1000,"р")) | BN33: =IF(OR(BI33="",BK33=""),"",BK33-BL33)
P34: КМН | Q34: Электрокамин | R34: 1 | S34: 1 | T34: 1 | AJ34: =AL34&" ("&AM34&"х"&AN34&") "&AO34 | AK34: МСК031 | AL34: ВВГнг(А)-LS | AM34: 5 | AN34: 95 | AO34: 1 | AU34: =IF(P34="","",P34) | AV34: Нагреватель | AW34: нет | BH34: =IFERROR(INDEX(Однолинейка!$A$1:$A$1000,(MATCH(30,Однолинейка!$BS$1:$BS$1000,0))),"") | BI34: =IFERROR(INDEX(Однолинейка!$AW$1:$AW$1000,(MATCH(30,Однолинейка!$BS$1:$BS$1000,0))),"") | BJ34: =IF(BI34="","",INDEX(Однолинейка!$AI$1:$AI$1000,(MATCH(30,Однолинейка!$BS$1:$BS$1000,0)))) | BK34: =IF(BI34="","",IFERROR(VLOOKUP(BJ34,Модули_спр,3,FALSE),"")) | BL34: =IF(BI34="","",_xlfn.MAXIFS(Однолинейка!$O$3:$O$1000,Однолинейка!$AH$3:$AH$1000,BI34,Однолинейка!$A$3:$A$1000,BH34)) | BM34: =IF(BI34="","",COUNTIFS(Однолинейка!$AH$3:$AH$1000,BI34,Однолинейка!$A$3:$A$1000,BH34,Однолинейка!$N$3:$N$1000,"р")) | BN34: =IF(OR(BI34="",BK34=""),"",BK34-BL34)
AJ35: =AL35&" ("&AM35&"х"&AN35&") "&AO35 | AK35: МСК032 | AL35: ВВГнг(А)-LS | AM35: 5 | AN35: 95 | AO35: 2 | AU35: =IF(P35="","",P35) | BH35: =IFERROR(INDEX(Однолинейка!$A$1:$A$1000,(MATCH(31,Однолинейка!$BS$1:$BS$1000,0))),"") | BI35: =IFERROR(INDEX(Однолинейка!$AW$1:$AW$1000,(MATCH(31,Однолинейка!$BS$1:$BS$1000,0))),"") | BJ35: =IF(BI35="","",INDEX(Однолинейка!$AI$1:$AI$1000,(MATCH(31,Однолинейка!$BS$1:$BS$1000,0)))) | BK35: =IF(BI35="","",IFERROR(VLOOKUP(BJ35,Модули_спр,3,FALSE),"")) | BL35: =IF(BI35="","",_xlfn.MAXIFS(Однолинейка!$O$3:$O$1000,Однолинейка!$AH$3:$AH$1000,BI35,Однолинейка!$A$3:$A$1000,BH35)) | BM35: =IF(BI35="","",COUNTIFS(Однолинейка!$AH$3:$AH$1000,BI35,Однолинейка!$A$3:$A$1000,BH35,Однолинейка!$N$3:$N$1000,"р")) | BN35: =IF(OR(BI35="",BK35=""),"",BK35-BL35)
AJ36: =AL36&" ("&AM36&"х"&AN36&") "&AO36 | AK36: МСК033 | AL36: ВВГнг(А)-LS | AM36: 5 | AN36: 120 | AO36: 1 | AU36: =IF(P36="","",P36) | BH36: =IFERROR(INDEX(Однолинейка!$A$1:$A$1000,(MATCH(32,Однолинейка!$BS$1:$BS$1000,0))),"") | BI36: =IFERROR(INDEX(Однолинейка!$AW$1:$AW$1000,(MATCH(32,Однолинейка!$BS$1:$BS$1000,0))),"") | BJ36: =IF(BI36="","",INDEX(Однолинейка!$AI$1:$AI$1000,(MATCH(32,Однолинейка!$BS$1:$BS$1000,0)))) | BK36: =IF(BI36="","",IFERROR(VLOOKUP(BJ36,Модули_спр,3,FALSE),"")) | BL36: =IF(BI36="","",_xlfn.MAXIFS(Однолинейка!$O$3:$O$1000,Однолинейка!$AH$3:$AH$1000,BI36,Однолинейка!$A$3:$A$1000,BH36)) | BM36: =IF(BI36="","",COUNTIFS(Однолинейка!$AH$3:$AH$1000,BI36,Однолинейка!$A$3:$A$1000,BH36,Однолинейка!$N$3:$N$1000,"р")) | BN36: =IF(OR(BI36="",BK36=""),"",BK36-BL36)
AJ37: =AL37&" ("&AM37&"х"&AN37&") "&AO37 | AK37: МСК034 | AL37: ВВГнг(А)-LS | AM37: 5 | AN37: 120 | AO37: 2 | AU37: =IF(P37="","",P37) | BH37: =IFERROR(INDEX(Однолинейка!$A$1:$A$1000,(MATCH(33,Однолинейка!$BS$1:$BS$1000,0))),"") | BI37: =IFERROR(INDEX(Однолинейка!$AW$1:$AW$1000,(MATCH(33,Однолинейка!$BS$1:$BS$1000,0))),"") | BJ37: =IF(BI37="","",INDEX(Однолинейка!$AI$1:$AI$1000,(MATCH(33,Однолинейка!$BS$1:$BS$1000,0)))) | BK37: =IF(BI37="","",IFERROR(VLOOKUP(BJ37,Модули_спр,3,FALSE),"")) | BL37: =IF(BI37="","",_xlfn.MAXIFS(Однолинейка!$O$3:$O$1000,Однолинейка!$AH$3:$AH$1000,BI37,Однолинейка!$A$3:$A$1000,BH37)) | BM37: =IF(BI37="","",COUNTIFS(Однолинейка!$AH$3:$AH$1000,BI37,Однолинейка!$A$3:$A$1000,BH37,Однолинейка!$N$3:$N$1000,"р")) | BN37: =IF(OR(BI37="",BK37=""),"",BK37-BL37)
AJ38: =AL38&" ("&AM38&"х"&AN38&") "&AO38 | AK38: МСК035 | AL38: ВВГнг(А)-LS | AM38: 5 | AN38: 95 | AO38: 1 | AU38: =IF(P38="","",P38) | BH38: =IFERROR(INDEX(Однолинейка!$A$1:$A$1000,(MATCH(34,Однолинейка!$BS$1:$BS$1000,0))),"") | BI38: =IFERROR(INDEX(Однолинейка!$AW$1:$AW$1000,(MATCH(34,Однолинейка!$BS$1:$BS$1000,0))),"") | BJ38: =IF(BI38="","",INDEX(Однолинейка!$AI$1:$AI$1000,(MATCH(34,Однолинейка!$BS$1:$BS$1000,0)))) | BK38: =IF(BI38="","",IFERROR(VLOOKUP(BJ38,Модули_спр,3,FALSE),"")) | BL38: =IF(BI38="","",_xlfn.MAXIFS(Однолинейка!$O$3:$O$1000,Однолинейка!$AH$3:$AH$1000,BI38,Однолинейка!$A$3:$A$1000,BH38)) | BM38: =IF(BI38="","",COUNTIFS(Однолинейка!$AH$3:$AH$1000,BI38,Однолинейка!$A$3:$A$1000,BH38,Однолинейка!$N$3:$N$1000,"р")) | BN38: =IF(OR(BI38="",BK38=""),"",BK38-BL38)
AJ39: =AL39&" ("&AM39&"х"&AN39&") "&AO39 | AK39: МСК036 | AL39: ВВГнг(А)-LS | AM39: 5 | AN39: 95 | AO39: 2 | AU39: =IF(P39="","",P39) | BH39: =IFERROR(INDEX(Однолинейка!$A$1:$A$1000,(MATCH(35,Однолинейка!$BS$1:$BS$1000,0))),"") | BI39: =IFERROR(INDEX(Однолинейка!$AW$1:$AW$1000,(MATCH(35,Однолинейка!$BS$1:$BS$1000,0))),"") | BJ39: =IF(BI39="","",INDEX(Однолинейка!$AI$1:$AI$1000,(MATCH(35,Однолинейка!$BS$1:$BS$1000,0)))) | BK39: =IF(BI39="","",IFERROR(VLOOKUP(BJ39,Модули_спр,3,FALSE),"")) | BL39: =IF(BI39="","",_xlfn.MAXIFS(Однолинейка!$O$3:$O$1000,Однолинейка!$AH$3:$AH$1000,BI39,Однолинейка!$A$3:$A$1000,BH39)) | BM39: =IF(BI39="","",COUNTIFS(Однолинейка!$AH$3:$AH$1000,BI39,Однолинейка!$A$3:$A$1000,BH39,Однолинейка!$N$3:$N$1000,"р")) | BN39: =IF(OR(BI39="",BK39=""),"",BK39-BL39)
AJ40: =AL40&" ("&AM40&"х"&AN40&") "&AO40 | AK40: МСК037 | AL40: ВВГнг(А)-LS | AM40: 5 | AN40: 120 | AO40: 1 | AU40: =IF(P40="","",P40)
AJ41: =AL41&" ("&AM41&"х"&AN41&") "&AO41 | AK41: МСК038 | AL41: ВВГнг(А)-LS | AM41: 5 | AN41: 120 | AO41: 2 | AU41: =IF(P41="","",P41) | BH41: Свободных каналов всего | BN41: =SUM(BN5:BN39)
AJ42: =AL42&" ("&AM42&"х"&AN42&") "&AO42 | AK42: МСК040 | AL42: ВБШВнг(А)-LS | AM42: 5 | AN42: 10 | AO42: 1 | AU42: =IF(P42="","",P42)
AJ43: =AL43&" ("&AM43&"х"&AN43&") "&AO43 | AK43: МСК041 | AL43: ВБШВнг(А)-LS | AM43: 5 | AN43: 10 | AO43: 2 | AU43: =IF(P43="","",P43)
AJ44: =AL44&" ("&AM44&"х"&AN44&") "&AO44 | AK44: МСК042 | AL44: ВБШВнг(А)-LS | AM44: 5 | AN44: 16 | AO44: 1 | AU44: =IF(P44="","",P44)
AJ45: =AL45&" ("&AM45&"х"&AN45&") "&AO45 | AK45: МСК043 | AL45: ВБШВнг(А)-LS | AM45: 5 | AN45: 16 | AO45: 2 | AU45: =IF(P45="","",P45)
AJ46: =AL46&" ("&AM46&"х"&AN46&") "&AO46 | AK46: МСК044 | AL46: ВБШВнг(А)-LS | AM46: 5 | AN46: 25 | AO46: 1 | AU46: =IF(P46="","",P46)
AJ47: =AL47&" ("&AM47&"х"&AN47&") "&AO47 | AK47: МСК045 | AL47: ВБШВнг(А)-LS | AM47: 5 | AN47: 25 | AO47: 2 | AU47: =IF(P47="","",P47)
AJ48: =AL48&" ("&AM48&"х"&AN48&") "&AO48 | AK48: МСК046 | AL48: ВБШВнг(А)-LS | AM48: 5 | AN48: 35 | AO48: 1 | AU48: =IF(P48="","",P48)
AJ49: =AL49&" ("&AM49&"х"&AN49&") "&AO49 | AK49: МСК047 | AL49: ВБШВнг(А)-LS | AM49: 5 | AN49: 35 | AO49: 2 | AU49: =IF(P49="","",P49)
AJ50: =AL50&" ("&AM50&"х"&AN50&") "&AO50 | AK50: МСК048 | AL50: ВБШВнг(А)-LS | AM50: 5 | AN50: 50 | AO50: 1 | AU50: =IF(P50="","",P50)
AJ51: =AL51&" ("&AM51&"х"&AN51&") "&AO51 | AK51: МСК049 | AL51: ВБШВнг(А)-LS | AM51: 5 | AN51: 50 | AO51: 2 | AU51: =IF(P51="","",P51)
AJ52: =AL52&" ("&AM52&"х"&AN52&") "&AO52 | AK52: МСК050 | AL52: ВБШВнг(А)-LS | AM52: 5 | AN52: 95 | AO52: 1
AJ53: =AL53&" ("&AM53&"х"&AN53&") "&AO53 | AK53: МСК051 | AL53: ВБШВнг(А)-LS | AM53: 5 | AN53: 95 | AO53: 2 | AU53: Доп. коды (нет в списке P — латиница/кириллица и т.п.)
AJ54: =AL54&" ("&AM54&"х"&AN54&") "&AO54 | AK54: МСК052 | AL54: ВБШВнг(А)-LS | AM54: 5 | AN54: 120 | AO54: 1 | AU54: К | AV54: Привод (двигатель) | AW54: нет
AJ55: =AL55&" ("&AM55&"х"&AN55&") "&AO55 | AK55: МСК053 | AL55: ВБШВнг(А)-LS | AM55: 5 | AN55: 120 | AO55: 2 | AU55: ЭК | AV55: Клапан | AW55: нет
AJ56: =AL56&" ("&AM56&"х"&AN56&") "&AO56 | AK56: МСК054 | AL56: КГВВнг(А)-LS | AM56: 2 | AN56: 0.75 | AO56: 1 | AU56: TE | AV56: Сервопривод | AW56: нет
AJ57: =AL57&" ("&AM57&"х"&AN57&") "&AO57 | AK57: МСК055 | AL57: КГВВнг(А)-LS | AM57: 2 | AN57: 0.75 | AO57: 2 | AU57: ТЕ | AV57: Сервопривод | AW57: нет
AJ58: =AL58&" ("&AM58&"х"&AN58&") "&AO58 | AK58: МСК054 | AL58: КГВВнг(А)-LS | AM58: 2 | AN58: 1.5 | AO58: 1
AJ59: =AL59&" ("&AM59&"х"&AN59&") "&AO59 | AK59: МСК055 | AL59: КГВВнг(А)-LS | AM59: 2 | AN59: 1.5 | AO59: 2
AJ60: =AL60&" ("&AM60&"х"&AN60&") "&AO60 | AK60: МСК056 | AL60: КГВВнг(А)-LS | AM60: 2 | AN60: 2.5 | AO60: 1
AJ61: =AL61&" ("&AM61&"х"&AN61&") "&AO61 | AK61: МСК057 | AL61: КГВВнг(А)-LS | AM61: 2 | AN61: 2.5 | AO61: 2
AJ62: =AL62&" ("&AM62&"х"&AN62&") "&AO62 | AK62: МСК058 | AL62: КГВВнг(А)-LS | AM62: 3 | AN62: 1.5 | AO62: 1
AJ63: =AL63&" ("&AM63&"х"&AN63&") "&AO63 | AK63: МСК059 | AL63: КГВВнг(А)-LS | AM63: 3 | AN63: 1.5 | AO63: 2
AJ64: =AL64&" ("&AM64&"х"&AN64&") "&AO64 | AK64: МСК060 | AL64: КГВВнг(А)-LS | AM64: 3 | AN64: 2.5 | AO64: 1
AJ65: =AL65&" ("&AM65&"х"&AN65&") "&AO65 | AK65: МСК061 | AL65: КГВВнг(А)-LS | AM65: 3 | AN65: 2.5 | AO65: 2
AJ66: =AL66&" ("&AM66&"х"&AN66&") "&AO66 | AK66: МСК062 | AL66: КГВВнг(А)-LS | AM66: 5 | AN66: 1.5 | AO66: 1
AJ67: =AL67&" ("&AM67&"х"&AN67&") "&AO67 | AK67: МСК063 | AL67: КГВВнг(А)-LS | AM67: 5 | AN67: 1.5 | AO67: 2
AJ68: =AL68&" ("&AM68&"х"&AN68&") "&AO68 | AK68: МСК064 | AL68: КГВВнг(А)-LS | AM68: 5 | AN68: 2.5 | AO68: 1
AJ69: =AL69&" ("&AM69&"х"&AN69&") "&AO69 | AK69: МСК065 | AL69: КГВВнг(А)-LS | AM69: 5 | AN69: 2.5 | AO69: 2
... AJ74: =AL74&" ("&AM74&"х"&AN74&") "&AO74 | AK74: МСК070 | AL74: КГВВнг(А)-LS | AM74: 4 | AN74: 0.75 | AO74: 1
AJ75: =AL75&" ("&AM75&"х"&AN75&") "&AO75 | AK75: МСК071 | AL75: КГВВнг(А)-LS | AM75: 4 | AN75: 0.75 | AO75: 2 | AU75: УГО — выбирается из списка (таблица значков BA:BC). Пустое УГО (красное) — у линии нет значка. AY: сколько трёхуровневых клемм занимает одна линия (шторы SH = 2); пусто — по жильности кабеля.
AJ76: =AL76&" ("&AM76&"х"&AN76&") "&AO76 | AK76: МСК072 | AL76: ПУГВ | AM76: 1 | AN76: 2.5 | AO76: 1
AJ77: =AL77&" ("&AM77&"х"&AN77&") "&AO77 | AK77: МСК073 | AL77: ПУГВ | AM77: 1 | AN77: 2.5 | AO77: 2
AJ78: =AL78&" ("&AM78&"х"&AN78&") "&AO78 | AK78: МСК072 | AL78: ПУГВ | AM78: 1 | AN78: 4 | AO78: 1
AJ79: =AL79&" ("&AM79&"х"&AN79&") "&AO79 | AK79: МСК073 | AL79: ПУГВ | AM79: 1 | AN79: 4 | AO79: 2
AJ80: =AL80&" ("&AM80&"х"&AN80&") "&AO80 | AK80: МСК072 | AL80: ПУГВ | AM80: 1 | AN80: 6 | AO80: 1
AJ81: =AL81&" ("&AM81&"х"&AN81&") "&AO81 | AK81: МСК073 | AL81: ПУГВ | AM81: 1 | AN81: 6 | AO81: 2
AJ82: =AL82&" ("&AM82&"х"&AN82&") "&AO82 | AK82: МСК074 | AL82: ПУГВ | AM82: 1 | AN82: 10 | AO82: 1
AJ83: =AL83&" ("&AM83&"х"&AN83&") "&AO83 | AK83: МСК075 | AL83: ПУГВ | AM83: 1 | AN83: 10 | AO83: 2
AJ84: =AL84&" ("&AM84&"х"&AN84&") "&AO84 | AK84: МСК074 | AL84: ПУГВ | AM84: 1 | AN84: 25 | AO84: 1
AJ85: =AL85&" ("&AM85&"х"&AN85&") "&AO85 | AK85: МСК075 | AL85: ПУГВ | AM85: 1 | AN85: 25 | AO85: 2
AJ86: =AL86&" ("&AM86&"х"&AN86&") "&AO86 | AK86: МСК003 | AL86: КВБбШвнг(А)-LS | AM86: 14 | AN86: 2.5 | AO86: 1
AJ87: =AL87&" ("&AM87&"х"&AN87&") "&AO87 | AK87: МСК004 | AL87: КВБбШвнг(А)-LS | AM87: 14 | AN87: 2.5 | AO87: 2
... AJ193: =AL193&" ("&AM193&"х"&AN193&") "&AO193 | AK193: МСК038 | AL193: ВВГнг(А)-FRLS | AM193: 5 | AN193: 120 | AO193: 2

Sheet Каталог
A1: КАТАЛОГ ОБОРУДОВАНИЯ. Спецификация собирается отсюда: N — посчитано по однолинейке, O — впишите вручную (корпус, провод, запас). Добавляйте строки вниз.
X2: список автоматов | Z2: список аппаратов | AB2: список модулей | AD2: список произв.
A3: Категория (раздел) | B3: Производитель | C3: Модель (как в таблице) | D3: Префикс модуля | E3: Каналов | F3: Тип каналов | G3: Наименование для спецификации | H3: Артикул | I3: Полюса | J3: Номинал, А | K3: 30 мА | L3: Ширина, мод. DIN | M3: Ед. | N3: По однолинейке (авто) | O3: Вручную / запас (+) | P3: ИТОГО в спецификацию | R3: НАСТРОЙКИ | S3: Значение | U3: обозначение | V3: ключ | W3: № авт. | X3: авто | Y3: № апп. | Z3: список аппаратов | AA3: № мод. | AB3: - | AC3: № произв. | AD3: (все) | AE3: ключ сортировки | AF3: № в спецификации | AG3: нет в каталоге | AH3: №
A4: Автомат | B4: Chint | C4: NB1-63 1P C10 | G4: Автоматический выключатель NB1-63 1P 10А 6кА х-ка C (DB) | H4: 179614 | I4: 1P | J4: 10 | K4: нет | L4: 1 | M4: шт. | N4: =IF(OR(A4="Автомат",A4="Дифавтомат"),IF(W4="","",COUNTIF(Однолинейка!$H$3:$H$1000,U4)),IF(A4="Аппарат",IF(C4="","",COUNTIF(Однолинейка!$I$3:$I$1000,C4)+COUNTIF(Однолинейка!$J$3:$J$1000,C4)+COUNTIF(Однолинейка!$K$3:$K$1000,C4)),IF(A4="Модуль",IF(C4="","",COUNTIFS(Однолинейка!$AW$3:$AW$1000,"?*",Однолинейка!$AI$3:$AI$1000,C4)),IF(A4="Клемма",IF(C4="","",IF(C4=$S$7,SUM(Однолинейка!$BW$3:$BW$1000),IF(C4=$S$8,SUM(Однолинейка!$BX$3:$BX$1000),""))),"")))) | P4: =IF(COUNT(N4,O4)=0,"",SUM(N4,O4)) | R4: Производитель автоматов | S4: Chint | U4: =IF(OR(A4="Автомат",A4="Дифавтомат"),I4&" С"&J4&"А"&IF(K4="да"," 30мА",""),"") | V4: =IF(U4="","",B4&"|"&U4) | W4: =IF(AND(U4<>"",OR($S$4="(все)",B4=$S$4),IF($S$4="(все)",COUNTIF($U$4:U4,U4),COUNTIFS($U$4:U4,U4,$B$4:B4,B4))=1),MAX($W$3:W3)+1,"") | X4: =IFERROR(INDEX($U$4:$U$500,MATCH(ROW()-3,$W$4:$W$500,0)),"") | Y4: =IF(AND(A4="Аппарат",C4<>"",OR($S$5="(все)",B4=$S$5)),MAX($Y$3:Y3)+1,"") | Z4: =IFERROR(INDEX($C$4:$C$500,MATCH(ROW()-3,$Y$4:$Y$500,0)),"") | AA4: =IF(AND(A4="Модуль",C4<>"",OR($S$6="(все)",B4=$S$6)),MAX($AA$3:AA3)+1,"") | AB4: =IFERROR(INDEX($C$4:$C$500,MATCH(ROW()-3,$AA$4:$AA$500,0)),"") | AC4: =IF(OR(B4="",COUNTIF($B$4:B4,B4)>1),"",MAX($AC$3:AC3)+1) | AD4: =IFERROR(INDEX($B$4:$B$500,MATCH(ROW()-3,$AC$4:$AC$500,0)),"") | AE4: =IF(AND(A4<>"",N(P4)>0),IFERROR(MATCH(A4,$R$12:$R$25,0),99)*1000+ROW(),"") | AF4: =IF(AE4="","",COUNTIF($AE$4:$AE$500,"<="&AE4)) | AG4: =IF(Спецификация_авто!$L$4="","",IF(IF($S$4="(все)",COUNTIF($U$4:$U$500,Спецификация_авто!$L$4),COUNTIF($V$4:$V$500,$S$4&"|"&Спецификация_авто!$L$4))=0,Спецификация_авто!$L$4,"")) | AH4: =IF(AG4="","",COUNTIF($AG$4:AG4,"?*"))
A5: Автомат | B5: Chint | C5: NB1-63 1P C16 | G5: Автоматический выключатель NB1-63 1P 16А 6кА х-ка C (DB) | H5: 179616 | I5: 1P | J5: 16 | K5: нет | L5: 1 | M5: шт. | N5: =IF(OR(A5="Автомат",A5="Дифавтомат"),IF(W5="","",COUNTIF(Однолинейка!$H$3:$H$1000,U5)),IF(A5="Аппарат",IF(C5="","",COUNTIF(Однолинейка!$I$3:$I$1000,C5)+COUNTIF(Однолинейка!$J$3:$J$1000,C5)+COUNTIF(Однолинейка!$K$3:$K$1000,C5)),IF(A5="Модуль",IF(C5="","",COUNTIFS(Однолинейка!$AW$3:$AW$1000,"?*",Однолинейка!$AI$3:$AI$1000,C5)),IF(A5="Клемма",IF(C5="","",IF(C5=$S$7,SUM(Однолинейка!$BW$3:$BW$1000),IF(C5=$S$8,SUM(Однолинейка!$BX$3:$BX$1000),""))),"")))) | P5: =IF(COUNT(N5,O5)=0,"",SUM(N5,O5)) | R5: Производитель аппаратов | S5: (все) | U5: =IF(OR(A5="Автомат",A5="Дифавтомат"),I5&" С"&J5&"А"&IF(K5="да"," 30мА",""),"") | V5: =IF(U5="","",B5&"|"&U5) | W5: =IF(AND(U5<>"",OR($S$4="(все)",B5=$S$4),IF($S$4="(все)",COUNTIF($U$4:U5,U5),COUNTIFS($U$4:U5,U5,$B$4:B5,B5))=1),MAX($W$3:W4)+1,"") | X5: =IFERROR(INDEX($U$4:$U$500,MATCH(ROW()-3,$W$4:$W$500,0)),"") | Y5: =IF(AND(A5="Аппарат",C5<>"",OR($S$5="(все)",B5=$S$5)),MAX($Y$3:Y4)+1,"") | Z5: =IFERROR(INDEX($C$4:$C$500,MATCH(ROW()-3,$Y$4:$Y$500,0)),"") | AA5: =IF(AND(A5="Модуль",C5<>"",OR($S$6="(все)",B5=$S$6)),MAX($AA$3:AA4)+1,"") | AB5: =IFERROR(INDEX($C$4:$C$500,MATCH(ROW()-3,$AA$4:$AA$500,0)),"") | AC5: =IF(OR(B5="",COUNTIF($B$4:B5,B5)>1),"",MAX($AC$3:AC4)+1) | AD5: =IFERROR(INDEX($B$4:$B$500,MATCH(ROW()-3,$AC$4:$AC$500,0)),"") | AE5: =IF(AND(A5<>"",N(P5)>0),IFERROR(MATCH(A5,$R$12:$R$25,0),99)*1000+ROW(),"") | AF5: =IF(AE5="","",COUNTIF($AE$4:$AE$500,"<="&AE5)) | AG5: =IF(Спецификация_авто!$L$5="","",IF(IF($S$4="(все)",COUNTIF($U$4:$U$500,Спецификация_авто!$L$5),COUNTIF($V$4:$V$500,$S$4&"|"&Спецификация_авто!$L$5))=0,Спецификация_авто!$L$5,"")) | AH5: =IF(AG5="","",COUNTIF($AG$4:AG5,"?*"))
A6: Автомат | B6: Chint | C6: NB1-63 3P C20 | G6: Автоматический выключатель NB1-63 3P 20А 6кА х-ка C (DB) | H6: 179702 | I6: 3P | J6: 20 | K6: нет | L6: 3 | M6: шт. | N6: =IF(OR(A6="Автомат",A6="Дифавтомат"),IF(W6="","",COUNTIF(Однолинейка!$H$3:$H$1000,U6)),IF(A6="Аппарат",IF(C6="","",COUNTIF(Однолинейка!$I$3:$I$1000,C6)+COUNTIF(Однолинейка!$J$3:$J$1000,C6)+COUNTIF(Однолинейка!$K$3:$K$1000,C6)),IF(A6="Модуль",IF(C6="","",COUNTIFS(Однолинейка!$AW$3:$AW$1000,"?*",Однолинейка!$AI$3:$AI$1000,C6)),IF(A6="Клемма",IF(C6="","",IF(C6=$S$7,SUM(Однолинейка!$BW$3:$BW$1000),IF(C6=$S$8,SUM(Однолинейка!$BX$3:$BX$1000),""))),"")))) | P6: =IF(COUNT(N6,O6)=0,"",SUM(N6,O6)) | R6: Производитель модулей | S6: (все) | U6: =IF(OR(A6="Автомат",A6="Дифавтомат"),I6&" С"&J6&"А"&IF(K6="да"," 30мА",""),"") | V6: =IF(U6="","",B6&"|"&U6) | W6: =IF(AND(U6<>"",OR($S$4="(все)",B6=$S$4),IF($S$4="(все)",COUNTIF($U$4:U6,U6),COUNTIFS($U$4:U6,U6,$B$4:B6,B6))=1),MAX($W$3:W5)+1,"") | X6: =IFERROR(INDEX($U$4:$U$500,MATCH(ROW()-3,$W$4:$W$500,0)),"") | Y6: =IF(AND(A6="Аппарат",C6<>"",OR($S$5="(все)",B6=$S$5)),MAX($Y$3:Y5)+1,"") | Z6: =IFERROR(INDEX($C$4:$C$500,MATCH(ROW()-3,$Y$4:$Y$500,0)),"") | AA6: =IF(AND(A6="Модуль",C6<>"",OR($S$6="(все)",B6=$S$6)),MAX($AA$3:AA5)+1,"") | AB6: =IFERROR(INDEX($C$4:$C$500,MATCH(ROW()-3,$AA$4:$AA$500,0)),"") | AC6: =IF(OR(B6="",COUNTIF($B$4:B6,B6)>1),"",MAX($AC$3:AC5)+1) | AD6: =IFERROR(INDEX($B$4:$B$500,MATCH(ROW()-3,$AC$4:$AC$500,0)),"") | AE6: =IF(AND(A6<>"",N(P6)>0),IFERROR(MATCH(A6,$R$12:$R$25,0),99)*1000+ROW(),"") | AF6: =IF(AE6="","",COUNTIF($AE$4:$AE$500,"<="&AE6)) | AG6: =IF(Спецификация_авто!$L$6="","",IF(IF($S$4="(все)",COUNTIF($U$4:$U$500,Спецификация_авто!$L$6),COUNTIF($V$4:$V$500,$S$4&"|"&Спецификация_авто!$L$6))=0,Спецификация_авто!$L$6,"")) | AH6: =IF(AG6="","",COUNTIF($AG$4:AG6,"?*"))
A7: Автомат | B7: Chint | C7: NB1-63 4P C50 | G7: Автоматический выключатель NB1-63 4P 50А 6кА х-ка C (DB) | H7: 179750 | I7: 4P | J7: 50 | K7: нет | L7: 4 | M7: шт. | N7: =IF(OR(A7="Автомат",A7="Дифавтомат"),IF(W7="","",COUNTIF(Однолинейка!$H$3:$H$1000,U7)),IF(A7="Аппарат",IF(C7="","",COUNTIF(Однолинейка!$I$3:$I$1000,C7)+COUNTIF(Однолинейка!$J$3:$J$1000,C7)+COUNTIF(Однолинейка!$K$3:$K$1000,C7)),IF(A7="Модуль",IF(C7="","",COUNTIFS(Однолинейка!$AW$3:$AW$1000,"?*",Однолинейка!$AI$3:$AI$1000,C7)),IF(A7="Клемма",IF(C7="","",IF(C7=$S$7,SUM(Однолинейка!$BW$3:$BW$1000),IF(C7=$S$8,SUM(Однолинейка!$BX$3:$BX$1000),""))),"")))) | P7: =IF(COUNT(N7,O7)=0,"",SUM(N7,O7)) | R7: Клемма трёхуровневая (модель) | S7: VPR-2.5-3L-GY | U7: =IF(OR(A7="Автомат",A7="Дифавтомат"),I7&" С"&J7&"А"&IF(K7="да"," 30мА",""),"") | V7: =IF(U7="","",B7&"|"&U7) | W7: =IF(AND(U7<>"",OR($S$4="(все)",B7=$S$4),IF($S$4="(все)",COUNTIF($U$4:U7,U7),COUNTIFS($U$4:U7,U7,$B$4:B7,B7))=1),MAX($W$3:W6)+1,"") | X7: =IFERROR(INDEX($U$4:$U$500,MATCH(ROW()-3,$W$4:$W$500,0)),"") | Y7: =IF(AND(A7="Аппарат",C7<>"",OR($S$5="(все)",B7=$S$5)),MAX($Y$3:Y6)+1,"") | Z7: =IFERROR(INDEX($C$4:$C$500,MATCH(ROW()-3,$Y$4:$Y$500,0)),"") | AA7: =IF(AND(A7="Модуль",C7<>"",OR($S$6="(все)",B7=$S$6)),MAX($AA$3:AA6)+1,"") | AB7: =IFERROR(INDEX($C$4:$C$500,MATCH(ROW()-3,$AA$4:$AA$500,0)),"") | AC7: =IF(OR(B7="",COUNTIF($B$4:B7,B7)>1),"",MAX($AC$3:AC6)+1) | AD7: =IFERROR(INDEX($B$4:$B$500,MATCH(ROW()-3,$AC$4:$AC$500,0)),"") | AE7: =IF(AND(A7<>"",N(P7)>0),IFERROR(MATCH(A7,$R$12:$R$25,0),99)*1000+ROW(),"") | AF7: =IF(AE7="","",COUNTIF($AE$4:$AE$500,"<="&AE7)) | AG7: =IF(Спецификация_авто!$L$7="","",IF(IF($S$4="(все)",COUNTIF($U$4:$U$500,Спецификация_авто!$L$7),COUNTIF($V$4:$V$500,$S$4&"|"&Спецификация_авто!$L$7))=0,Спецификация_авто!$L$7,"")) | AH7: =IF(AG7="","",COUNTIF($AG$4:AG7,"?*"))
A8: Автомат | B8: Chint | C8: NXB-125 3P C80 | G8: Автоматический выключатель NXB-125 3P C80 10кА х-ка C | H8: 816139 | I8: 3P | J8: 80 | K8: нет | L8: 4.5 | M8: шт. | N8: =IF(OR(A8="Автомат",A8="Дифавтомат"),IF(W8="","",COUNTIF(Однолинейка!$H$3:$H$1000,U8)),IF(A8="Аппарат",IF(C8="","",COUNTIF(Однолинейка!$I$3:$I$1000,C8)+COUNTIF(Однолинейка!$J$3:$J$1000,C8)+COUNTIF(Однолинейка!$K$3:$K$1000,C8)),IF(A8="Модуль",IF(C8="","",COUNTIFS(Однолинейка!$AW$3:$AW$1000,"?*",Однолинейка!$AI$3:$AI$1000,C8)),IF(A8="Клемма",IF(C8="","",IF(C8=$S$7,SUM(Однолинейка!$BW$3:$BW$1000),IF(C8=$S$8,SUM(Однолинейка!$BX$3:$BX$1000),""))),"")))) | P8: =IF(COUNT(N8,O8)=0,"",SUM(N8,O8)) | R8: Клемма проходная доп. (модель) | S8: VPR-2.5-QUATTRO-GY | U8: =IF(OR(A8="Автомат",A8="Дифавтомат"),I8&" С"&J8&"А"&IF(K8="да"," 30мА",""),"") | V8: =IF(U8="","",B8&"|"&U8) | W8: =IF(AND(U8<>"",OR($S$4="(все)",B8=$S$4),IF($S$4="(все)",COUNTIF($U$4:U8,U8),COUNTIFS($U$4:U8,U8,$B$4:B8,B8))=1),MAX($W$3:W7)+1,"") | X8: =IFERROR(INDEX($U$4:$U$500,MATCH(ROW()-3,$W$4:$W$500,0)),"") | Y8: =IF(AND(A8="Аппарат",C8<>"",OR($S$5="(все)",B8=$S$5)),MAX($Y$3:Y7)+1,"") | Z8: =IFERROR(INDEX($C$4:$C$500,MATCH(ROW()-3,$Y$4:$Y$500,0)),"") | AA8: =IF(AND(A8="Модуль",C8<>"",OR($S$6="(все)",B8=$S$6)),MAX($AA$3:AA7)+1,"") | AB8: =IFERROR(INDEX($C$4:$C$500,MATCH(ROW()-3,$AA$4:$AA$500,0)),"") | AC8: =IF(OR(B8="",COUNTIF($B$4:B8,B8)>1),"",MAX($AC$3:AC7)+1) | AD8: =IFERROR(INDEX($B$4:$B$500,MATCH(ROW()-3,$AC$4:$AC$500,0)),"") | AE8: =IF(AND(A8<>"",N(P8)>0),IFERROR(MATCH(A8,$R$12:$R$25,0),99)*1000+ROW(),"") | AF8: =IF(AE8="","",COUNTIF($AE$4:$AE$500,"<="&AE8)) | AG8: =IF(Спецификация_авто!$L$8="","",IF(IF($S$4="(все)",COUNTIF($U$4:$U$500,Спецификация_авто!$L$8),COUNTIF($V$4:$V$500,$S$4&"|"&Спецификация_авто!$L$8))=0,Спецификация_авто!$L$8,"")) | AH8: =IF(AG8="","",COUNTIF($AG$4:AG8,"?*"))
A9: Дифавтомат | B9: Chint | C9: NB1L 1P+N C16 30мА | G9: Дифавтомат (АВДТ) NB1L 1P+N C16 30мА тип A 6кА | H9: 203019 | I9: 2P | J9: 16 | K9: да | L9: 2 | M9: шт. | N9: =IF(OR(A9="Автомат",A9="Дифавтомат"),IF(W9="","",COUNTIF(Однолинейка!$H$3:$H$1000,U9)),IF(A9="Аппарат",IF(C9="","",COUNTIF(Однолинейка!$I$3:$I$1000,C9)+COUNTIF(Однолинейка!$J$3:$J$1000,C9)+COUNTIF(Однолинейка!$K$3:$K$1000,C9)),IF(A9="Модуль",IF(C9="","",COUNTIFS(Однолинейка!$AW$3:$AW$1000,"?*",Однолинейка!$AI$3:$AI$1000,C9)),IF(A9="Клемма",IF(C9="","",IF(C9=$S$7,SUM(Однолинейка!$BW$3:$BW$1000),IF(C9=$S$8,SUM(Однолинейка!$BX$3:$BX$1000),""))),"")))) | P9: =IF(COUNT(N9,O9)=0,"",SUM(N9,O9)) | R9: Трёхуровневых на 4–5-жильную линию, если по коду не задано | S9: 1 | U9: =IF(OR(A9="Автомат",A9="Дифавтомат"),I9&" С"&J9&"А"&IF(K9="да"," 30мА",""),"") | V9: =IF(U9="","",B9&"|"&U9) | W9: =IF(AND(U9<>"",OR($S$4="(все)",B9=$S$4),IF($S$4="(все)",COUNTIF($U$4:U9,U9),COUNTIFS($U$4:U9,U9,$B$4:B9,B9))=1),MAX($W$3:W8)+1,"") | X9: =IFERROR(INDEX($U$4:$U$500,MATCH(ROW()-3,$W$4:$W$500,0)),"") | Y9: =IF(AND(A9="Аппарат",C9<>"",OR($S$5="(все)",B9=$S$5)),MAX($Y$3:Y8)+1,"") | Z9: =IFERROR(INDEX($C$4:$C$500,MATCH(ROW()-3,$Y$4:$Y$500,0)),"") | AA9: =IF(AND(A9="Модуль",C9<>"",OR($S$6="(все)",B9=$S$6)),MAX($AA$3:AA8)+1,"") | AB9: =IFERROR(INDEX($C$4:$C$500,MATCH(ROW()-3,$AA$4:$AA$500,0)),"") | AC9: =IF(OR(B9="",COUNTIF($B$4:B9,B9)>1),"",MAX($AC$3:AC8)+1) | AD9: =IFERROR(INDEX($B$4:$B$500,MATCH(ROW()-3,$AC$4:$AC$500,0)),"") | AE9: =IF(AND(A9<>"",N(P9)>0),IFERROR(MATCH(A9,$R$12:$R$25,0),99)*1000+ROW(),"") | AF9: =IF(AE9="","",COUNTIF($AE$4:$AE$500,"<="&AE9)) | AG9: =IF(Спецификация_авто!$L$9="","",IF(IF($S$4="(все)",COUNTIF($U$4:$U$500,Спецификация_авто!$L$9),COUNTIF($V$4:$V$500,$S$4&"|"&Спецификация_авто!$L$9))=0,Спецификация_авто!$L$9,"")) | AH9: =IF(AG9="","",COUNTIF($AG$4:AG9,"?*"))
A10: Дифавтомат | B10: Chint | C10: NB1L 1P+N C20 30мА | G10: Дифавтомат (АВДТ) NB1L 1P+N C20 30мА тип A 6кА | H10: 203296 | I10: 2P | J10: 20 | K10: да | L10: 2 | M10: шт. | N10: =IF(OR(A10="Автомат",A10="Дифавтомат"),IF(W10="","",COUNTIF(Однолинейка!$H$3:$H$1000,U10)),IF(A10="Аппарат",IF(C10="","",COUNTIF(Однолинейка!$I$3:$I$1000,C10)+COUNTIF(Однолинейка!$J$3:$J$1000,C10)+COUNTIF(Однолинейка!$K$3:$K$1000,C10)),IF(A10="Модуль",IF(C10="","",COUNTIFS(Однолинейка!$AW$3:$AW$1000,"?*",Однолинейка!$AI$3:$AI$1000,C10)),IF(A10="Клемма",IF(C10="","",IF(C10=$S$7,SUM(Однолинейка!$BW$3:$BW$1000),IF(C10=$S$8,SUM(Однолинейка!$BX$3:$BX$1000),""))),"")))) | P10: =IF(COUNT(N10,O10)=0,"",SUM(N10,O10)) | U10: =IF(OR(A10="Автомат",A10="Дифавтомат"),I10&" С"&J10&"А"&IF(K10="да"," 30мА",""),"") | V10: =IF(U10="","",B10&"|"&U10) | W10: =IF(AND(U10<>"",OR($S$4="(все)",B10=$S$4),IF($S$4="(все)",COUNTIF($U$4:U10,U10),COUNTIFS($U$4:U10,U10,$B$4:B10,B10))=1),MAX($W$3:W9)+1,"") | X10: =IFERROR(INDEX($U$4:$U$500,MATCH(ROW()-3,$W$4:$W$500,0)),"") | Y10: =IF(AND(A10="Аппарат",C10<>"",OR($S$5="(все)",B10=$S$5)),MAX($Y$3:Y9)+1,"") | Z10: =IFERROR(INDEX($C$4:$C$500,MATCH(ROW()-3,$Y$4:$Y$500,0)),"") | AA10: =IF(AND(A10="Модуль",C10<>"",OR($S$6="(все)",B10=$S$6)),MAX($AA$3:AA9)+1,"") | AB10: =IFERROR(INDEX($C$4:$C$500,MATCH(ROW()-3,$AA$4:$AA$500,0)),"") | AC10: =IF(OR(B10="",COUNTIF($B$4:B10,B10)>1),"",MAX($AC$3:AC9)+1) | AD10: =IFERROR(INDEX($B$4:$B$500,MATCH(ROW()-3,$AC$4:$AC$500,0)),"") | AE10: =IF(AND(A10<>"",N(P10)>0),IFERROR(MATCH(A10,$R$12:$R$25,0),99)*1000+ROW(),"") | AF10: =IF(AE10="","",COUNTIF($AE$4:$AE$500,"<="&AE10)) | AG10: =IF(Спецификация_авто!$L$10="","",IF(IF($S$4="(все)",COUNTIF($U$4:$U$500,Спецификация_авто!$L$10),COUNTIF($V$4:$V$500,$S$4&"|"&Спецификация_авто!$L$10))=0,Спецификация_авто!$L$10,"")) | AH10: =IF(AG10="","",COUNTIF($AG$4:AG10,"?*"))
A11: Дифавтомат | B11: Chint | C11: NB1L 1P+N C32 30мА | G11: Дифавтомат (АВДТ) NB1L 1P+N C32 30мА тип A 6кА | H11: 982114 | I11: 2P | J11: 32 | K11: да | L11: 2 | M11: шт. | N11: =IF(OR(A11="Автомат",A11="Дифавтомат"),IF(W11="","",COUNTIF(Однолинейка!$H$3:$H$1000,U11)),IF(A11="Аппарат",IF(C11="","",COUNTIF(Однолинейка!$I$3:$I$1000,C11)+COUNTIF(Однолинейка!$J$3:$J$1000,C11)+COUNTIF(Однолинейка!$K$3:$K$1000,C11)),IF(A11="Модуль",IF(C11="","",COUNTIFS(Однолинейка!$AW$3:$AW$1000,"?*",Однолинейка!$AI$3:$AI$1000,C11)),IF(A11="Клемма",IF(C11="","",IF(C11=$S$7,SUM(Однолинейка!$BW$3:$BW$1000),IF(C11=$S$8,SUM(Однолинейка!$BX$3:$BX$1000),""))),"")))) | P11: =IF(COUNT(N11,O11)=0,"",SUM(N11,O11)) | R11: ПОРЯДОК РАЗДЕЛОВ СПЕЦИФИКАЦИИ (можно менять и дописывать) | U11: =IF(OR(A11="Автомат",A11="Дифавтомат"),I11&" С"&J11&"А"&IF(K11="да"," 30мА",""),"") | V11: =IF(U11="","",B11&"|"&U11) | W11: =IF(AND(U11<>"",OR($S$4="(все)",B11=$S$4),IF($S$4="(все)",COUNTIF($U$4:U11,U11),COUNTIFS($U$4:U11,U11,$B$4:B11,B11))=1),MAX($W$3:W10)+1,"") | X11: =IFERROR(INDEX($U$4:$U$500,MATCH(ROW()-3,$W$4:$W$500,0)),"") | Y11: =IF(AND(A11="Аппарат",C11<>"",OR($S$5="(все)",B11=$S$5)),MAX($Y$3:Y10)+1,"") | Z11: =IFERROR(INDEX($C$4:$C$500,MATCH(ROW()-3,$Y$4:$Y$500,0)),"") | AA11: =IF(AND(A11="Модуль",C11<>"",OR($S$6="(все)",B11=$S$6)),MAX($AA$3:AA10)+1,"") | AB11: =IFERROR(INDEX($C$4:$C$500,MATCH(ROW()-3,$AA$4:$AA$500,0)),"") | AC11: =IF(OR(B11="",COUNTIF($B$4:B11,B11)>1),"",MAX($AC$3:AC10)+1) | AD11: =IFERROR(INDEX($B$4:$B$500,MATCH(ROW()-3,$AC$4:$AC$500,0)),"") | AE11: =IF(AND(A11<>"",N(P11)>0),IFERROR(MATCH(A11,$R$12:$R$25,0),99)*1000+ROW(),"") | AF11: =IF(AE11="","",COUNTIF($AE$4:$AE$500,"<="&AE11)) | AG11: =IF(Спецификация_авто!$L$11="","",IF(IF($S$4="(все)",COUNTIF($U$4:$U$500,Спецификация_авто!$L$11),COUNTIF($V$4:$V$500,$S$4&"|"&Спецификация_авто!$L$11))=0,Спецификация_авто!$L$11,"")) | AH11: =IF(AG11="","",COUNTIF($AG$4:AG11,"?*"))
A12: Аппарат | B12: Россия | C12: МК-5-1 | G12: Модуль защиты контактов MK-5-1 | H12: EA06.002.001 | L12: 1 | M12: шт. | N12: =IF(OR(A12="Автомат",A12="Дифавтомат"),IF(W12="","",COUNTIF(Однолинейка!$H$3:$H$1000,U12)),IF(A12="Аппарат",IF(C12="","",COUNTIF(Однолинейка!$I$3:$I$1000,C12)+COUNTIF(Однолинейка!$J$3:$J$1000,C12)+COUNTIF(Однолинейка!$K$3:$K$1000,C12)),IF(A12="Модуль",IF(C12="","",COUNTIFS(Однолинейка!$AW$3:$AW$1000,"?*",Однолинейка!$AI$3:$AI$1000,C12)),IF(A12="Клемма",IF(C12="","",IF(C12=$S$7,SUM(Однолинейка!$BW$3:$BW$1000),IF(C12=$S$8,SUM(Однолинейка!$BX$3:$BX$1000),""))),"")))) | P12: =IF(COUNT(N12,O12)=0,"",SUM(N12,O12)) | R12: Корпус | U12: =IF(OR(A12="Автомат",A12="Дифавтомат"),I12&" С"&J12&"А"&IF(K12="да"," 30мА",""),"") | V12: =IF(U12="","",B12&"|"&U12) | W12: =IF(AND(U12<>"",OR($S$4="(все)",B12=$S$4),IF($S$4="(все)",COUNTIF($U$4:U12,U12),COUNTIFS($U$4:U12,U12,$B$4:B12,B12))=1),MAX($W$3:W11)+1,"") | X12: =IFERROR(INDEX($U$4:$U$500,MATCH(ROW()-3,$W$4:$W$500,0)),"") | Y12: =IF(AND(A12="Аппарат",C12<>"",OR($S$5="(все)",B12=$S$5)),MAX($Y$3:Y11)+1,"") | Z12: =IFERROR(INDEX($C$4:$C$500,MATCH(ROW()-3,$Y$4:$Y$500,0)),"") | AA12: =IF(AND(A12="Модуль",C12<>"",OR($S$6="(все)",B12=$S$6)),MAX($AA$3:AA11)+1,"") | AB12: =IFERROR(INDEX($C$4:$C$500,MATCH(ROW()-3,$AA$4:$AA$500,0)),"") | AC12: =IF(OR(B12="",COUNTIF($B$4:B12,B12)>1),"",MAX($AC$3:AC11)+1) | AD12: =IFERROR(INDEX($B$4:$B$500,MATCH(ROW()-3,$AC$4:$AC$500,0)),"") | AE12: =IF(AND(A12<>"",N(P12)>0),IFERROR(MATCH(A12,$R$12:$R$25,0),99)*1000+ROW(),"") | AF12: =IF(AE12="","",COUNTIF($AE$4:$AE$500,"<="&AE12)) | AG12: =IF(Спецификация_авто!$L$12="","",IF(IF($S$4="(все)",COUNTIF($U$4:$U$500,Спецификация_авто!$L$12),COUNTIF($V$4:$V$500,$S$4&"|"&Спецификация_авто!$L$12))=0,Спецификация_авто!$L$12,"")) | AH12: =IF(AG12="","",COUNTIF($AG$4:AG12,"?*"))
A13: Аппарат | B13: Chint | C13: КМ NCH8-63/40 | G13: Контактор модульный NCH8-63/40 63А 4НО AC220/230В | H13: 256101 | L13: 3 | M13: шт. | N13: =IF(OR(A13="Автомат",A13="Дифавтомат"),IF(W13="","",COUNTIF(Однолинейка!$H$3:$H$1000,U13)),IF(A13="Аппарат",IF(C13="","",COUNTIF(Однолинейка!$I$3:$I$1000,C13)+COUNTIF(Однолинейка!$J$3:$J$1000,C13)+COUNTIF(Однолинейка!$K$3:$K$1000,C13)),IF(A13="Модуль",IF(C13="","",COUNTIFS(Однолинейка!$AW$3:$AW$1000,"?*",Однолинейка!$AI$3:$AI$1000,C13)),IF(A13="Клемма",IF(C13="","",IF(C13=$S$7,SUM(Однолинейка!$BW$3:$BW$1000),IF(C13=$S$8,SUM(Однолинейка!$BX$3:$BX$1000),""))),"")))) | P13: =IF(COUNT(N13,O13)=0,"",SUM(N13,O13)) | R13: Автомат | U13: =IF(OR(A13="Автомат",A13="Дифавтомат"),I13&" С"&J13&"А"&IF(K13="да"," 30мА",""),"") | V13: =IF(U13="","",B13&"|"&U13) | W13: =IF(AND(U13<>"",OR($S$4="(все)",B13=$S$4),IF($S$4="(все)",COUNTIF($U$4:U13,U13),COUNTIFS($U$4:U13,U13,$B$4:B13,B13))=1),MAX($W$3:W12)+1,"") | X13: =IFERROR(INDEX($U$4:$U$500,MATCH(ROW()-3,$W$4:$W$500,0)),"") | Y13: =IF(AND(A13="Аппарат",C13<>"",OR($S$5="(все)",B13=$S$5)),MAX($Y$3:Y12)+1,"") | Z13: =IFERROR(INDEX($C$4:$C$500,MATCH(ROW()-3,$Y$4:$Y$500,0)),"") | AA13: =IF(AND(A13="Модуль",C13<>"",OR($S$6="(все)",B13=$S$6)),MAX($AA$3:AA12)+1,"") | AB13: =IFERROR(INDEX($C$4:$C$500,MATCH(ROW()-3,$AA$4:$AA$500,0)),"") | AC13: =IF(OR(B13="",COUNTIF($B$4:B13,B13)>1),"",MAX($AC$3:AC12)+1) | AD13: =IFERROR(INDEX($B$4:$B$500,MATCH(ROW()-3,$AC$4:$AC$500,0)),"") | AE13: =IF(AND(A13<>"",N(P13)>0),IFERROR(MATCH(A13,$R$12:$R$25,0),99)*1000+ROW(),"") | AF13: =IF(AE13="","",COUNTIF($AE$4:$AE$500,"<="&AE13)) | AG13: =IF(Спецификация_авто!$L$13="","",IF(IF($S$4="(все)",COUNTIF($U$4:$U$500,Спецификация_авто!$L$13),COUNTIF($V$4:$V$500,$S$4&"|"&Спецификация_авто!$L$13))=0,Спецификация_авто!$L$13,"")) | AH13: =IF(AG13="","",COUNTIF($AG$4:AG13,"?*"))
A14: Аппарат | B14: Chint | C14: КМ NCH8-40/40 | G14: Контактор модульный NCH8-40/40 40А 4НО AC220/230В | H14: 256099 | L14: 3 | M14: шт. | N14: =IF(OR(A14="Автомат",A14="Дифавтомат"),IF(W14="","",COUNTIF(Однолинейка!$H$3:$H$1000,U14)),IF(A14="Аппарат",IF(C14="","",COUNTIF(Однолинейка!$I$3:$I$1000,C14)+COUNTIF(Однолинейка!$J$3:$J$1000,C14)+COUNTIF(Однолинейка!$K$3:$K$1000,C14)),IF(A14="Модуль",IF(C14="","",COUNTIFS(Однолинейка!$AW$3:$AW$1000,"?*",Однолинейка!$AI$3:$AI$1000,C14)),IF(A14="Клемма",IF(C14="","",IF(C14=$S$7,SUM(Однолинейка!$BW$3:$BW$1000),IF(C14=$S$8,SUM(Однолинейка!$BX$3:$BX$1000),""))),"")))) | P14: =IF(COUNT(N14,O14)=0,"",SUM(N14,O14)) | R14: Дифавтомат | U14: =IF(OR(A14="Автомат",A14="Дифавтомат"),I14&" С"&J14&"А"&IF(K14="да"," 30мА",""),"") | V14: =IF(U14="","",B14&"|"&U14) | W14: =IF(AND(U14<>"",OR($S$4="(все)",B14=$S$4),IF($S$4="(все)",COUNTIF($U$4:U14,U14),COUNTIFS($U$4:U14,U14,$B$4:B14,B14))=1),MAX($W$3:W13)+1,"") | X14: =IFERROR(INDEX($U$4:$U$500,MATCH(ROW()-3,$W$4:$W$500,0)),"") | Y14: =IF(AND(A14="Аппарат",C14<>"",OR($S$5="(все)",B14=$S$5)),MAX($Y$3:Y13)+1,"") | Z14: =IFERROR(INDEX($C$4:$C$500,MATCH(ROW()-3,$Y$4:$Y$500,0)),"") | AA14: =IF(AND(A14="Модуль",C14<>"",OR($S$6="(все)",B14=$S$6)),MAX($AA$3:AA13)+1,"") | AB14: =IFERROR(INDEX($C$4:$C$500,MATCH(ROW()-3,$AA$4:$AA$500,0)),"") | AC14: =IF(OR(B14="",COUNTIF($B$4:B14,B14)>1),"",MAX($AC$3:AC13)+1) | AD14: =IFERROR(INDEX($B$4:$B$500,MATCH(ROW()-3,$AC$4:$AC$500,0)),"") | AE14: =IF(AND(A14<>"",N(P14)>0),IFERROR(MATCH(A14,$R$12:$R$25,0),99)*1000+ROW(),"") | AF14: =IF(AE14="","",COUNTIF($AE$4:$AE$500,"<="&AE14)) | AG14: =IF(Спецификация_авто!$L$14="","",IF(IF($S$4="(все)",COUNTIF($U$4:$U$500,Спецификация_авто!$L$14),COUNTIF($V$4:$V$500,$S$4&"|"&Спецификация_авто!$L$14))=0,Спецификация_авто!$L$14,"")) | AH14: =IF(AG14="","",COUNTIF($AG$4:AG14,"?*"))
A15: Аппарат | B15: Chint | C15: NJVA1-100 | G15: Реле контроля напряжения и тока NJVA1-100 3P+N 100А | H15: 508572 | M15: шт. | N15: =IF(OR(A15="Автомат",A15="Дифавтомат"),IF(W15="","",COUNTIF(Однолинейка!$H$3:$H$1000,U15)),IF(A15="Аппарат",IF(C15="","",COUNTIF(Однолинейка!$I$3:$I$1000,C15)+COUNTIF(Однолинейка!$J$3:$J$1000,C15)+COUNTIF(Однолинейка!$K$3:$K$1000,C15)),IF(A15="Модуль",IF(C15="","",COUNTIFS(Однолинейка!$AW$3:$AW$1000,"?*",Однолинейка!$AI$3:$AI$1000,C15)),IF(A15="Клемма",IF(C15="","",IF(C15=$S$7,SUM(Однолинейка!$BW$3:$BW$1000),IF(C15=$S$8,SUM(Однолинейка!$BX$3:$BX$1000),""))),"")))) | P15: =IF(COUNT(N15,O15)=0,"",SUM(N15,O15)) | R15: Аппарат | U15: =IF(OR(A15="Автомат",A15="Дифавтомат"),I15&" С"&J15&"А"&IF(K15="да"," 30мА",""),"") | V15: =IF(U15="","",B15&"|"&U15) | W15: =IF(AND(U15<>"",OR($S$4="(все)",B15=$S$4),IF($S$4="(все)",COUNTIF($U$4:U15,U15),COUNTIFS($U$4:U15,U15,$B$4:B15,B15))=1),MAX($W$3:W14)+1,"") | X15: =IFERROR(INDEX($U$4:$U$500,MATCH(ROW()-3,$W$4:$W$500,0)),"") | Y15: =IF(AND(A15="Аппарат",C15<>"",OR($S$5="(все)",B15=$S$5)),MAX($Y$3:Y14)+1,"") | Z15: =IFERROR(INDEX($C$4:$C$500,MATCH(ROW()-3,$Y$4:$Y$500,0)),"") | AA15: =IF(AND(A15="Модуль",C15<>"",OR($S$6="(все)",B15=$S$6)),MAX($AA$3:AA14)+1,"") | AB15: =IFERROR(INDEX($C$4:$C$500,MATCH(ROW()-3,$AA$4:$AA$500,0)),"") | AC15: =IF(OR(B15="",COUNTIF($B$4:B15,B15)>1),"",MAX($AC$3:AC14)+1) | AD15: =IFERROR(INDEX($B$4:$B$500,MATCH(ROW()-3,$AC$4:$AC$500,0)),"") | AE15: =IF(AND(A15<>"",N(P15)>0),IFERROR(MATCH(A15,$R$12:$R$25,0),99)*1000+ROW(),"") | AF15: =IF(AE15="","",COUNTIF($AE$4:$AE$500,"<="&AE15)) | AG15: =IF(Спецификация_авто!$L$15="","",IF(IF($S$4="(все)",COUNTIF($U$4:$U$500,Спецификация_авто!$L$15),COUNTIF($V$4:$V$500,$S$4&"|"&Спецификация_авто!$L$15))=0,Спецификация_авто!$L$15,"")) | AH15: =IF(AG15="","",COUNTIF($AG$4:AG15,"?*"))
A16: Аппарат | B16: Chint | C16: NZK1-32 2P | G16: Модульный переключатель NZK1-32 2P 32А 3 положения | H16: 643001 | M16: шт. | N16: =IF(OR(A16="Автомат",A16="Дифавтомат"),IF(W16="","",COUNTIF(Однолинейка!$H$3:$H$1000,U16)),IF(A16="Аппарат",IF(C16="","",COUNTIF(Однолинейка!$I$3:$I$1000,C16)+COUNTIF(Однолинейка!$J$3:$J$1000,C16)+COUNTIF(Однолинейка!$K$3:$K$1000,C16)),IF(A16="Модуль",IF(C16="","",COUNTIFS(Однолинейка!$AW$3:$AW$1000,"?*",Однолинейка!$AI$3:$AI$1000,C16)),IF(A16="Клемма",IF(C16="","",IF(C16=$S$7,SUM(Однолинейка!$BW$3:$BW$1000),IF(C16=$S$8,SUM(Однолинейка!$BX$3:$BX$1000),""))),"")))) | P16: =IF(COUNT(N16,O16)=0,"",SUM(N16,O16)) | R16: Модуль | U16: =IF(OR(A16="Автомат",A16="Дифавтомат"),I16&" С"&J16&"А"&IF(K16="да"," 30мА",""),"") | V16: =IF(U16="","",B16&"|"&U16) | W16: =IF(AND(U16<>"",OR($S$4="(все)",B16=$S$4),IF($S$4="(все)",COUNTIF($U$4:U16,U16),COUNTIFS($U$4:U16,U16,$B$4:B16,B16))=1),MAX($W$3:W15)+1,"") | X16: =IFERROR(INDEX($U$4:$U$500,MATCH(ROW()-3,$W$4:$W$500,0)),"") | Y16: =IF(AND(A16="Аппарат",C16<>"",OR($S$5="(все)",B16=$S$5)),MAX($Y$3:Y15)+1,"") | Z16: =IFERROR(INDEX($C$4:$C$500,MATCH(ROW()-3,$Y$4:$Y$500,0)),"") | AA16: =IF(AND(A16="Модуль",C16<>"",OR($S$6="(все)",B16=$S$6)),MAX($AA$3:AA15)+1,"") | AB16: =IFERROR(INDEX($C$4:$C$500,MATCH(ROW()-3,$AA$4:$AA$500,0)),"") | AC16: =IF(OR(B16="",COUNTIF($B$4:B16,B16)>1),"",MAX($AC$3:AC15)+1) | AD16: =IFERROR(INDEX($B$4:$B$500,MATCH(ROW()-3,$AC$4:$AC$500,0)),"") | AE16: =IF(AND(A16<>"",N(P16)>0),IFERROR(MATCH(A16,$R$12:$R$25,0),99)*1000+ROW(),"") | AF16: =IF(AE16="","",COUNTIF($AE$4:$AE$500,"<="&AE16)) | AG16: =IF(Спецификация_авто!$L$16="","",IF(IF($S$4="(все)",COUNTIF($U$4:$U$500,Спецификация_авто!$L$16),COUNTIF($V$4:$V$500,$S$4&"|"&Спецификация_авто!$L$16))=0,Спецификация_авто!$L$16,"")) | AH16: =IF(AG16="","",COUNTIF($AG$4:AG16,"?*"))
A17: Аппарат | B17: Arlight | C17: БП 24V 480W | G17: Блок питания ARV-DRP480-PFC-24 (24V, 20A, 480W) | H17: 040231 | M17: шт. | N17: =IF(OR(A17="Автомат",A17="Дифавтомат"),IF(W17="","",COUNTIF(Однолинейка!$H$3:$H$1000,U17)),IF(A17="Аппарат",IF(C17="","",COUNTIF(Однолинейка!$I$3:$I$1000,C17)+COUNTIF(Однолинейка!$J$3:$J$1000,C17)+COUNTIF(Однолинейка!$K$3:$K$1000,C17)),IF(A17="Модуль",IF(C17="","",COUNTIFS(Однолинейка!$AW$3:$AW$1000,"?*",Однолинейка!$AI$3:$AI$1000,C17)),IF(A17="Клемма",IF(C17="","",IF(C17=$S$7,SUM(Однолинейка!$BW$3:$BW$1000),IF(C17=$S$8,SUM(Однолинейка!$BX$3:$BX$1000),""))),"")))) | P17: =IF(COUNT(N17,O17)=0,"",SUM(N17,O17)) | R17: Шины | U17: =IF(OR(A17="Автомат",A17="Дифавтомат"),I17&" С"&J17&"А"&IF(K17="да"," 30мА",""),"") | V17: =IF(U17="","",B17&"|"&U17) | W17: =IF(AND(U17<>"",OR($S$4="(все)",B17=$S$4),IF($S$4="(все)",COUNTIF($U$4:U17,U17),COUNTIFS($U$4:U17,U17,$B$4:B17,B17))=1),MAX($W$3:W16)+1,"") | X17: =IFERROR(INDEX($U$4:$U$500,MATCH(ROW()-3,$W$4:$W$500,0)),"") | Y17: =IF(AND(A17="Аппарат",C17<>"",OR($S$5="(все)",B17=$S$5)),MAX($Y$3:Y16)+1,"") | Z17: =IFERROR(INDEX($C$4:$C$500,MATCH(ROW()-3,$Y$4:$Y$500,0)),"") | AA17: =IF(AND(A17="Модуль",C17<>"",OR($S$6="(все)",B17=$S$6)),MAX($AA$3:AA16)+1,"") | AB17: =IFERROR(INDEX($C$4:$C$500,MATCH(ROW()-3,$AA$4:$AA$500,0)),"") | AC17: =IF(OR(B17="",COUNTIF($B$4:B17,B17)>1),"",MAX($AC$3:AC16)+1) | AD17: =IFERROR(INDEX($B$4:$B$500,MATCH(ROW()-3,$AC$4:$AC$500,0)),"") | AE17: =IF(AND(A17<>"",N(P17)>0),IFERROR(MATCH(A17,$R$12:$R$25,0),99)*1000+ROW(),"") | AF17: =IF(AE17="","",COUNTIF($AE$4:$AE$500,"<="&AE17)) | AG17: =IF(Спецификация_авто!$L$17="","",IF(IF($S$4="(все)",COUNTIF($U$4:$U$500,Спецификация_авто!$L$17),COUNTIF($V$4:$V$500,$S$4&"|"&Спецификация_авто!$L$17))=0,Спецификация_авто!$L$17,"")) | AH17: =IF(AG17="","",COUNTIF($AG$4:AG17,"?*"))
A18: Аппарат | B18: Arlight | C18: БП 24V 75W | G18: Блок питания ARV-DRP75-24 (24V, 3.15A, 75W) | H18: 040232 | M18: шт. | N18: =IF(OR(A18="Автомат",A18="Дифавтомат"),IF(W18="","",COUNTIF(Однолинейка!$H$3:$H$1000,U18)),IF(A18="Аппарат",IF(C18="","",COUNTIF(Однолинейка!$I$3:$I$1000,C18)+COUNTIF(Однолинейка!$J$3:$J$1000,C18)+COUNTIF(Однолинейка!$K$3:$K$1000,C18)),IF(A18="Модуль",IF(C18="","",COUNTIFS(Однолинейка!$AW$3:$AW$1000,"?*",Однолинейка!$AI$3:$AI$1000,C18)),IF(A18="Клемма",IF(C18="","",IF(C18=$S$7,SUM(Однолинейка!$BW$3:$BW$1000),IF(C18=$S$8,SUM(Однолинейка!$BX$3:$BX$1000),""))),"")))) | P18: =IF(COUNT(N18,O18)=0,"",SUM(N18,O18)) | R18: Клемма | U18: =IF(OR(A18="Автомат",A18="Дифавтомат"),I18&" С"&J18&"А"&IF(K18="да"," 30мА",""),"") | V18: =IF(U18="","",B18&"|"&U18) | W18: =IF(AND(U18<>"",OR($S$4="(все)",B18=$S$4),IF($S$4="(все)",COUNTIF($U$4:U18,U18),COUNTIFS($U$4:U18,U18,$B$4:B18,B18))=1),MAX($W$3:W17)+1,"") | X18: =IFERROR(INDEX($U$4:$U$500,MATCH(ROW()-3,$W$4:$W$500,0)),"") | Y18: =IF(AND(A18="Аппарат",C18<>"",OR($S$5="(все)",B18=$S$5)),MAX($Y$3:Y17)+1,"") | Z18: =IFERROR(INDEX($C$4:$C$500,MATCH(ROW()-3,$Y$4:$Y$500,0)),"") | AA18: =IF(AND(A18="Модуль",C18<>"",OR($S$6="(все)",B18=$S$6)),MAX($AA$3:AA17)+1,"") | AB18: =IFERROR(INDEX($C$4:$C$500,MATCH(ROW()-3,$AA$4:$AA$500,0)),"") | AC18: =IF(OR(B18="",COUNTIF($B$4:B18,B18)>1),"",MAX($AC$3:AC17)+1) | AD18: =IFERROR(INDEX($B$4:$B$500,MATCH(ROW()-3,$AC$4:$AC$500,0)),"") | AE18: =IF(AND(A18<>"",N(P18)>0),IFERROR(MATCH(A18,$R$12:$R$25,0),99)*1000+ROW(),"") | AF18: =IF(AE18="","",COUNTIF($AE$4:$AE$500,"<="&AE18)) | AG18: =IF(Спецификация_авто!$L$18="","",IF(IF($S$4="(все)",COUNTIF($U$4:$U$500,Спецификация_авто!$L$18),COUNTIF($V$4:$V$500,$S$4&"|"&Спецификация_авто!$L$18))=0,Спецификация_авто!$L$18,"")) | AH18: =IF(AG18="","",COUNTIF($AG$4:AG18,"?*"))
A19: Аппарат | B19: Arlight | C19: БП 12V 135W | G19: Блок питания ARV-DR135-12 (12V, 11.3A, 135W) | H19: 035699 | M19: шт. | N19: =IF(OR(A19="Автомат",A19="Дифавтомат"),IF(W19="","",COUNTIF(Однолинейка!$H$3:$H$1000,U19)),IF(A19="Аппарат",IF(C19="","",COUNTIF(Однолинейка!$I$3:$I$1000,C19)+COUNTIF(Однолинейка!$J$3:$J$1000,C19)+COUNTIF(Однолинейка!$K$3:$K$1000,C19)),IF(A19="Модуль",IF(C19="","",COUNTIFS(Однолинейка!$AW$3:$AW$1000,"?*",Однолинейка!$AI$3:$AI$1000,C19)),IF(A19="Клемма",IF(C19="","",IF(C19=$S$7,SUM(Однолинейка!$BW$3:$BW$1000),IF(C19=$S$8,SUM(Однолинейка!$BX$3:$BX$1000),""))),"")))) | P19: =IF(COUNT(N19,O19)=0,"",SUM(N19,O19)) | R19: Провод | U19: =IF(OR(A19="Автомат",A19="Дифавтомат"),I19&" С"&J19&"А"&IF(K19="да"," 30мА",""),"") | V19: =IF(U19="","",B19&"|"&U19) | W19: =IF(AND(U19<>"",OR($S$4="(все)",B19=$S$4),IF($S$4="(все)",COUNTIF($U$4:U19,U19),COUNTIFS($U$4:U19,U19,$B$4:B19,B19))=1),MAX($W$3:W18)+1,"") | X19: =IFERROR(INDEX($U$4:$U$500,MATCH(ROW()-3,$W$4:$W$500,0)),"") | Y19: =IF(AND(A19="Аппарат",C19<>"",OR($S$5="(все)",B19=$S$5)),MAX($Y$3:Y18)+1,"") | Z19: =IFERROR(INDEX($C$4:$C$500,MATCH(ROW()-3,$Y$4:$Y$500,0)),"") | AA19: =IF(AND(A19="Модуль",C19<>"",OR($S$6="(все)",B19=$S$6)),MAX($AA$3:AA18)+1,"") | AB19: =IFERROR(INDEX($C$4:$C$500,MATCH(ROW()-3,$AA$4:$AA$500,0)),"") | AC19: =IF(OR(B19="",COUNTIF($B$4:B19,B19)>1),"",MAX($AC$3:AC18)+1) | AD19: =IFERROR(INDEX($B$4:$B$500,MATCH(ROW()-3,$AC$4:$AC$500,0)),"") | AE19: =IF(AND(A19<>"",N(P19)>0),IFERROR(MATCH(A19,$R$12:$R$25,0),99)*1000+ROW(),"") | AF19: =IF(AE19="","",COUNTIF($AE$4:$AE$500,"<="&AE19)) | AG19: =IF(Спецификация_авто!$L$19="","",IF(IF($S$4="(все)",COUNTIF($U$4:$U$500,Спецификация_авто!$L$19),COUNTIF($V$4:$V$500,$S$4&"|"&Спецификация_авто!$L$19))=0,Спецификация_авто!$L$19,"")) | AH19: =IF(AG19="","",COUNTIF($AG$4:AG19,"?*"))
A20: Аппарат | B20: Arlight | C20: БП 12V 15W | G20: Блок питания ARV-DR15-12 (12V, 1.25A, 15W) | H20: 034670 | M20: шт. | N20: =IF(OR(A20="Автомат",A20="Дифавтомат"),IF(W20="","",COUNTIF(Однолинейка!$H$3:$H$1000,U20)),IF(A20="Аппарат",IF(C20="","",COUNTIF(Однолинейка!$I$3:$I$1000,C20)+COUNTIF(Однолинейка!$J$3:$J$1000,C20)+COUNTIF(Однолинейка!$K$3:$K$1000,C20)),IF(A20="Модуль",IF(C20="","",COUNTIFS(Однолинейка!$AW$3:$AW$1000,"?*",Однолинейка!$AI$3:$AI$1000,C20)),IF(A20="Клемма",IF(C20="","",IF(C20=$S$7,SUM(Однолинейка!$BW$3:$BW$1000),IF(C20=$S$8,SUM(Однолинейка!$BX$3:$BX$1000),""))),"")))) | P20: =IF(COUNT(N20,O20)=0,"",SUM(N20,O20)) | R20: Прочее | U20: =IF(OR(A20="Автомат",A20="Дифавтомат"),I20&" С"&J20&"А"&IF(K20="да"," 30мА",""),"") | V20: =IF(U20="","",B20&"|"&U20) | W20: =IF(AND(U20<>"",OR($S$4="(все)",B20=$S$4),IF($S$4="(все)",COUNTIF($U$4:U20,U20),COUNTIFS($U$4:U20,U20,$B$4:B20,B20))=1),MAX($W$3:W19)+1,"") | X20: =IFERROR(INDEX($U$4:$U$500,MATCH(ROW()-3,$W$4:$W$500,0)),"") | Y20: =IF(AND(A20="Аппарат",C20<>"",OR($S$5="(все)",B20=$S$5)),MAX($Y$3:Y19)+1,"") | Z20: =IFERROR(INDEX($C$4:$C$500,MATCH(ROW()-3,$Y$4:$Y$500,0)),"") | AA20: =IF(AND(A20="Модуль",C20<>"",OR($S$6="(все)",B20=$S$6)),MAX($AA$3:AA19)+1,"") | AB20: =IFERROR(INDEX($C$4:$C$500,MATCH(ROW()-3,$AA$4:$AA$500,0)),"") | AC20: =IF(OR(B20="",COUNTIF($B$4:B20,B20)>1),"",MAX($AC$3:AC19)+1) | AD20: =IFERROR(INDEX($B$4:$B$500,MATCH(ROW()-3,$AC$4:$AC$500,0)),"") | AE20: =IF(AND(A20<>"",N(P20)>0),IFERROR(MATCH(A20,$R$12:$R$25,0),99)*1000+ROW(),"") | AF20: =IF(AE20="","",COUNTIF($AE$4:$AE$500,"<="&AE20)) | AG20: =IF(Спецификация_авто!$L$20="","",IF(IF($S$4="(все)",COUNTIF($U$4:$U$500,Спецификация_авто!$L$20),COUNTIF($V$4:$V$500,$S$4&"|"&Спецификация_авто!$L$20))=0,Спецификация_авто!$L$20,"")) | AH20: =IF(AG20="","",COUNTIF($AG$4:AG20,"?*"))
A21: Аппарат | B21: Zennio | C21: ZPSU640 | G21: Универсальный источник питания KNX | H21: ZPSU640 | M21: шт. | N21: =IF(OR(A21="Автомат",A21="Дифавтомат"),IF(W21="","",COUNTIF(Однолинейка!$H$3:$H$1000,U21)),IF(A21="Аппарат",IF(C21="","",COUNTIF(Однолинейка!$I$3:$I$1000,C21)+COUNTIF(Однолинейка!$J$3:$J$1000,C21)+COUNTIF(Однолинейка!$K$3:$K$1000,C21)),IF(A21="Модуль",IF(C21="","",COUNTIFS(Однолинейка!$AW$3:$AW$1000,"?*",Однолинейка!$AI$3:$AI$1000,C21)),IF(A21="Клемма",IF(C21="","",IF(C21=$S$7,SUM(Однолинейка!$BW$3:$BW$1000),IF(C21=$S$8,SUM(Однолинейка!$BX$3:$BX$1000),""))),"")))) | P21: =IF(COUNT(N21,O21)=0,"",SUM(N21,O21)) | U21: =IF(OR(A21="Автомат",A21="Дифавтомат"),I21&" С"&J21&"А"&IF(K21="да"," 30мА",""),"") | V21: =IF(U21="","",B21&"|"&U21) | W21: =IF(AND(U21<>"",OR($S$4="(все)",B21=$S$4),IF($S$4="(все)",COUNTIF($U$4:U21,U21),COUNTIFS($U$4:U21,U21,$B$4:B21,B21))=1),MAX($W$3:W20)+1,"") | X21: =IFERROR(INDEX($U$4:$U$500,MATCH(ROW()-3,$W$4:$W$500,0)),"") | Y21: =IF(AND(A21="Аппарат",C21<>"",OR($S$5="(все)",B21=$S$5)),MAX($Y$3:Y20)+1,"") | Z21: =IFERROR(INDEX($C$4:$C$500,MATCH(ROW()-3,$Y$4:$Y$500,0)),"") | AA21: =IF(AND(A21="Модуль",C21<>"",OR($S$6="(все)",B21=$S$6)),MAX($AA$3:AA20)+1,"") | AB21: =IFERROR(INDEX($C$4:$C$500,MATCH(ROW()-3,$AA$4:$AA$500,0)),"") | AC21: =IF(OR(B21="",COUNTIF($B$4:B21,B21)>1),"",MAX($AC$3:AC20)+1) | AD21: =IFERROR(INDEX($B$4:$B$500,MATCH(ROW()-3,$AC$4:$AC$500,0)),"") | AE21: =IF(AND(A21<>"",N(P21)>0),IFERROR(MATCH(A21,$R$12:$R$25,0),99)*1000+ROW(),"") | AF21: =IF(AE21="","",COUNTIF($AE$4:$AE$500,"<="&AE21)) | AG21: =IF(Спецификация_авто!$L$21="","",IF(IF($S$4="(все)",COUNTIF($U$4:$U$500,Спецификация_авто!$L$21),COUNTIF($V$4:$V$500,$S$4&"|"&Спецификация_авто!$L$21))=0,Спецификация_авто!$L$21,"")) | AH21: =IF(AG21="","",COUNTIF($AG$4:AG21,"?*"))
A22: Модуль | B22: Zennio | C22: ZIOMB24V2 | D22: R | E22: 24 | F22: реле | G22: Многофункциональный актуатор KNX | H22: ZIOMB24V2 | M22: шт. | N22: =IF(OR(A22="Автомат",A22="Дифавтомат"),IF(W22="","",COUNTIF(Однолинейка!$H$3:$H$1000,U22)),IF(A22="Аппарат",IF(C22="","",COUNTIF(Однолинейка!$I$3:$I$1000,C22)+COUNTIF(Однолинейка!$J$3:$J$1000,C22)+COUNTIF(Однолинейка!$K$3:$K$1000,C22)),IF(A22="Модуль",IF(C22="","",COUNTIFS(Однолинейка!$AW$3:$AW$1000,"?*",Однолинейка!$AI$3:$AI$1000,C22)),IF(A22="Клемма",IF(C22="","",IF(C22=$S$7,SUM(Однолинейка!$BW$3:$BW$1000),IF(C22=$S$8,SUM(Однолинейка!$BX$3:$BX$1000),""))),"")))) | P22: =IF(COUNT(N22,O22)=0,"",SUM(N22,O22)) | U22: =IF(OR(A22="Автомат",A22="Дифавтомат"),I22&" С"&J22&"А"&IF(K22="да"," 30мА",""),"") | V22: =IF(U22="","",B22&"|"&U22) | W22: =IF(AND(U22<>"",OR($S$4="(все)",B22=$S$4),IF($S$4="(все)",COUNTIF($U$4:U22,U22),COUNTIFS($U$4:U22,U22,$B$4:B22,B22))=1),MAX($W$3:W21)+1,"") | X22: =IFERROR(INDEX($U$4:$U$500,MATCH(ROW()-3,$W$4:$W$500,0)),"") | Y22: =IF(AND(A22="Аппарат",C22<>"",OR($S$5="(все)",B22=$S$5)),MAX($Y$3:Y21)+1,"") | Z22: =IFERROR(INDEX($C$4:$C$500,MATCH(ROW()-3,$Y$4:$Y$500,0)),"") | AA22: =IF(AND(A22="Модуль",C22<>"",OR($S$6="(все)",B22=$S$6)),MAX($AA$3:AA21)+1,"") | AB22: =IFERROR(INDEX($C$4:$C$500,MATCH(ROW()-3,$AA$4:$AA$500,0)),"") | AC22: =IF(OR(B22="",COUNTIF($B$4:B22,B22)>1),"",MAX($AC$3:AC21)+1) | AD22: =IFERROR(INDEX($B$4:$B$500,MATCH(ROW()-3,$AC$4:$AC$500,0)),"") | AE22: =IF(AND(A22<>"",N(P22)>0),IFERROR(MATCH(A22,$R$12:$R$25,0),99)*1000+ROW(),"") | AF22: =IF(AE22="","",COUNTIF($AE$4:$AE$500,"<="&AE22)) | AG22: =IF(Спецификация_авто!$L$22="","",IF(IF($S$4="(все)",COUNTIF($U$4:$U$500,Спецификация_авто!$L$22),COUNTIF($V$4:$V$500,$S$4&"|"&Спецификация_авто!$L$22))=0,Спецификация_авто!$L$22,"")) | AH22: =IF(AG22="","",COUNTIF($AG$4:AG22,"?*"))
A23: Модуль | B23: Zennio | C23: ZIO-MB24 | D23: R | E23: 24 | F23: реле | G23: Многофункциональный актуатор KNX | H23: ZIO-MB24 | M23: шт. | N23: =IF(OR(A23="Автомат",A23="Дифавтомат"),IF(W23="","",COUNTIF(Однолинейка!$H$3:$H$1000,U23)),IF(A23="Аппарат",IF(C23="","",COUNTIF(Однолинейка!$I$3:$I$1000,C23)+COUNTIF(Однолинейка!$J$3:$J$1000,C23)+COUNTIF(Однолинейка!$K$3:$K$1000,C23)),IF(A23="Модуль",IF(C23="","",COUNTIFS(Однолинейка!$AW$3:$AW$1000,"?*",Однолинейка!$AI$3:$AI$1000,C23)),IF(A23="Клемма",IF(C23="","",IF(C23=$S$7,SUM(Однолинейка!$BW$3:$BW$1000),IF(C23=$S$8,SUM(Однолинейка!$BX$3:$BX$1000),""))),"")))) | P23: =IF(COUNT(N23,O23)=0,"",SUM(N23,O23)) | U23: =IF(OR(A23="Автомат",A23="Дифавтомат"),I23&" С"&J23&"А"&IF(K23="да"," 30мА",""),"") | V23: =IF(U23="","",B23&"|"&U23) | W23: =IF(AND(U23<>"",OR($S$4="(все)",B23=$S$4),IF($S$4="(все)",COUNTIF($U$4:U23,U23),COUNTIFS($U$4:U23,U23,$B$4:B23,B23))=1),MAX($W$3:W22)+1,"") | X23: =IFERROR(INDEX($U$4:$U$500,MATCH(ROW()-3,$W$4:$W$500,0)),"") | Y23: =IF(AND(A23="Аппарат",C23<>"",OR($S$5="(все)",B23=$S$5)),MAX($Y$3:Y22)+1,"") | Z23: =IFERROR(INDEX($C$4:$C$500,MATCH(ROW()-3,$Y$4:$Y$500,0)),"") | AA23: =IF(AND(A23="Модуль",C23<>"",OR($S$6="(все)",B23=$S$6)),MAX($AA$3:AA22)+1,"") | AB23: =IFERROR(INDEX($C$4:$C$500,MATCH(ROW()-3,$AA$4:$AA$500,0)),"") | AC23: =IF(OR(B23="",COUNTIF($B$4:B23,B23)>1),"",MAX($AC$3:AC22)+1) | AD23: =IFERROR(INDEX($B$4:$B$500,MATCH(ROW()-3,$AC$4:$AC$500,0)),"") | AE23: =IF(AND(A23<>"",N(P23)>0),IFERROR(MATCH(A23,$R$12:$R$25,0),99)*1000+ROW(),"") | AF23: =IF(AE23="","",COUNTIF($AE$4:$AE$500,"<="&AE23)) | AG23: =IF(Спецификация_авто!$L$23="","",IF(IF($S$4="(все)",COUNTIF($U$4:$U$500,Спецификация_авто!$L$23),COUNTIF($V$4:$V$500,$S$4&"|"&Спецификация_авто!$L$23))=0,Спецификация_авто!$L$23,"")) | AH23: =IF(AG23="","",COUNTIF($AG$4:AG23,"?*"))
A24: Модуль | B24: Zennio | C24: ZIOMB16V3 | D24: R | E24: 16 | F24: реле | G24: Многофункциональный актуатор KNX | H24: ZIOMB16V3 | M24: шт. | N24: =IF(OR(A24="Автомат",A24="Дифавтомат"),IF(W24="","",COUNTIF(Однолинейка!$H$3:$H$1000,U24)),IF(A24="Аппарат",IF(C24="","",COUNTIF(Однолинейка!$I$3:$I$1000,C24)+COUNTIF(Однолинейка!$J$3:$J$1000,C24)+COUNTIF(Однолинейка!$K$3:$K$1000,C24)),IF(A24="Модуль",IF(C24="","",COUNTIFS(Однолинейка!$AW$3:$AW$1000,"?*",Однолинейка!$AI$3:$AI$1000,C24)),IF(A24="Клемма",IF(C24="","",IF(C24=$S$7,SUM(Однолинейка!$BW$3:$BW$1000),IF(C24=$S$8,SUM(Однолинейка!$BX$3:$BX$1000),""))),"")))) | P24: =IF(COUNT(N24,O24)=0,"",SUM(N24,O24)) | U24: =IF(OR(A24="Автомат",A24="Дифавтомат"),I24&" С"&J24&"А"&IF(K24="да"," 30мА",""),"") | V24: =IF(U24="","",B24&"|"&U24) | W24: =IF(AND(U24<>"",OR($S$4="(все)",B24=$S$4),IF($S$4="(все)",COUNTIF($U$4:U24,U24),COUNTIFS($U$4:U24,U24,$B$4:B24,B24))=1),MAX($W$3:W23)+1,"") | X24: =IFERROR(INDEX($U$4:$U$500,MATCH(ROW()-3,$W$4:$W$500,0)),"") | Y24: =IF(AND(A24="Аппарат",C24<>"",OR($S$5="(все)",B24=$S$5)),MAX($Y$3:Y23)+1,"") | Z24: =IFERROR(INDEX($C$4:$C$500,MATCH(ROW()-3,$Y$4:$Y$500,0)),"") | AA24: =IF(AND(A24="Модуль",C24<>"",OR($S$6="(все)",B24=$S$6)),MAX($AA$3:AA23)+1,"") | AB24: =IFERROR(INDEX($C$4:$C$500,MATCH(ROW()-3,$AA$4:$AA$500,0)),"") | AC24: =IF(OR(B24="",COUNTIF($B$4:B24,B24)>1),"",MAX($AC$3:AC23)+1) | AD24: =IFERROR(INDEX($B$4:$B$500,MATCH(ROW()-3,$AC$4:$AC$500,0)),"") | AE24: =IF(AND(A24<>"",N(P24)>0),IFERROR(MATCH(A24,$R$12:$R$25,0),99)*1000+ROW(),"") | AF24: =IF(AE24="","",COUNTIF($AE$4:$AE$500,"<="&AE24)) | AG24: =IF(Спецификация_авто!$L$27="","",IF(COUNTIF($C$4:$C$500,Спецификация_авто!$L$27)=0,Спецификация_авто!$L$27,"")) | AH24: =IF(AG24="","",COUNTIF($AG$4:AG24,"?*"))
A25: Модуль | B25: Zennio | C25: ZIOMB8V3 | D25: R | E25: 8 | F25: реле | G25: Многофункциональный актуатор KNX | H25: ZIOMB8V3 | M25: шт. | N25: =IF(OR(A25="Автомат",A25="Дифавтомат"),IF(W25="","",COUNTIF(Однолинейка!$H$3:$H$1000,U25)),IF(A25="Аппарат",IF(C25="","",COUNTIF(Однолинейка!$I$3:$I$1000,C25)+COUNTIF(Однолинейка!$J$3:$J$1000,C25)+COUNTIF(Однолинейка!$K$3:$K$1000,C25)),IF(A25="Модуль",IF(C25="","",COUNTIFS(Однолинейка!$AW$3:$AW$1000,"?*",Однолинейка!$AI$3:$AI$1000,C25)),IF(A25="Клемма",IF(C25="","",IF(C25=$S$7,SUM(Однолинейка!$BW$3:$BW$1000),IF(C25=$S$8,SUM(Однолинейка!$BX$3:$BX$1000),""))),"")))) | P25: =IF(COUNT(N25,O25)=0,"",SUM(N25,O25)) | U25: =IF(OR(A25="Автомат",A25="Дифавтомат"),I25&" С"&J25&"А"&IF(K25="да"," 30мА",""),"") | V25: =IF(U25="","",B25&"|"&U25) | W25: =IF(AND(U25<>"",OR($S$4="(все)",B25=$S$4),IF($S$4="(все)",COUNTIF($U$4:U25,U25),COUNTIFS($U$4:U25,U25,$B$4:B25,B25))=1),MAX($W$3:W24)+1,"") | X25: =IFERROR(INDEX($U$4:$U$500,MATCH(ROW()-3,$W$4:$W$500,0)),"") | Y25: =IF(AND(A25="Аппарат",C25<>"",OR($S$5="(все)",B25=$S$5)),MAX($Y$3:Y24)+1,"") | Z25: =IFERROR(INDEX($C$4:$C$500,MATCH(ROW()-3,$Y$4:$Y$500,0)),"") | AA25: =IF(AND(A25="Модуль",C25<>"",OR($S$6="(все)",B25=$S$6)),MAX($AA$3:AA24)+1,"") | AB25: =IFERROR(INDEX($C$4:$C$500,MATCH(ROW()-3,$AA$4:$AA$500,0)),"") | AC25: =IF(OR(B25="",COUNTIF($B$4:B25,B25)>1),"",MAX($AC$3:AC24)+1) | AD25: =IFERROR(INDEX($B$4:$B$500,MATCH(ROW()-3,$AC$4:$AC$500,0)),"") | AE25: =IF(AND(A25<>"",N(P25)>0),IFERROR(MATCH(A25,$R$12:$R$25,0),99)*1000+ROW(),"") | AF25: =IF(AE25="","",COUNTIF($AE$4:$AE$500,"<="&AE25)) | AG25: =IF(Спецификация_авто!$L$28="","",IF(COUNTIF($C$4:$C$500,Спецификация_авто!$L$28)=0,Спецификация_авто!$L$28,"")) | AH25: =IF(AG25="","",COUNTIF($AG$4:AG25,"?*"))
A26: Модуль | B26: Zennio | C26: ZCL-8HT230 | D26: R | E26: 8 | F26: клапаны 230В | G26: Актуатор клапанов отопления 230В | H26: ZCL-8HT230 | M26: шт. | N26: =IF(OR(A26="Автомат",A26="Дифавтомат"),IF(W26="","",COUNTIF(Однолинейка!$H$3:$H$1000,U26)),IF(A26="Аппарат",IF(C26="","",COUNTIF(Однолинейка!$I$3:$I$1000,C26)+COUNTIF(Однолинейка!$J$3:$J$1000,C26)+COUNTIF(Однолинейка!$K$3:$K$1000,C26)),IF(A26="Модуль",IF(C26="","",COUNTIFS(Однолинейка!$AW$3:$AW$1000,"?*",Однолинейка!$AI$3:$AI$1000,C26)),IF(A26="Клемма",IF(C26="","",IF(C26=$S$7,SUM(Однолинейка!$BW$3:$BW$1000),IF(C26=$S$8,SUM(Однолинейка!$BX$3:$BX$1000),""))),"")))) | P26: =IF(COUNT(N26,O26)=0,"",SUM(N26,O26)) | U26: =IF(OR(A26="Автомат",A26="Дифавтомат"),I26&" С"&J26&"А"&IF(K26="да"," 30мА",""),"") | V26: =IF(U26="","",B26&"|"&U26) | W26: =IF(AND(U26<>"",OR($S$4="(все)",B26=$S$4),IF($S$4="(все)",COUNTIF($U$4:U26,U26),COUNTIFS($U$4:U26,U26,$B$4:B26,B26))=1),MAX($W$3:W25)+1,"") | X26: =IFERROR(INDEX($U$4:$U$500,MATCH(ROW()-3,$W$4:$W$500,0)),"") | Y26: =IF(AND(A26="Аппарат",C26<>"",OR($S$5="(все)",B26=$S$5)),MAX($Y$3:Y25)+1,"") | Z26: =IFERROR(INDEX($C$4:$C$500,MATCH(ROW()-3,$Y$4:$Y$500,0)),"") | AA26: =IF(AND(A26="Модуль",C26<>"",OR($S$6="(все)",B26=$S$6)),MAX($AA$3:AA25)+1,"") | AB26: =IFERROR(INDEX($C$4:$C$500,MATCH(ROW()-3,$AA$4:$AA$500,0)),"") | AC26: =IF(OR(B26="",COUNTIF($B$4:B26,B26)>1),"",MAX($AC$3:AC25)+1) | AD26: =IFERROR(INDEX($B$4:$B$500,MATCH(ROW()-3,$AC$4:$AC$500,0)),"") | AE26: =IF(AND(A26<>"",N(P26)>0),IFERROR(MATCH(A26,$R$12:$R$25,0),99)*1000+ROW(),"") | AF26: =IF(AE26="","",COUNTIF($AE$4:$AE$500,"<="&AE26)) | AG26: =IF(Спецификация_авто!$L$29="","",IF(COUNTIF($C$4:$C$500,Спецификация_авто!$L$29)=0,Спецификация_авто!$L$29,"")) | AH26: =IF(AG26="","",COUNTIF($AG$4:AG26,"?*"))
A27: Модуль | B27: Zennio | C27: ZDINDX4 | D27: Di | E27: 4 | F27: диммер | G27: Универсальный 4-канальный диммер 220V | H27: ZDINDX4 | M27: шт. | N27: =IF(OR(A27="Автомат",A27="Дифавтомат"),IF(W27="","",COUNTIF(Однолинейка!$H$3:$H$1000,U27)),IF(A27="Аппарат",IF(C27="","",COUNTIF(Однолинейка!$I$3:$I$1000,C27)+COUNTIF(Однолинейка!$J$3:$J$1000,C27)+COUNTIF(Однолинейка!$K$3:$K$1000,C27)),IF(A27="Модуль",IF(C27="","",COUNTIFS(Однолинейка!$AW$3:$AW$1000,"?*",Однолинейка!$AI$3:$AI$1000,C27)),IF(A27="Клемма",IF(C27="","",IF(C27=$S$7,SUM(Однолинейка!$BW$3:$BW$1000),IF(C27=$S$8,SUM(Однолинейка!$BX$3:$BX$1000),""))),"")))) | P27: =IF(COUNT(N27,O27)=0,"",SUM(N27,O27)) | R27: ЕСТЬ В ОДНОЛИНЕЙКЕ, НО НЕТ В КАТАЛОГЕ — добавьте строку: | U27: =IF(OR(A27="Автомат",A27="Дифавтомат"),I27&" С"&J27&"А"&IF(K27="да"," 30мА",""),"") | V27: =IF(U27="","",B27&"|"&U27) | W27: =IF(AND(U27<>"",OR($S$4="(все)",B27=$S$4),IF($S$4="(все)",COUNTIF($U$4:U27,U27),COUNTIFS($U$4:U27,U27,$B$4:B27,B27))=1),MAX($W$3:W26)+1,"") | X27: =IFERROR(INDEX($U$4:$U$500,MATCH(ROW()-3,$W$4:$W$500,0)),"") | Y27: =IF(AND(A27="Аппарат",C27<>"",OR($S$5="(все)",B27=$S$5)),MAX($Y$3:Y26)+1,"") | Z27: =IFERROR(INDEX($C$4:$C$500,MATCH(ROW()-3,$Y$4:$Y$500,0)),"") | AA27: =IF(AND(A27="Модуль",C27<>"",OR($S$6="(все)",B27=$S$6)),MAX($AA$3:AA26)+1,"") | AB27: =IFERROR(INDEX($C$4:$C$500,MATCH(ROW()-3,$AA$4:$AA$500,0)),"") | AC27: =IF(OR(B27="",COUNTIF($B$4:B27,B27)>1),"",MAX($AC$3:AC26)+1) | AD27: =IFERROR(INDEX($B$4:$B$500,MATCH(ROW()-3,$AC$4:$AC$500,0)),"") | AE27: =IF(AND(A27<>"",N(P27)>0),IFERROR(MATCH(A27,$R$12:$R$25,0),99)*1000+ROW(),"") | AF27: =IF(AE27="","",COUNTIF($AE$4:$AE$500,"<="&AE27)) | AG27: =IF(Спецификация_авто!$L$30="","",IF(COUNTIF($C$4:$C$500,Спецификация_авто!$L$30)=0,Спецификация_авто!$L$30,"")) | AH27: =IF(AG27="","",COUNTIF($AG$4:AG27,"?*"))
A28: Модуль | B28: Zennio | C28: ZDID64X2 | D28: DA | E28: 2 | F28: DALI | G28: Интерфейс KNX-DALI | H28: ZDID64X2 | M28: шт. | N28: =IF(OR(A28="Автомат",A28="Дифавтомат"),IF(W28="","",COUNTIF(Однолинейка!$H$3:$H$1000,U28)),IF(A28="Аппарат",IF(C28="","",COUNTIF(Однолинейка!$I$3:$I$1000,C28)+COUNTIF(Однолинейка!$J$3:$J$1000,C28)+COUNTIF(Однолинейка!$K$3:$K$1000,C28)),IF(A28="Модуль",IF(C28="","",COUNTIFS(Однолинейка!$AW$3:$AW$1000,"?*",Однолинейка!$AI$3:$AI$1000,C28)),IF(A28="Клемма",IF(C28="","",IF(C28=$S$7,SUM(Однолинейка!$BW$3:$BW$1000),IF(C28=$S$8,SUM(Однолинейка!$BX$3:$BX$1000),""))),"")))) | P28: =IF(COUNT(N28,O28)=0,"",SUM(N28,O28)) | R28: =IFERROR(INDEX($AG$4:$AG$43,MATCH(1,$AH$4:$AH$43,0)),"") | U28: =IF(OR(A28="Автомат",A28="Дифавтомат"),I28&" С"&J28&"А"&IF(K28="да"," 30мА",""),"") | V28: =IF(U28="","",B28&"|"&U28) | W28: =IF(AND(U28<>"",OR($S$4="(все)",B28=$S$4),IF($S$4="(все)",COUNTIF($U$4:U28,U28),COUNTIFS($U$4:U28,U28,$B$4:B28,B28))=1),MAX($W$3:W27)+1,"") | X28: =IFERROR(INDEX($U$4:$U$500,MATCH(ROW()-3,$W$4:$W$500,0)),"") | Y28: =IF(AND(A28="Аппарат",C28<>"",OR($S$5="(все)",B28=$S$5)),MAX($Y$3:Y27)+1,"") | Z28: =IFERROR(INDEX($C$4:$C$500,MATCH(ROW()-3,$Y$4:$Y$500,0)),"") | AA28: =IF(AND(A28="Модуль",C28<>"",OR($S$6="(все)",B28=$S$6)),MAX($AA$3:AA27)+1,"") | AB28: =IFERROR(INDEX($C$4:$C$500,MATCH(ROW()-3,$AA$4:$AA$500,0)),"") | AC28: =IF(OR(B28="",COUNTIF($B$4:B28,B28)>1),"",MAX($AC$3:AC27)+1) | AD28: =IFERROR(INDEX($B$4:$B$500,MATCH(ROW()-3,$AC$4:$AC$500,0)),"") | AE28: =IF(AND(A28<>"",N(P28)>0),IFERROR(MATCH(A28,$R$12:$R$25,0),99)*1000+ROW(),"") | AF28: =IF(AE28="","",COUNTIF($AE$4:$AE$500,"<="&AE28)) | AG28: =IF(Спецификация_авто!$L$31="","",IF(COUNTIF($C$4:$C$500,Спецификация_авто!$L$31)=0,Спецификация_авто!$L$31,"")) | AH28: =IF(AG28="","",COUNTIF($AG$4:AG28,"?*"))
A29: Модуль | B29: Zennio | C29: ZIO-RQUAD8 | D29: IN | E29: 8 | F29: входы | G29: Модуль входов с 8 аналогово-цифровыми входами | H29: ZIO-RQUAD8 | M29: шт. | N29: =IF(OR(A29="Автомат",A29="Дифавтомат"),IF(W29="","",COUNTIF(Однолинейка!$H$3:$H$1000,U29)),IF(A29="Аппарат",IF(C29="","",COUNTIF(Однолинейка!$I$3:$I$1000,C29)+COUNTIF(Однолинейка!$J$3:$J$1000,C29)+COUNTIF(Однолинейка!$K$3:$K$1000,C29)),IF(A29="Модуль",IF(C29="","",COUNTIFS(Однолинейка!$AW$3:$AW$1000,"?*",Однолинейка!$AI$3:$AI$1000,C29)),IF(A29="Клемма",IF(C29="","",IF(C29=$S$7,SUM(Однолинейка!$BW$3:$BW$1000),IF(C29=$S$8,SUM(Однолинейка!$BX$3:$BX$1000),""))),"")))) | P29: =IF(COUNT(N29,O29)=0,"",SUM(N29,O29)) | R29: =IFERROR(INDEX($AG$4:$AG$43,MATCH(2,$AH$4:$AH$43,0)),"") | U29: =IF(OR(A29="Автомат",A29="Дифавтомат"),I29&" С"&J29&"А"&IF(K29="да"," 30мА",""),"") | V29: =IF(U29="","",B29&"|"&U29) | W29: =IF(AND(U29<>"",OR($S$4="(все)",B29=$S$4),IF($S$4="(все)",COUNTIF($U$4:U29,U29),COUNTIFS($U$4:U29,U29,$B$4:B29,B29))=1),MAX($W$3:W28)+1,"") | X29: =IFERROR(INDEX($U$4:$U$500,MATCH(ROW()-3,$W$4:$W$500,0)),"") | Y29: =IF(AND(A29="Аппарат",C29<>"",OR($S$5="(все)",B29=$S$5)),MAX($Y$3:Y28)+1,"") | Z29: =IFERROR(INDEX($C$4:$C$500,MATCH(ROW()-3,$Y$4:$Y$500,0)),"") | AA29: =IF(AND(A29="Модуль",C29<>"",OR($S$6="(все)",B29=$S$6)),MAX($AA$3:AA28)+1,"") | AB29: =IFERROR(INDEX($C$4:$C$500,MATCH(ROW()-3,$AA$4:$AA$500,0)),"") | AC29: =IF(OR(B29="",COUNTIF($B$4:B29,B29)>1),"",MAX($AC$3:AC28)+1) | AD29: =IFERROR(INDEX($B$4:$B$500,MATCH(ROW()-3,$AC$4:$AC$500,0)),"") | AE29: =IF(AND(A29<>"",N(P29)>0),IFERROR(MATCH(A29,$R$12:$R$25,0),99)*1000+ROW(),"") | AF29: =IF(AE29="","",COUNTIF($AE$4:$AE$500,"<="&AE29)) | AG29: =IF(Спецификация_авто!$L$32="","",IF(COUNTIF($C$4:$C$500,Спецификация_авто!$L$32)=0,Спецификация_авто!$L$32,"")) | AH29: =IF(AG29="","",COUNTIF($AG$4:AG29,"?*"))
A30: Модуль | B30: Arlight | C30: SMART-DALI-104 | D30: Di | E30: 4 | F30: диммер DALI | G30: Диммер SMART-DALI-104-62-ADDR-DIM-DT6-DIN White (12-24V, 4x5A) | H30: 028422 | M30: шт. | N30: =IF(OR(A30="Автомат",A30="Дифавтомат"),IF(W30="","",COUNTIF(Однолинейка!$H$3:$H$1000,U30)),IF(A30="Аппарат",IF(C30="","",COUNTIF(Однолинейка!$I$3:$I$1000,C30)+COUNTIF(Однолинейка!$J$3:$J$1000,C30)+COUNTIF(Однолинейка!$K$3:$K$1000,C30)),IF(A30="Модуль",IF(C30="","",COUNTIFS(Однолинейка!$AW$3:$AW$1000,"?*",Однолинейка!$AI$3:$AI$1000,C30)),IF(A30="Клемма",IF(C30="","",IF(C30=$S$7,SUM(Однолинейка!$BW$3:$BW$1000),IF(C30=$S$8,SUM(Однолинейка!$BX$3:$BX$1000),""))),"")))) | P30: =IF(COUNT(N30,O30)=0,"",SUM(N30,O30)) | R30: =IFERROR(INDEX($AG$4:$AG$43,MATCH(3,$AH$4:$AH$43,0)),"") | U30: =IF(OR(A30="Автомат",A30="Дифавтомат"),I30&" С"&J30&"А"&IF(K30="да"," 30мА",""),"") | V30: =IF(U30="","",B30&"|"&U30) | W30: =IF(AND(U30<>"",OR($S$4="(все)",B30=$S$4),IF($S$4="(все)",COUNTIF($U$4:U30,U30),COUNTIFS($U$4:U30,U30,$B$4:B30,B30))=1),MAX($W$3:W29)+1,"") | X30: =IFERROR(INDEX($U$4:$U$500,MATCH(ROW()-3,$W$4:$W$500,0)),"") | Y30: =IF(AND(A30="Аппарат",C30<>"",OR($S$5="(все)",B30=$S$5)),MAX($Y$3:Y29)+1,"") | Z30: =IFERROR(INDEX($C$4:$C$500,MATCH(ROW()-3,$Y$4:$Y$500,0)),"") | AA30: =IF(AND(A30="Модуль",C30<>"",OR($S$6="(все)",B30=$S$6)),MAX($AA$3:AA29)+1,"") | AB30: =IFERROR(INDEX($C$4:$C$500,MATCH(ROW()-3,$AA$4:$AA$500,0)),"") | AC30: =IF(OR(B30="",COUNTIF($B$4:B30,B30)>1),"",MAX($AC$3:AC29)+1) | AD30: =IFERROR(INDEX($B$4:$B$500,MATCH(ROW()-3,$AC$4:$AC$500,0)),"") | AE30: =IF(AND(A30<>"",N(P30)>0),IFERROR(MATCH(A30,$R$12:$R$25,0),99)*1000+ROW(),"") | AF30: =IF(AE30="","",COUNTIF($AE$4:$AE$500,"<="&AE30)) | AG30: =IF(Спецификация_авто!$L$33="","",IF(COUNTIF($C$4:$C$500,Спецификация_авто!$L$33)=0,Спецификация_авто!$L$33,"")) | AH30: =IF(AG30="","",COUNTIF($AG$4:AG30,"?*"))
A31: Модуль | B31: — | C31: уточнить-R | D31: R | E31: 24 | F31: реле | G31: Модель уточнить | M31: шт. | N31: =IF(OR(A31="Автомат",A31="Дифавтомат"),IF(W31="","",COUNTIF(Однолинейка!$H$3:$H$1000,U31)),IF(A31="Аппарат",IF(C31="","",COUNTIF(Однолинейка!$I$3:$I$1000,C31)+COUNTIF(Однолинейка!$J$3:$J$1000,C31)+COUNTIF(Однолинейка!$K$3:$K$1000,C31)),IF(A31="Модуль",IF(C31="","",COUNTIFS(Однолинейка!$AW$3:$AW$1000,"?*",Однолинейка!$AI$3:$AI$1000,C31)),IF(A31="Клемма",IF(C31="","",IF(C31=$S$7,SUM(Однолинейка!$BW$3:$BW$1000),IF(C31=$S$8,SUM(Однолинейка!$BX$3:$BX$1000),""))),"")))) | P31: =IF(COUNT(N31,O31)=0,"",SUM(N31,O31)) | R31: =IFERROR(INDEX($AG$4:$AG$43,MATCH(4,$AH$4:$AH$43,0)),"") | U31: =IF(OR(A31="Автомат",A31="Дифавтомат"),I31&" С"&J31&"А"&IF(K31="да"," 30мА",""),"") | V31: =IF(U31="","",B31&"|"&U31) | W31: =IF(AND(U31<>"",OR($S$4="(все)",B31=$S$4),IF($S$4="(все)",COUNTIF($U$4:U31,U31),COUNTIFS($U$4:U31,U31,$B$4:B31,B31))=1),MAX($W$3:W30)+1,"") | X31: =IFERROR(INDEX($U$4:$U$500,MATCH(ROW()-3,$W$4:$W$500,0)),"") | Y31: =IF(AND(A31="Аппарат",C31<>"",OR($S$5="(все)",B31=$S$5)),MAX($Y$3:Y30)+1,"") | Z31: =IFERROR(INDEX($C$4:$C$500,MATCH(ROW()-3,$Y$4:$Y$500,0)),"") | AA31: =IF(AND(A31="Модуль",C31<>"",OR($S$6="(все)",B31=$S$6)),MAX($AA$3:AA30)+1,"") | AB31: =IFERROR(INDEX($C$4:$C$500,MATCH(ROW()-3,$AA$4:$AA$500,0)),"") | AC31: =IF(OR(B31="",COUNTIF($B$4:B31,B31)>1),"",MAX($AC$3:AC30)+1) | AD31: =IFERROR(INDEX($B$4:$B$500,MATCH(ROW()-3,$AC$4:$AC$500,0)),"") | AE31: =IF(AND(A31<>"",N(P31)>0),IFERROR(MATCH(A31,$R$12:$R$25,0),99)*1000+ROW(),"") | AF31: =IF(AE31="","",COUNTIF($AE$4:$AE$500,"<="&AE31)) | AG31: =IF(Спецификация_авто!$L$34="","",IF(COUNTIF($C$4:$C$500,Спецификация_авто!$L$34)=0,Спецификация_авто!$L$34,"")) | AH31: =IF(AG31="","",COUNTIF($AG$4:AG31,"?*"))
A32: Модуль | B32: — | C32: уточнить-Z | D32: Z | E32: 8 | F32: датчики | G32: Модель уточнить | M32: шт. | N32: =IF(OR(A32="Автомат",A32="Дифавтомат"),IF(W32="","",COUNTIF(Однолинейка!$H$3:$H$1000,U32)),IF(A32="Аппарат",IF(C32="","",COUNTIF(Однолинейка!$I$3:$I$1000,C32)+COUNTIF(Однолинейка!$J$3:$J$1000,C32)+COUNTIF(Однолинейка!$K$3:$K$1000,C32)),IF(A32="Модуль",IF(C32="","",COUNTIFS(Однолинейка!$AW$3:$AW$1000,"?*",Однолинейка!$AI$3:$AI$1000,C32)),IF(A32="Клемма",IF(C32="","",IF(C32=$S$7,SUM(Однолинейка!$BW$3:$BW$1000),IF(C32=$S$8,SUM(Однолинейка!$BX$3:$BX$1000),""))),"")))) | P32: =IF(COUNT(N32,O32)=0,"",SUM(N32,O32)) | R32: =IFERROR(INDEX($AG$4:$AG$43,MATCH(5,$AH$4:$AH$43,0)),"") | U32: =IF(OR(A32="Автомат",A32="Дифавтомат"),I32&" С"&J32&"А"&IF(K32="да"," 30мА",""),"") | V32: =IF(U32="","",B32&"|"&U32) | W32: =IF(AND(U32<>"",OR($S$4="(все)",B32=$S$4),IF($S$4="(все)",COUNTIF($U$4:U32,U32),COUNTIFS($U$4:U32,U32,$B$4:B32,B32))=1),MAX($W$3:W31)+1,"") | X32: =IFERROR(INDEX($U$4:$U$500,MATCH(ROW()-3,$W$4:$W$500,0)),"") | Y32: =IF(AND(A32="Аппарат",C32<>"",OR($S$5="(все)",B32=$S$5)),MAX($Y$3:Y31)+1,"") | Z32: =IFERROR(INDEX($C$4:$C$500,MATCH(ROW()-3,$Y$4:$Y$500,0)),"") | AA32: =IF(AND(A32="Модуль",C32<>"",OR($S$6="(все)",B32=$S$6)),MAX($AA$3:AA31)+1,"") | AB32: =IFERROR(INDEX($C$4:$C$500,MATCH(ROW()-3,$AA$4:$AA$500,0)),"") | AC32: =IF(OR(B32="",COUNTIF($B$4:B32,B32)>1),"",MAX($AC$3:AC31)+1) | AD32: =IFERROR(INDEX($B$4:$B$500,MATCH(ROW()-3,$AC$4:$AC$500,0)),"") | AE32: =IF(AND(A32<>"",N(P32)>0),IFERROR(MATCH(A32,$R$12:$R$25,0),99)*1000+ROW(),"") | AF32: =IF(AE32="","",COUNTIF($AE$4:$AE$500,"<="&AE32)) | AG32: =IF(Спецификация_авто!$L$35="","",IF(COUNTIF($C$4:$C$500,Спецификация_авто!$L$35)=0,Спецификация_авто!$L$35,"")) | AH32: =IF(AG32="","",COUNTIF($AG$4:AG32,"?*"))
A33: Клемма | B33: DKC | C33: VPR-2.5-3L-GY | G33: Клемма трёхуровневая push-in, 6 точек, 2.5 кв.мм | H33: VPR-2.5-3L-GY | M33: шт. | N33: =IF(OR(A33="Автомат",A33="Дифавтомат"),IF(W33="","",COUNTIF(Однолинейка!$H$3:$H$1000,U33)),IF(A33="Аппарат",IF(C33="","",COUNTIF(Однолинейка!$I$3:$I$1000,C33)+COUNTIF(Однолинейка!$J$3:$J$1000,C33)+COUNTIF(Однолинейка!$K$3:$K$1000,C33)),IF(A33="Модуль",IF(C33="","",COUNTIFS(Однолинейка!$AW$3:$AW$1000,"?*",Однолинейка!$AI$3:$AI$1000,C33)),IF(A33="Клемма",IF(C33="","",IF(C33=$S$7,SUM(Однолинейка!$BW$3:$BW$1000),IF(C33=$S$8,SUM(Однолинейка!$BX$3:$BX$1000),""))),"")))) | P33: =IF(COUNT(N33,O33)=0,"",SUM(N33,O33)) | R33: =IFERROR(INDEX($AG$4:$AG$43,MATCH(6,$AH$4:$AH$43,0)),"") | U33: =IF(OR(A33="Автомат",A33="Дифавтомат"),I33&" С"&J33&"А"&IF(K33="да"," 30мА",""),"") | V33: =IF(U33="","",B33&"|"&U33) | W33: =IF(AND(U33<>"",OR($S$4="(все)",B33=$S$4),IF($S$4="(все)",COUNTIF($U$4:U33,U33),COUNTIFS($U$4:U33,U33,$B$4:B33,B33))=1),MAX($W$3:W32)+1,"") | X33: =IFERROR(INDEX($U$4:$U$500,MATCH(ROW()-3,$W$4:$W$500,0)),"") | Y33: =IF(AND(A33="Аппарат",C33<>"",OR($S$5="(все)",B33=$S$5)),MAX($Y$3:Y32)+1,"") | Z33: =IFERROR(INDEX($C$4:$C$500,MATCH(ROW()-3,$Y$4:$Y$500,0)),"") | AA33: =IF(AND(A33="Модуль",C33<>"",OR($S$6="(все)",B33=$S$6)),MAX($AA$3:AA32)+1,"") | AB33: =IFERROR(INDEX($C$4:$C$500,MATCH(ROW()-3,$AA$4:$AA$500,0)),"") | AC33: =IF(OR(B33="",COUNTIF($B$4:B33,B33)>1),"",MAX($AC$3:AC32)+1) | AD33: =IFERROR(INDEX($B$4:$B$500,MATCH(ROW()-3,$AC$4:$AC$500,0)),"") | AE33: =IF(AND(A33<>"",N(P33)>0),IFERROR(MATCH(A33,$R$12:$R$25,0),99)*1000+ROW(),"") | AF33: =IF(AE33="","",COUNTIF($AE$4:$AE$500,"<="&AE33)) | AG33: =IF(Спецификация_авто!$L$36="","",IF(COUNTIF($C$4:$C$500,Спецификация_авто!$L$36)=0,Спецификация_авто!$L$36,"")) | AH33: =IF(AG33="","",COUNTIF($AG$4:AG33,"?*"))
A34: Клемма | B34: DKC | C34: VPR-2.5-QUATTRO-GY | G34: Клемма проходная push-in, 4 точки, 2.5 кв.мм, серая | H34: VPR-2.5-QUATTRO-GY | M34: шт. | N34: =IF(OR(A34="Автомат",A34="Дифавтомат"),IF(W34="","",COUNTIF(Однолинейка!$H$3:$H$1000,U34)),IF(A34="Аппарат",IF(C34="","",COUNTIF(Однолинейка!$I$3:$I$1000,C34)+COUNTIF(Однолинейка!$J$3:$J$1000,C34)+COUNTIF(Однолинейка!$K$3:$K$1000,C34)),IF(A34="Модуль",IF(C34="","",COUNTIFS(Однолинейка!$AW$3:$AW$1000,"?*",Однолинейка!$AI$3:$AI$1000,C34)),IF(A34="Клемма",IF(C34="","",IF(C34=$S$7,SUM(Однолинейка!$BW$3:$BW$1000),IF(C34=$S$8,SUM(Однолинейка!$BX$3:$BX$1000),""))),"")))) | P34: =IF(COUNT(N34,O34)=0,"",SUM(N34,O34)) | R34: =IFERROR(INDEX($AG$4:$AG$43,MATCH(7,$AH$4:$AH$43,0)),"") | U34: =IF(OR(A34="Автомат",A34="Дифавтомат"),I34&" С"&J34&"А"&IF(K34="да"," 30мА",""),"") | V34: =IF(U34="","",B34&"|"&U34) | W34: =IF(AND(U34<>"",OR($S$4="(все)",B34=$S$4),IF($S$4="(все)",COUNTIF($U$4:U34,U34),COUNTIFS($U$4:U34,U34,$B$4:B34,B34))=1),MAX($W$3:W33)+1,"") | X34: =IFERROR(INDEX($U$4:$U$500,MATCH(ROW()-3,$W$4:$W$500,0)),"") | Y34: =IF(AND(A34="Аппарат",C34<>"",OR($S$5="(все)",B34=$S$5)),MAX($Y$3:Y33)+1,"") | Z34: =IFERROR(INDEX($C$4:$C$500,MATCH(ROW()-3,$Y$4:$Y$500,0)),"") | AA34: =IF(AND(A34="Модуль",C34<>"",OR($S$6="(все)",B34=$S$6)),MAX($AA$3:AA33)+1,"") | AB34: =IFERROR(INDEX($C$4:$C$500,MATCH(ROW()-3,$AA$4:$AA$500,0)),"") | AC34: =IF(OR(B34="",COUNTIF($B$4:B34,B34)>1),"",MAX($AC$3:AC33)+1) | AD34: =IFERROR(INDEX($B$4:$B$500,MATCH(ROW()-3,$AC$4:$AC$500,0)),"") | AE34: =IF(AND(A34<>"",N(P34)>0),IFERROR(MATCH(A34,$R$12:$R$25,0),99)*1000+ROW(),"") | AF34: =IF(AE34="","",COUNTIF($AE$4:$AE$500,"<="&AE34)) | AG34: =IF(Спецификация_авто!$L$39="","",IF(COUNTIF($C$4:$C$500,Спецификация_авто!$L$39)=0,Спецификация_авто!$L$39,"")) | AH34: =IF(AG34="","",COUNTIF($AG$4:AG34,"?*"))
A35: Клемма | B35: DKC | C35: D-VPR-2.5-3L | G35: Изолятор торцевой для клеммы VPR-2.5-3L | H35: D-VPR-2.5-3L | M35: шт. | N35: =IF(OR(A35="Автомат",A35="Дифавтомат"),IF(W35="","",COUNTIF(Однолинейка!$H$3:$H$1000,U35)),IF(A35="Аппарат",IF(C35="","",COUNTIF(Однолинейка!$I$3:$I$1000,C35)+COUNTIF(Однолинейка!$J$3:$J$1000,C35)+COUNTIF(Однолинейка!$K$3:$K$1000,C35)),IF(A35="Модуль",IF(C35="","",COUNTIFS(Однолинейка!$AW$3:$AW$1000,"?*",Однолинейка!$AI$3:$AI$1000,C35)),IF(A35="Клемма",IF(C35="","",IF(C35=$S$7,SUM(Однолинейка!$BW$3:$BW$1000),IF(C35=$S$8,SUM(Однолинейка!$BX$3:$BX$1000),""))),"")))) | P35: =IF(COUNT(N35,O35)=0,"",SUM(N35,O35)) | R35: =IFERROR(INDEX($AG$4:$AG$43,MATCH(8,$AH$4:$AH$43,0)),"") | U35: =IF(OR(A35="Автомат",A35="Дифавтомат"),I35&" С"&J35&"А"&IF(K35="да"," 30мА",""),"") | V35: =IF(U35="","",B35&"|"&U35) | W35: =IF(AND(U35<>"",OR($S$4="(все)",B35=$S$4),IF($S$4="(все)",COUNTIF($U$4:U35,U35),COUNTIFS($U$4:U35,U35,$B$4:B35,B35))=1),MAX($W$3:W34)+1,"") | X35: =IFERROR(INDEX($U$4:$U$500,MATCH(ROW()-3,$W$4:$W$500,0)),"") | Y35: =IF(AND(A35="Аппарат",C35<>"",OR($S$5="(все)",B35=$S$5)),MAX($Y$3:Y34)+1,"") | Z35: =IFERROR(INDEX($C$4:$C$500,MATCH(ROW()-3,$Y$4:$Y$500,0)),"") | AA35: =IF(AND(A35="Модуль",C35<>"",OR($S$6="(все)",B35=$S$6)),MAX($AA$3:AA34)+1,"") | AB35: =IFERROR(INDEX($C$4:$C$500,MATCH(ROW()-3,$AA$4:$AA$500,0)),"") | AC35: =IF(OR(B35="",COUNTIF($B$4:B35,B35)>1),"",MAX($AC$3:AC34)+1) | AD35: =IFERROR(INDEX($B$4:$B$500,MATCH(ROW()-3,$AC$4:$AC$500,0)),"") | AE35: =IF(AND(A35<>"",N(P35)>0),IFERROR(MATCH(A35,$R$12:$R$25,0),99)*1000+ROW(),"") | AF35: =IF(AE35="","",COUNTIF($AE$4:$AE$500,"<="&AE35)) | AG35: =IF(Спецификация_авто!$L$40="","",IF(COUNTIF($C$4:$C$500,Спецификация_авто!$L$40)=0,Спецификация_авто!$L$40,"")) | AH35: =IF(AG35="","",COUNTIF($AG$4:AG35,"?*"))
A36: Клемма | B36: DKC | C36: VPR-4-GY | G36: Клемма проходная push-in, 2 точки, 4 кв.мм, серая | H36: VPR-4-GY | M36: шт. | N36: =IF(OR(A36="Автомат",A36="Дифавтомат"),IF(W36="","",COUNTIF(Однолинейка!$H$3:$H$1000,U36)),IF(A36="Аппарат",IF(C36="","",COUNTIF(Однолинейка!$I$3:$I$1000,C36)+COUNTIF(Однолинейка!$J$3:$J$1000,C36)+COUNTIF(Однолинейка!$K$3:$K$1000,C36)),IF(A36="Модуль",IF(C36="","",COUNTIFS(Однолинейка!$AW$3:$AW$1000,"?*",Однолинейка!$AI$3:$AI$1000,C36)),IF(A36="Клемма",IF(C36="","",IF(C36=$S$7,SUM(Однолинейка!$BW$3:$BW$1000),IF(C36=$S$8,SUM(Однолинейка!$BX$3:$BX$1000),""))),"")))) | P36: =IF(COUNT(N36,O36)=0,"",SUM(N36,O36)) | R36: =IFERROR(INDEX($AG$4:$AG$43,MATCH(9,$AH$4:$AH$43,0)),"") | U36: =IF(OR(A36="Автомат",A36="Дифавтомат"),I36&" С"&J36&"А"&IF(K36="да"," 30мА",""),"") | V36: =IF(U36="","",B36&"|"&U36) | W36: =IF(AND(U36<>"",OR($S$4="(все)",B36=$S$4),IF($S$4="(все)",COUNTIF($U$4:U36,U36),COUNTIFS($U$4:U36,U36,$B$4:B36,B36))=1),MAX($W$3:W35)+1,"") | X36: =IFERROR(INDEX($U$4:$U$500,MATCH(ROW()-3,$W$4:$W$500,0)),"") | Y36: =IF(AND(A36="Аппарат",C36<>"",OR($S$5="(все)",B36=$S$5)),MAX($Y$3:Y35)+1,"") | Z36: =IFERROR(INDEX($C$4:$C$500,MATCH(ROW()-3,$Y$4:$Y$500,0)),"") | AA36: =IF(AND(A36="Модуль",C36<>"",OR($S$6="(все)",B36=$S$6)),MAX($AA$3:AA35)+1,"") | AB36: =IFERROR(INDEX($C$4:$C$500,MATCH(ROW()-3,$AA$4:$AA$500,0)),"") | AC36: =IF(OR(B36="",COUNTIF($B$4:B36,B36)>1),"",MAX($AC$3:AC35)+1) | AD36: =IFERROR(INDEX($B$4:$B$500,MATCH(ROW()-3,$AC$4:$AC$500,0)),"") | AE36: =IF(AND(A36<>"",N(P36)>0),IFERROR(MATCH(A36,$R$12:$R$25,0),99)*1000+ROW(),"") | AF36: =IF(AE36="","",COUNTIF($AE$4:$AE$500,"<="&AE36)) | AG36: =IF(Спецификация_авто!$L$41="","",IF(COUNTIF($C$4:$C$500,Спецификация_авто!$L$41)=0,Спецификация_авто!$L$41,"")) | AH36: =IF(AG36="","",COUNTIF($AG$4:AG36,"?*"))
A37: Клемма | B37: DKC | C37: VPR-6-GY | G37: Клемма проходная push-in, 2 точки, 6 кв.мм, серая | H37: VPR-6-GY | M37: шт. | N37: =IF(OR(A37="Автомат",A37="Дифавтомат"),IF(W37="","",COUNTIF(Однолинейка!$H$3:$H$1000,U37)),IF(A37="Аппарат",IF(C37="","",COUNTIF(Однолинейка!$I$3:$I$1000,C37)+COUNTIF(Однолинейка!$J$3:$J$1000,C37)+COUNTIF(Однолинейка!$K$3:$K$1000,C37)),IF(A37="Модуль",IF(C37="","",COUNTIFS(Однолинейка!$AW$3:$AW$1000,"?*",Однолинейка!$AI$3:$AI$1000,C37)),IF(A37="Клемма",IF(C37="","",IF(C37=$S$7,SUM(Однолинейка!$BW$3:$BW$1000),IF(C37=$S$8,SUM(Однолинейка!$BX$3:$BX$1000),""))),"")))) | P37: =IF(COUNT(N37,O37)=0,"",SUM(N37,O37)) | R37: =IFERROR(INDEX($AG$4:$AG$43,MATCH(10,$AH$4:$AH$43,0)),"") | U37: =IF(OR(A37="Автомат",A37="Дифавтомат"),I37&" С"&J37&"А"&IF(K37="да"," 30мА",""),"") | V37: =IF(U37="","",B37&"|"&U37) | W37: =IF(AND(U37<>"",OR($S$4="(все)",B37=$S$4),IF($S$4="(все)",COUNTIF($U$4:U37,U37),COUNTIFS($U$4:U37,U37,$B$4:B37,B37))=1),MAX($W$3:W36)+1,"") | X37: =IFERROR(INDEX($U$4:$U$500,MATCH(ROW()-3,$W$4:$W$500,0)),"") | Y37: =IF(AND(A37="Аппарат",C37<>"",OR($S$5="(все)",B37=$S$5)),MAX($Y$3:Y36)+1,"") | Z37: =IFERROR(INDEX($C$4:$C$500,MATCH(ROW()-3,$Y$4:$Y$500,0)),"") | AA37: =IF(AND(A37="Модуль",C37<>"",OR($S$6="(все)",B37=$S$6)),MAX($AA$3:AA36)+1,"") | AB37: =IFERROR(INDEX($C$4:$C$500,MATCH(ROW()-3,$AA$4:$AA$500,0)),"") | AC37: =IF(OR(B37="",COUNTIF($B$4:B37,B37)>1),"",MAX($AC$3:AC36)+1) | AD37: =IFERROR(INDEX($B$4:$B$500,MATCH(ROW()-3,$AC$4:$AC$500,0)),"") | AE37: =IF(AND(A37<>"",N(P37)>0),IFERROR(MATCH(A37,$R$12:$R$25,0),99)*1000+ROW(),"") | AF37: =IF(AE37="","",COUNTIF($AE$4:$AE$500,"<="&AE37)) | AG37: =IF(Спецификация_авто!$L$42="","",IF(COUNTIF($C$4:$C$500,Спецификация_авто!$L$42)=0,Спецификация_авто!$L$42,"")) | AH37: =IF(AG37="","",COUNTIF($AG$4:AG37,"?*"))
A38: Клемма | B38: DKC | C38: VPR-16-GY | G38: Клемма проходная push-in, 2 точки, 16 кв.мм, серая | H38: VPR-16-GY | M38: шт. | N38: =IF(OR(A38="Автомат",A38="Дифавтомат"),IF(W38="","",COUNTIF(Однолинейка!$H$3:$H$1000,U38)),IF(A38="Аппарат",IF(C38="","",COUNTIF(Однолинейка!$I$3:$I$1000,C38)+COUNTIF(Однолинейка!$J$3:$J$1000,C38)+COUNTIF(Однолинейка!$K$3:$K$1000,C38)),IF(A38="Модуль",IF(C38="","",COUNTIFS(Однолинейка!$AW$3:$AW$1000,"?*",Однолинейка!$AI$3:$AI$1000,C38)),IF(A38="Клемма",IF(C38="","",IF(C38=$S$7,SUM(Однолинейка!$BW$3:$BW$1000),IF(C38=$S$8,SUM(Однолинейка!$BX$3:$BX$1000),""))),"")))) | P38: =IF(COUNT(N38,O38)=0,"",SUM(N38,O38)) | U38: =IF(OR(A38="Автомат",A38="Дифавтомат"),I38&" С"&J38&"А"&IF(K38="да"," 30мА",""),"") | V38: =IF(U38="","",B38&"|"&U38) | W38: =IF(AND(U38<>"",OR($S$4="(все)",B38=$S$4),IF($S$4="(все)",COUNTIF($U$4:U38,U38),COUNTIFS($U$4:U38,U38,$B$4:B38,B38))=1),MAX($W$3:W37)+1,"") | X38: =IFERROR(INDEX($U$4:$U$500,MATCH(ROW()-3,$W$4:$W$500,0)),"") | Y38: =IF(AND(A38="Аппарат",C38<>"",OR($S$5="(все)",B38=$S$5)),MAX($Y$3:Y37)+1,"") | Z38: =IFERROR(INDEX($C$4:$C$500,MATCH(ROW()-3,$Y$4:$Y$500,0)),"") | AA38: =IF(AND(A38="Модуль",C38<>"",OR($S$6="(все)",B38=$S$6)),MAX($AA$3:AA37)+1,"") | AB38: =IFERROR(INDEX($C$4:$C$500,MATCH(ROW()-3,$AA$4:$AA$500,0)),"") | AC38: =IF(OR(B38="",COUNTIF($B$4:B38,B38)>1),"",MAX($AC$3:AC37)+1) | AD38: =IFERROR(INDEX($B$4:$B$500,MATCH(ROW()-3,$AC$4:$AC$500,0)),"") | AE38: =IF(AND(A38<>"",N(P38)>0),IFERROR(MATCH(A38,$R$12:$R$25,0),99)*1000+ROW(),"") | AF38: =IF(AE38="","",COUNTIF($AE$4:$AE$500,"<="&AE38)) | AG38: =IF(Спецификация_авто!$L$43="","",IF(COUNTIF($C$4:$C$500,Спецификация_авто!$L$43)=0,Спецификация_авто!$L$43,"")) | AH38: =IF(AG38="","",COUNTIF($AG$4:AG38,"?*"))
A39: Корпус | B39: DKC | C39: R5NKTB84 | G39: Крыша и основание RAL9005 с направляющими для корпусов CQE N, ШхГ 800х400 мм, комплект RAM block | H39: R5NKTB84 | M39: Комплект | N39: =IF(OR(A39="Автомат",A39="Дифавтомат"),IF(W39="","",COUNTIF(Однолинейка!$H$3:$H$1000,U39)),IF(A39="Аппарат",IF(C39="","",COUNTIF(Однолинейка!$I$3:$I$1000,C39)+COUNTIF(Однолинейка!$J$3:$J$1000,C39)+COUNTIF(Однолинейка!$K$3:$K$1000,C39)),IF(A39="Модуль",IF(C39="","",COUNTIFS(Однолинейка!$AW$3:$AW$1000,"?*",Однолинейка!$AI$3:$AI$1000,C39)),IF(A39="Клемма",IF(C39="","",IF(C39=$S$7,SUM(Однолинейка!$BW$3:$BW$1000),IF(C39=$S$8,SUM(Однолинейка!$BX$3:$BX$1000),""))),"")))) | P39: =IF(COUNT(N39,O39)=0,"",SUM(N39,O39)) | U39: =IF(OR(A39="Автомат",A39="Дифавтомат"),I39&" С"&J39&"А"&IF(K39="да"," 30мА",""),"") | V39: =IF(U39="","",B39&"|"&U39) | W39: =IF(AND(U39<>"",OR($S$4="(все)",B39=$S$4),IF($S$4="(все)",COUNTIF($U$4:U39,U39),COUNTIFS($U$4:U39,U39,$B$4:B39,B39))=1),MAX($W$3:W38)+1,"") | X39: =IFERROR(INDEX($U$4:$U$500,MATCH(ROW()-3,$W$4:$W$500,0)),"") | Y39: =IF(AND(A39="Аппарат",C39<>"",OR($S$5="(все)",B39=$S$5)),MAX($Y$3:Y38)+1,"") | Z39: =IFERROR(INDEX($C$4:$C$500,MATCH(ROW()-3,$Y$4:$Y$500,0)),"") | AA39: =IF(AND(A39="Модуль",C39<>"",OR($S$6="(все)",B39=$S$6)),MAX($AA$3:AA38)+1,"") | AB39: =IFERROR(INDEX($C$4:$C$500,MATCH(ROW()-3,$AA$4:$AA$500,0)),"") | AC39: =IF(OR(B39="",COUNTIF($B$4:B39,B39)>1),"",MAX($AC$3:AC38)+1) | AD39: =IFERROR(INDEX($B$4:$B$500,MATCH(ROW()-3,$AC$4:$AC$500,0)),"") | AE39: =IF(AND(A39<>"",N(P39)>0),IFERROR(MATCH(A39,$R$12:$R$25,0),99)*1000+ROW(),"") | AF39: =IF(AE39="","",COUNTIF($AE$4:$AE$500,"<="&AE39)) | AG39: =IF(Спецификация_авто!$L$44="","",IF(COUNTIF($C$4:$C$500,Спецификация_авто!$L$44)=0,Спецификация_авто!$L$44,"")) | AH39: =IF(AG39="","",COUNTIF($AG$4:AG39,"?*"))
A40: Корпус | B40: DKC | C40: R5NKMN18 | G40: Стойки вертикальные RAL7035 для корпусов CQE N, В=1800 мм, комплект - 4 шт. RAM block | H40: R5NKMN18 | M40: Комплект | N40: =IF(OR(A40="Автомат",A40="Дифавтомат"),IF(W40="","",COUNTIF(Однолинейка!$H$3:$H$1000,U40)),IF(A40="Аппарат",IF(C40="","",COUNTIF(Однолинейка!$I$3:$I$1000,C40)+COUNTIF(Однолинейка!$J$3:$J$1000,C40)+COUNTIF(Однолинейка!$K$3:$K$1000,C40)),IF(A40="Модуль",IF(C40="","",COUNTIFS(Однолинейка!$AW$3:$AW$1000,"?*",Однолинейка!$AI$3:$AI$1000,C40)),IF(A40="Клемма",IF(C40="","",IF(C40=$S$7,SUM(Однолинейка!$BW$3:$BW$1000),IF(C40=$S$8,SUM(Однолинейка!$BX$3:$BX$1000),""))),"")))) | P40: =IF(COUNT(N40,O40)=0,"",SUM(N40,O40)) | U40: =IF(OR(A40="Автомат",A40="Дифавтомат"),I40&" С"&J40&"А"&IF(K40="да"," 30мА",""),"") | V40: =IF(U40="","",B40&"|"&U40) | W40: =IF(AND(U40<>"",OR($S$4="(все)",B40=$S$4),IF($S$4="(все)",COUNTIF($U$4:U40,U40),COUNTIFS($U$4:U40,U40,$B$4:B40,B40))=1),MAX($W$3:W39)+1,"") | X40: =IFERROR(INDEX($U$4:$U$500,MATCH(ROW()-3,$W$4:$W$500,0)),"") | Y40: =IF(AND(A40="Аппарат",C40<>"",OR($S$5="(все)",B40=$S$5)),MAX($Y$3:Y39)+1,"") | Z40: =IFERROR(INDEX($C$4:$C$500,MATCH(ROW()-3,$Y$4:$Y$500,0)),"") | AA40: =IF(AND(A40="Модуль",C40<>"",OR($S$6="(все)",B40=$S$6)),MAX($AA$3:AA39)+1,"") | AB40: =IFERROR(INDEX($C$4:$C$500,MATCH(ROW()-3,$AA$4:$AA$500,0)),"") | AC40: =IF(OR(B40="",COUNTIF($B$4:B40,B40)>1),"",MAX($AC$3:AC39)+1) | AD40: =IFERROR(INDEX($B$4:$B$500,MATCH(ROW()-3,$AC$4:$AC$500,0)),"") | AE40: =IF(AND(A40<>"",N(P40)>0),IFERROR(MATCH(A40,$R$12:$R$25,0),99)*1000+ROW(),"") | AF40: =IF(AE40="","",COUNTIF($AE$4:$AE$500,"<="&AE40)) | AG40: =IF(Спецификация_авто!$L$45="","",IF(COUNTIF($C$4:$C$500,Спецификация_авто!$L$45)=0,Спецификация_авто!$L$45,"")) | AH40: =IF(AG40="","",COUNTIF($AG$4:AG40,"?*"))
A41: Корпус | B41: DKC | C41: R5NCPTE1880 | G41: Дверь стеклянная для корпусов CQE N, ВхШ 1800x800 мм RAM block | H41: R5NCPTE1880 | M41: Комплект | N41: =IF(OR(A41="Автомат",A41="Дифавтомат"),IF(W41="","",COUNTIF(Однолинейка!$H$3:$H$1000,U41)),IF(A41="Аппарат",IF(C41="","",COUNTIF(Однолинейка!$I$3:$I$1000,C41)+COUNTIF(Однолинейка!$J$3:$J$1000,C41)+COUNTIF(Однолинейка!$K$3:$K$1000,C41)),IF(A41="Модуль",IF(C41="","",COUNTIFS(Однолинейка!$AW$3:$AW$1000,"?*",Однолинейка!$AI$3:$AI$1000,C41)),IF(A41="Клемма",IF(C41="","",IF(C41=$S$7,SUM(Однолинейка!$BW$3:$BW$1000),IF(C41=$S$8,SUM(Однолинейка!$BX$3:$BX$1000),""))),"")))) | P41: =IF(COUNT(N41,O41)=0,"",SUM(N41,O41)) | U41: =IF(OR(A41="Автомат",A41="Дифавтомат"),I41&" С"&J41&"А"&IF(K41="да"," 30мА",""),"") | V41: =IF(U41="","",B41&"|"&U41) | W41: =IF(AND(U41<>"",OR($S$4="(все)",B41=$S$4),IF($S$4="(все)",COUNTIF($U$4:U41,U41),COUNTIFS($U$4:U41,U41,$B$4:B41,B41))=1),MAX($W$3:W40)+1,"") | X41: =IFERROR(INDEX($U$4:$U$500,MATCH(ROW()-3,$W$4:$W$500,0)),"") | Y41: =IF(AND(A41="Аппарат",C41<>"",OR($S$5="(все)",B41=$S$5)),MAX($Y$3:Y40)+1,"") | Z41: =IFERROR(INDEX($C$4:$C$500,MATCH(ROW()-3,$Y$4:$Y$500,0)),"") | AA41: =IF(AND(A41="Модуль",C41<>"",OR($S$6="(все)",B41=$S$6)),MAX($AA$3:AA40)+1,"") | AB41: =IFERROR(INDEX($C$4:$C$500,MATCH(ROW()-3,$AA$4:$AA$500,0)),"") | AC41: =IF(OR(B41="",COUNTIF($B$4:B41,B41)>1),"",MAX($AC$3:AC40)+1) | AD41: =IFERROR(INDEX($B$4:$B$500,MATCH(ROW()-3,$AC$4:$AC$500,0)),"") | AE41: =IF(AND(A41<>"",N(P41)>0),IFERROR(MATCH(A41,$R$12:$R$25,0),99)*1000+ROW(),"") | AF41: =IF(AE41="","",COUNTIF($AE$4:$AE$500,"<="&AE41)) | AG41: =IF(Спецификация_авто!$L$46="","",IF(COUNTIF($C$4:$C$500,Спецификация_авто!$L$46)=0,Спецификация_авто!$L$46,"")) | AH41: =IF(AG41="","",COUNTIF($AG$4:AG41,"?*"))
A42: Корпус | B42: DKC | C42: R5NCRE1880 | G42: Панель задняя для корпусов CQE N, ВхШ 1800х800 мм RAM block | H42: R5NCRE1880 | M42: Комплект | N42: =IF(OR(A42="Автомат",A42="Дифавтомат"),IF(W42="","",COUNTIF(Однолинейка!$H$3:$H$1000,U42)),IF(A42="Аппарат",IF(C42="","",COUNTIF(Однолинейка!$I$3:$I$1000,C42)+COUNTIF(Однолинейка!$J$3:$J$1000,C42)+COUNTIF(Однолинейка!$K$3:$K$1000,C42)),IF(A42="Модуль",IF(C42="","",COUNTIFS(Однолинейка!$AW$3:$AW$1000,"?*",Однолинейка!$AI$3:$AI$1000,C42)),IF(A42="Клемма",IF(C42="","",IF(C42=$S$7,SUM(Однолинейка!$BW$3:$BW$1000),IF(C42=$S$8,SUM(Однолинейка!$BX$3:$BX$1000),""))),"")))) | P42: =IF(COUNT(N42,O42)=0,"",SUM(N42,O42)) | U42: =IF(OR(A42="Автомат",A42="Дифавтомат"),I42&" С"&J42&"А"&IF(K42="да"," 30мА",""),"") | V42: =IF(U42="","",B42&"|"&U42) | W42: =IF(AND(U42<>"",OR($S$4="(все)",B42=$S$4),IF($S$4="(все)",COUNTIF($U$4:U42,U42),COUNTIFS($U$4:U42,U42,$B$4:B42,B42))=1),MAX($W$3:W41)+1,"") | X42: =IFERROR(INDEX($U$4:$U$500,MATCH(ROW()-3,$W$4:$W$500,0)),"") | Y42: =IF(AND(A42="Аппарат",C42<>"",OR($S$5="(все)",B42=$S$5)),MAX($Y$3:Y41)+1,"") | Z42: =IFERROR(INDEX($C$4:$C$500,MATCH(ROW()-3,$Y$4:$Y$500,0)),"") | AA42: =IF(AND(A42="Модуль",C42<>"",OR($S$6="(все)",B42=$S$6)),MAX($AA$3:AA41)+1,"") | AB42: =IFERROR(INDEX($C$4:$C$500,MATCH(ROW()-3,$AA$4:$AA$500,0)),"") | AC42: =IF(OR(B42="",COUNTIF($B$4:B42,B42)>1),"",MAX($AC$3:AC41)+1) | AD42: =IFERROR(INDEX($B$4:$B$500,MATCH(ROW()-3,$AC$4:$AC$500,0)),"") | AE42: =IF(AND(A42<>"",N(P42)>0),IFERROR(MATCH(A42,$R$12:$R$25,0),99)*1000+ROW(),"") | AF42: =IF(AE42="","",COUNTIF($AE$4:$AE$500,"<="&AE42)) | AG42: =IF(Спецификация_авто!$L$47="","",IF(COUNTIF($C$4:$C$500,Спецификация_авто!$L$47)=0,Спецификация_авто!$L$47,"")) | AH42: =IF(AG42="","",COUNTIF($AG$4:AG42,"?*"))
A43: Корпус | B43: DKC | C43: R5NBP02B | G43: Углы цоколя с пластиковыми заглушками для корпусов CQE & CQE N, В=200 мм, RAL9005, комплект - 4 шт. RAM block | H43: R5NBP02B | M43: Комплект | N43: =IF(OR(A43="Автомат",A43="Дифавтомат"),IF(W43="","",COUNTIF(Однолинейка!$H$3:$H$1000,U43)),IF(A43="Аппарат",IF(C43="","",COUNTIF(Однолинейка!$I$3:$I$1000,C43)+COUNTIF(Однолинейка!$J$3:$J$1000,C43)+COUNTIF(Однолинейка!$K$3:$K$1000,C43)),IF(A43="Модуль",IF(C43="","",COUNTIFS(Однолинейка!$AW$3:$AW$1000,"?*",Однолинейка!$AI$3:$AI$1000,C43)),IF(A43="Клемма",IF(C43="","",IF(C43=$S$7,SUM(Однолинейка!$BW$3:$BW$1000),IF(C43=$S$8,SUM(Однолинейка!$BX$3:$BX$1000),""))),"")))) | P43: =IF(COUNT(N43,O43)=0,"",SUM(N43,O43)) | U43: =IF(OR(A43="Автомат",A43="Дифавтомат"),I43&" С"&J43&"А"&IF(K43="да"," 30мА",""),"") | V43: =IF(U43="","",B43&"|"&U43) | W43: =IF(AND(U43<>"",OR($S$4="(все)",B43=$S$4),IF($S$4="(все)",COUNTIF($U$4:U43,U43),COUNTIFS($U$4:U43,U43,$B$4:B43,B43))=1),MAX($W$3:W42)+1,"") | X43: =IFERROR(INDEX($U$4:$U$500,MATCH(ROW()-3,$W$4:$W$500,0)),"") | Y43: =IF(AND(A43="Аппарат",C43<>"",OR($S$5="(все)",B43=$S$5)),MAX($Y$3:Y42)+1,"") | Z43: =IFERROR(INDEX($C$4:$C$500,MATCH(ROW()-3,$Y$4:$Y$500,0)),"") | AA43: =IF(AND(A43="Модуль",C43<>"",OR($S$6="(все)",B43=$S$6)),MAX($AA$3:AA42)+1,"") | AB43: =IFERROR(INDEX($C$4:$C$500,MATCH(ROW()-3,$AA$4:$AA$500,0)),"") | AC43: =IF(OR(B43="",COUNTIF($B$4:B43,B43)>1),"",MAX($AC$3:AC42)+1) | AD43: =IFERROR(INDEX($B$4:$B$500,MATCH(ROW()-3,$AC$4:$AC$500,0)),"") | AE43: =IF(AND(A43<>"",N(P43)>0),IFERROR(MATCH(A43,$R$12:$R$25,0),99)*1000+ROW(),"") | AF43: =IF(AE43="","",COUNTIF($AE$4:$AE$500,"<="&AE43)) | AG43: =IF(Спецификация_авто!$L$48="","",IF(COUNTIF($C$4:$C$500,Спецификация_авто!$L$48)=0,Спецификация_авто!$L$48,"")) | AH43: =IF(AG43="","",COUNTIF($AG$4:AG43,"?*"))
A44: Корпус | B44: DKC | C44: R5NFPB82 | G44: Панели цоколя для корпусов CQE & CQE N, ШхГ 800 мм, В=200 мм, RAL9005, комплект - 2 шт. RAM block | H44: R5NFPB82 | M44: Комплект | N44: =IF(OR(A44="Автомат",A44="Дифавтомат"),IF(W44="","",COUNTIF(Однолинейка!$H$3:$H$1000,U44)),IF(A44="Аппарат",IF(C44="","",COUNTIF(Однолинейка!$I$3:$I$1000,C44)+COUNTIF(Однолинейка!$J$3:$J$1000,C44)+COUNTIF(Однолинейка!$K$3:$K$1000,C44)),IF(A44="Модуль",IF(C44="","",COUNTIFS(Однолинейка!$AW$3:$AW$1000,"?*",Однолинейка!$AI$3:$AI$1000,C44)),IF(A44="Клемма",IF(C44="","",IF(C44=$S$7,SUM(Однолинейка!$BW$3:$BW$1000),IF(C44=$S$8,SUM(Однолинейка!$BX$3:$BX$1000),""))),"")))) | P44: =IF(COUNT(N44,O44)=0,"",SUM(N44,O44)) | U44: =IF(OR(A44="Автомат",A44="Дифавтомат"),I44&" С"&J44&"А"&IF(K44="да"," 30мА",""),"") | V44: =IF(U44="","",B44&"|"&U44) | W44: =IF(AND(U44<>"",OR($S$4="(все)",B44=$S$4),IF($S$4="(все)",COUNTIF($U$4:U44,U44),COUNTIFS($U$4:U44,U44,$B$4:B44,B44))=1),MAX($W$3:W43)+1,"") | X44: =IFERROR(INDEX($U$4:$U$500,MATCH(ROW()-3,$W$4:$W$500,0)),"") | Y44: =IF(AND(A44="Аппарат",C44<>"",OR($S$5="(все)",B44=$S$5)),MAX($Y$3:Y43)+1,"") | Z44: =IFERROR(INDEX($C$4:$C$500,MATCH(ROW()-3,$Y$4:$Y$500,0)),"") | AA44: =IF(AND(A44="Модуль",C44<>"",OR($S$6="(все)",B44=$S$6)),MAX($AA$3:AA43)+1,"") | AB44: =IFERROR(INDEX($C$4:$C$500,MATCH(ROW()-3,$AA$4:$AA$500,0)),"") | AC44: =IF(OR(B44="",COUNTIF($B$4:B44,B44)>1),"",MAX($AC$3:AC43)+1) | AD44: =IFERROR(INDEX($B$4:$B$500,MATCH(ROW()-3,$AC$4:$AC$500,0)),"") | AE44: =IF(AND(A44<>"",N(P44)>0),IFERROR(MATCH(A44,$R$12:$R$25,0),99)*1000+ROW(),"") | AF44: =IF(AE44="","",COUNTIF($AE$4:$AE$500,"<="&AE44))
A45: Корпус | B45: DKC | C45: R5NKFP02 | G45: Фиксатор панели цоколя R5NFP, R5NFPB для корпусов CQE & CQE N, комплект - 4 шт. RAM block | H45: R5NKFP02 | M45: Комплект | N45: =IF(OR(A45="Автомат",A45="Дифавтомат"),IF(W45="","",COUNTIF(Однолинейка!$H$3:$H$1000,U45)),IF(A45="Аппарат",IF(C45="","",COUNTIF(Однолинейка!$I$3:$I$1000,C45)+COUNTIF(Однолинейка!$J$3:$J$1000,C45)+COUNTIF(Однолинейка!$K$3:$K$1000,C45)),IF(A45="Модуль",IF(C45="","",COUNTIFS(Однолинейка!$AW$3:$AW$1000,"?*",Однолинейка!$AI$3:$AI$1000,C45)),IF(A45="Клемма",IF(C45="","",IF(C45=$S$7,SUM(Однолинейка!$BW$3:$BW$1000),IF(C45=$S$8,SUM(Однолинейка!$BX$3:$BX$1000),""))),"")))) | P45: =IF(COUNT(N45,O45)=0,"",SUM(N45,O45)) | U45: =IF(OR(A45="Автомат",A45="Дифавтомат"),I45&" С"&J45&"А"&IF(K45="да"," 30мА",""),"") | V45: =IF(U45="","",B45&"|"&U45) | W45: =IF(AND(U45<>"",OR($S$4="(все)",B45=$S$4),IF($S$4="(все)",COUNTIF($U$4:U45,U45),COUNTIFS($U$4:U45,U45,$B$4:B45,B45))=1),MAX($W$3:W44)+1,"") | X45: =IFERROR(INDEX($U$4:$U$500,MATCH(ROW()-3,$W$4:$W$500,0)),"") | Y45: =IF(AND(A45="Аппарат",C45<>"",OR($S$5="(все)",B45=$S$5)),MAX($Y$3:Y44)+1,"") | Z45: =IFERROR(INDEX($C$4:$C$500,MATCH(ROW()-3,$Y$4:$Y$500,0)),"") | AA45: =IF(AND(A45="Модуль",C45<>"",OR($S$6="(все)",B45=$S$6)),MAX($AA$3:AA44)+1,"") | AB45: =IFERROR(INDEX($C$4:$C$500,MATCH(ROW()-3,$AA$4:$AA$500,0)),"") | AC45: =IF(OR(B45="",COUNTIF($B$4:B45,B45)>1),"",MAX($AC$3:AC44)+1) | AD45: =IFERROR(INDEX($B$4:$B$500,MATCH(ROW()-3,$AC$4:$AC$500,0)),"") | AE45: =IF(AND(A45<>"",N(P45)>0),IFERROR(MATCH(A45,$R$12:$R$25,0),99)*1000+ROW(),"") | AF45: =IF(AE45="","",COUNTIF($AE$4:$AE$500,"<="&AE45))
A46: Корпус | B46: DKC | C46: R5NPDF800 | G46: Рейка широкая поперечная для корпусов CQE & CQE N, Ш=800 мм, упаковка - 4 шт. RAM block | H46: R5NPDF800 | M46: Упаковка | N46: =IF(OR(A46="Автомат",A46="Дифавтомат"),IF(W46="","",COUNTIF(Однолинейка!$H$3:$H$1000,U46)),IF(A46="Аппарат",IF(C46="","",COUNTIF(Однолинейка!$I$3:$I$1000,C46)+COUNTIF(Однолинейка!$J$3:$J$1000,C46)+COUNTIF(Однолинейка!$K$3:$K$1000,C46)),IF(A46="Модуль",IF(C46="","",COUNTIFS(Однолинейка!$AW$3:$AW$1000,"?*",Однолинейка!$AI$3:$AI$1000,C46)),IF(A46="Клемма",IF(C46="","",IF(C46=$S$7,SUM(Однолинейка!$BW$3:$BW$1000),IF(C46=$S$8,SUM(Однолинейка!$BX$3:$BX$1000),""))),"")))) | P46: =IF(COUNT(N46,O46)=0,"",SUM(N46,O46)) | U46: =IF(OR(A46="Автомат",A46="Дифавтомат"),I46&" С"&J46&"А"&IF(K46="да"," 30мА",""),"") | V46: =IF(U46="","",B46&"|"&U46) | W46: =IF(AND(U46<>"",OR($S$4="(все)",B46=$S$4),IF($S$4="(все)",COUNTIF($U$4:U46,U46),COUNTIFS($U$4:U46,U46,$B$4:B46,B46))=1),MAX($W$3:W45)+1,"") | X46: =IFERROR(INDEX($U$4:$U$500,MATCH(ROW()-3,$W$4:$W$500,0)),"") | Y46: =IF(AND(A46="Аппарат",C46<>"",OR($S$5="(все)",B46=$S$5)),MAX($Y$3:Y45)+1,"") | Z46: =IFERROR(INDEX($C$4:$C$500,MATCH(ROW()-3,$Y$4:$Y$500,0)),"") | AA46: =IF(AND(A46="Модуль",C46<>"",OR($S$6="(все)",B46=$S$6)),MAX($AA$3:AA45)+1,"") | AB46: =IFERROR(INDEX($C$4:$C$500,MATCH(ROW()-3,$AA$4:$AA$500,0)),"") | AC46: =IF(OR(B46="",COUNTIF($B$4:B46,B46)>1),"",MAX($AC$3:AC45)+1) | AD46: =IFERROR(INDEX($B$4:$B$500,MATCH(ROW()-3,$AC$4:$AC$500,0)),"") | AE46: =IF(AND(A46<>"",N(P46)>0),IFERROR(MATCH(A46,$R$12:$R$25,0),99)*1000+ROW(),"") | AF46: =IF(AE46="","",COUNTIF($AE$4:$AE$500,"<="&AE46))
A47: Корпус | B47: DKC | C47: R5NPAC800 | G47: Рейка для фиксации кабеля для корпусов CQE N, Ш=800 мм, упаковка - 2 шт. RAM block | H47: R5NPAC800 | M47: Упаковка | N47: =IF(OR(A47="Автомат",A47="Дифавтомат"),IF(W47="","",COUNTIF(Однолинейка!$H$3:$H$1000,U47)),IF(A47="Аппарат",IF(C47="","",COUNTIF(Однолинейка!$I$3:$I$1000,C47)+COUNTIF(Однолинейка!$J$3:$J$1000,C47)+COUNTIF(Однолинейка!$K$3:$K$1000,C47)),IF(A47="Модуль",IF(C47="","",COUNTIFS(Однолинейка!$AW$3:$AW$1000,"?*",Однолинейка!$AI$3:$AI$1000,C47)),IF(A47="Клемма",IF(C47="","",IF(C47=$S$7,SUM(Однолинейка!$BW$3:$BW$1000),IF(C47=$S$8,SUM(Однолинейка!$BX$3:$BX$1000),""))),"")))) | P47: =IF(COUNT(N47,O47)=0,"",SUM(N47,O47)) | U47: =IF(OR(A47="Автомат",A47="Дифавтомат"),I47&" С"&J47&"А"&IF(K47="да"," 30мА",""),"") | V47: =IF(U47="","",B47&"|"&U47) | W47: =IF(AND(U47<>"",OR($S$4="(все)",B47=$S$4),IF($S$4="(все)",COUNTIF($U$4:U47,U47),COUNTIFS($U$4:U47,U47,$B$4:B47,B47))=1),MAX($W$3:W46)+1,"") | X47: =IFERROR(INDEX($U$4:$U$500,MATCH(ROW()-3,$W$4:$W$500,0)),"") | Y47: =IF(AND(A47="Аппарат",C47<>"",OR($S$5="(все)",B47=$S$5)),MAX($Y$3:Y46)+1,"") | Z47: =IFERROR(INDEX($C$4:$C$500,MATCH(ROW()-3,$Y$4:$Y$500,0)),"") | AA47: =IF(AND(A47="Модуль",C47<>"",OR($S$6="(все)",B47=$S$6)),MAX($AA$3:AA46)+1,"") | AB47: =IFERROR(INDEX($C$4:$C$500,MATCH(ROW()-3,$AA$4:$AA$500,0)),"") | AC47: =IF(OR(B47="",COUNTIF($B$4:B47,B47)>1),"",MAX($AC$3:AC46)+1) | AD47: =IFERROR(INDEX($B$4:$B$500,MATCH(ROW()-3,$AC$4:$AC$500,0)),"") | AE47: =IF(AND(A47<>"",N(P47)>0),IFERROR(MATCH(A47,$R$12:$R$25,0),99)*1000+ROW(),"") | AF47: =IF(AE47="","",COUNTIF($AE$4:$AE$500,"<="&AE47))
A48: Корпус | B48: DKC | C48: R5NPDV18 | G48: Рейки широкие вертикальные для корпусов CQE N, В=1800 мм, упаковка - 2 шт. RAM block | H48: R5NPDV18 | M48: Комплект | N48: =IF(OR(A48="Автомат",A48="Дифавтомат"),IF(W48="","",COUNTIF(Однолинейка!$H$3:$H$1000,U48)),IF(A48="Аппарат",IF(C48="","",COUNTIF(Однолинейка!$I$3:$I$1000,C48)+COUNTIF(Однолинейка!$J$3:$J$1000,C48)+COUNTIF(Однолинейка!$K$3:$K$1000,C48)),IF(A48="Модуль",IF(C48="","",COUNTIFS(Однолинейка!$AW$3:$AW$1000,"?*",Однолинейка!$AI$3:$AI$1000,C48)),IF(A48="Клемма",IF(C48="","",IF(C48=$S$7,SUM(Однолинейка!$BW$3:$BW$1000),IF(C48=$S$8,SUM(Однолинейка!$BX$3:$BX$1000),""))),"")))) | P48: =IF(COUNT(N48,O48)=0,"",SUM(N48,O48)) | U48: =IF(OR(A48="Автомат",A48="Дифавтомат"),I48&" С"&J48&"А"&IF(K48="да"," 30мА",""),"") | V48: =IF(U48="","",B48&"|"&U48) | W48: =IF(AND(U48<>"",OR($S$4="(все)",B48=$S$4),IF($S$4="(все)",COUNTIF($U$4:U48,U48),COUNTIFS($U$4:U48,U48,$B$4:B48,B48))=1),MAX($W$3:W47)+1,"") | X48: =IFERROR(INDEX($U$4:$U$500,MATCH(ROW()-3,$W$4:$W$500,0)),"") | Y48: =IF(AND(A48="Аппарат",C48<>"",OR($S$5="(все)",B48=$S$5)),MAX($Y$3:Y47)+1,"") | Z48: =IFERROR(INDEX($C$4:$C$500,MATCH(ROW()-3,$Y$4:$Y$500,0)),"") | AA48: =IF(AND(A48="Модуль",C48<>"",OR($S$6="(все)",B48=$S$6)),MAX($AA$3:AA47)+1,"") | AB48: =IFERROR(INDEX($C$4:$C$500,MATCH(ROW()-3,$AA$4:$AA$500,0)),"") | AC48: =IF(OR(B48="",COUNTIF($B$4:B48,B48)>1),"",MAX($AC$3:AC47)+1) | AD48: =IFERROR(INDEX($B$4:$B$500,MATCH(ROW()-3,$AC$4:$AC$500,0)),"") | AE48: =IF(AND(A48<>"",N(P48)>0),IFERROR(MATCH(A48,$R$12:$R$25,0),99)*1000+ROW(),"") | AF48: =IF(AE48="","",COUNTIF($AE$4:$AE$500,"<="&AE48))
A49: Корпус | B49: DKC | C49: R5ES01 | G49: Комплект кабелей заземления CQE RAM block | H49: R5ES01 | M49: Комплект | N49: =IF(OR(A49="Автомат",A49="Дифавтомат"),IF(W49="","",COUNTIF(Однолинейка!$H$3:$H$1000,U49)),IF(A49="Аппарат",IF(C49="","",COUNTIF(Однолинейка!$I$3:$I$1000,C49)+COUNTIF(Однолинейка!$J$3:$J$1000,C49)+COUNTIF(Однолинейка!$K$3:$K$1000,C49)),IF(A49="Модуль",IF(C49="","",COUNTIFS(Однолинейка!$AW$3:$AW$1000,"?*",Однолинейка!$AI$3:$AI$1000,C49)),IF(A49="Клемма",IF(C49="","",IF(C49=$S$7,SUM(Однолинейка!$BW$3:$BW$1000),IF(C49=$S$8,SUM(Однолинейка!$BX$3:$BX$1000),""))),"")))) | P49: =IF(COUNT(N49,O49)=0,"",SUM(N49,O49)) | U49: =IF(OR(A49="Автомат",A49="Дифавтомат"),I49&" С"&J49&"А"&IF(K49="да"," 30мА",""),"") | V49: =IF(U49="","",B49&"|"&U49) | W49: =IF(AND(U49<>"",OR($S$4="(все)",B49=$S$4),IF($S$4="(все)",COUNTIF($U$4:U49,U49),COUNTIFS($U$4:U49,U49,$B$4:B49,B49))=1),MAX($W$3:W48)+1,"") | X49: =IFERROR(INDEX($U$4:$U$500,MATCH(ROW()-3,$W$4:$W$500,0)),"") | Y49: =IF(AND(A49="Аппарат",C49<>"",OR($S$5="(все)",B49=$S$5)),MAX($Y$3:Y48)+1,"") | Z49: =IFERROR(INDEX($C$4:$C$500,MATCH(ROW()-3,$Y$4:$Y$500,0)),"") | AA49: =IF(AND(A49="Модуль",C49<>"",OR($S$6="(все)",B49=$S$6)),MAX($AA$3:AA48)+1,"") | AB49: =IFERROR(INDEX($C$4:$C$500,MATCH(ROW()-3,$AA$4:$AA$500,0)),"") | AC49: =IF(OR(B49="",COUNTIF($B$4:B49,B49)>1),"",MAX($AC$3:AC48)+1) | AD49: =IFERROR(INDEX($B$4:$B$500,MATCH(ROW()-3,$AC$4:$AC$500,0)),"") | AE49: =IF(AND(A49<>"",N(P49)>0),IFERROR(MATCH(A49,$R$12:$R$25,0),99)*1000+ROW(),"") | AF49: =IF(AE49="","",COUNTIF($AE$4:$AE$500,"<="&AE49))
A50: Корпус | B50: DKC | C50: R5PP01 | G50: П-образный профиль для защиты кромок, для дверей и панелей RAM block | H50: R5PP01 | M50: Метр | N50: =IF(OR(A50="Автомат",A50="Дифавтомат"),IF(W50="","",COUNTIF(Однолинейка!$H$3:$H$1000,U50)),IF(A50="Аппарат",IF(C50="","",COUNTIF(Однолинейка!$I$3:$I$1000,C50)+COUNTIF(Однолинейка!$J$3:$J$1000,C50)+COUNTIF(Однолинейка!$K$3:$K$1000,C50)),IF(A50="Модуль",IF(C50="","",COUNTIFS(Однолинейка!$AW$3:$AW$1000,"?*",Однолинейка!$AI$3:$AI$1000,C50)),IF(A50="Клемма",IF(C50="","",IF(C50=$S$7,SUM(Однолинейка!$BW$3:$BW$1000),IF(C50=$S$8,SUM(Однолинейка!$BX$3:$BX$1000),""))),"")))) | P50: =IF(COUNT(N50,O50)=0,"",SUM(N50,O50)) | U50: =IF(OR(A50="Автомат",A50="Дифавтомат"),I50&" С"&J50&"А"&IF(K50="да"," 30мА",""),"") | V50: =IF(U50="","",B50&"|"&U50) | W50: =IF(AND(U50<>"",OR($S$4="(все)",B50=$S$4),IF($S$4="(все)",COUNTIF($U$4:U50,U50),COUNTIFS($U$4:U50,U50,$B$4:B50,B50))=1),MAX($W$3:W49)+1,"") | X50: =IFERROR(INDEX($U$4:$U$500,MATCH(ROW()-3,$W$4:$W$500,0)),"") | Y50: =IF(AND(A50="Аппарат",C50<>"",OR($S$5="(все)",B50=$S$5)),MAX($Y$3:Y49)+1,"") | Z50: =IFERROR(INDEX($C$4:$C$500,MATCH(ROW()-3,$Y$4:$Y$500,0)),"") | AA50: =IF(AND(A50="Модуль",C50<>"",OR($S$6="(все)",B50=$S$6)),MAX($AA$3:AA49)+1,"") | AB50: =IFERROR(INDEX($C$4:$C$500,MATCH(ROW()-3,$AA$4:$AA$500,0)),"") | AC50: =IF(OR(B50="",COUNTIF($B$4:B50,B50)>1),"",MAX($AC$3:AC49)+1) | AD50: =IFERROR(INDEX($B$4:$B$500,MATCH(ROW()-3,$AC$4:$AC$500,0)),"") | AE50: =IF(AND(A50<>"",N(P50)>0),IFERROR(MATCH(A50,$R$12:$R$25,0),99)*1000+ROW(),"") | AF50: =IF(AE50="","",COUNTIF($AE$4:$AE$500,"<="&AE50))
A51: Корпус | B51: DKC | C51: R5MC131 | G51: Концевой выключатель с двумя контактами, нормально открытый + нормально закрытый (NO+NC). С поворотным регулируемым рычажным роликом | H51: R5MC131 | M51: шт. | N51: =IF(OR(A51="Автомат",A51="Дифавтомат"),IF(W51="","",COUNTIF(Однолинейка!$H$3:$H$1000,U51)),IF(A51="Аппарат",IF(C51="","",COUNTIF(Однолинейка!$I$3:$I$1000,C51)+COUNTIF(Однолинейка!$J$3:$J$1000,C51)+COUNTIF(Однолинейка!$K$3:$K$1000,C51)),IF(A51="Модуль",IF(C51="","",COUNTIFS(Однолинейка!$AW$3:$AW$1000,"?*",Однолинейка!$AI$3:$AI$1000,C51)),IF(A51="Клемма",IF(C51="","",IF(C51=$S$7,SUM(Однолинейка!$BW$3:$BW$1000),IF(C51=$S$8,SUM(Однолинейка!$BX$3:$BX$1000),""))),"")))) | P51: =IF(COUNT(N51,O51)=0,"",SUM(N51,O51)) | U51: =IF(OR(A51="Автомат",A51="Дифавтомат"),I51&" С"&J51&"А"&IF(K51="да"," 30мА",""),"") | V51: =IF(U51="","",B51&"|"&U51) | W51: =IF(AND(U51<>"",OR($S$4="(все)",B51=$S$4),IF($S$4="(все)",COUNTIF($U$4:U51,U51),COUNTIFS($U$4:U51,U51,$B$4:B51,B51))=1),MAX($W$3:W50)+1,"") | X51: =IFERROR(INDEX($U$4:$U$500,MATCH(ROW()-3,$W$4:$W$500,0)),"") | Y51: =IF(AND(A51="Аппарат",C51<>"",OR($S$5="(все)",B51=$S$5)),MAX($Y$3:Y50)+1,"") | Z51: =IFERROR(INDEX($C$4:$C$500,MATCH(ROW()-3,$Y$4:$Y$500,0)),"") | AA51: =IF(AND(A51="Модуль",C51<>"",OR($S$6="(все)",B51=$S$6)),MAX($AA$3:AA50)+1,"") | AB51: =IFERROR(INDEX($C$4:$C$500,MATCH(ROW()-3,$AA$4:$AA$500,0)),"") | AC51: =IF(OR(B51="",COUNTIF($B$4:B51,B51)>1),"",MAX($AC$3:AC50)+1) | AD51: =IFERROR(INDEX($B$4:$B$500,MATCH(ROW()-3,$AC$4:$AC$500,0)),"") | AE51: =IF(AND(A51<>"",N(P51)>0),IFERROR(MATCH(A51,$R$12:$R$25,0),99)*1000+ROW(),"") | AF51: =IF(AE51="","",COUNTIF($AE$4:$AE$500,"<="&AE51))
A52: Корпус | B52: arlight | C52: 042031 | G52: Светодиодная лента COB-X480-4mm 24V Day4000 (4 W/m, IP20, CSP, 5m) (Arlight, -) 042031 | H52: 042031 | M52: шт. | N52: =IF(OR(A52="Автомат",A52="Дифавтомат"),IF(W52="","",COUNTIF(Однолинейка!$H$3:$H$1000,U52)),IF(A52="Аппарат",IF(C52="","",COUNTIF(Однолинейка!$I$3:$I$1000,C52)+COUNTIF(Однолинейка!$J$3:$J$1000,C52)+COUNTIF(Однолинейка!$K$3:$K$1000,C52)),IF(A52="Модуль",IF(C52="","",COUNTIFS(Однолинейка!$AW$3:$AW$1000,"?*",Однолинейка!$AI$3:$AI$1000,C52)),IF(A52="Клемма",IF(C52="","",IF(C52=$S$7,SUM(Однолинейка!$BW$3:$BW$1000),IF(C52=$S$8,SUM(Однолинейка!$BX$3:$BX$1000),""))),"")))) | P52: =IF(COUNT(N52,O52)=0,"",SUM(N52,O52)) | U52: =IF(OR(A52="Автомат",A52="Дифавтомат"),I52&" С"&J52&"А"&IF(K52="да"," 30мА",""),"") | V52: =IF(U52="","",B52&"|"&U52) | W52: =IF(AND(U52<>"",OR($S$4="(все)",B52=$S$4),IF($S$4="(все)",COUNTIF($U$4:U52,U52),COUNTIFS($U$4:U52,U52,$B$4:B52,B52))=1),MAX($W$3:W51)+1,"") | X52: =IFERROR(INDEX($U$4:$U$500,MATCH(ROW()-3,$W$4:$W$500,0)),"") | Y52: =IF(AND(A52="Аппарат",C52<>"",OR($S$5="(все)",B52=$S$5)),MAX($Y$3:Y51)+1,"") | Z52: =IFERROR(INDEX($C$4:$C$500,MATCH(ROW()-3,$Y$4:$Y$500,0)),"") | AA52: =IF(AND(A52="Модуль",C52<>"",OR($S$6="(все)",B52=$S$6)),MAX($AA$3:AA51)+1,"") | AB52: =IFERROR(INDEX($C$4:$C$500,MATCH(ROW()-3,$AA$4:$AA$500,0)),"") | AC52: =IF(OR(B52="",COUNTIF($B$4:B52,B52)>1),"",MAX($AC$3:AC51)+1) | AD52: =IFERROR(INDEX($B$4:$B$500,MATCH(ROW()-3,$AC$4:$AC$500,0)),"") | AE52: =IF(AND(A52<>"",N(P52)>0),IFERROR(MATCH(A52,$R$12:$R$25,0),99)*1000+ROW(),"") | AF52: =IF(AE52="","",COUNTIF($AE$4:$AE$500,"<="&AE52))
A53: Корпус | B53: arlight | C53: 044541 | G53: Профиль: Arlight MIC-M-2000 ANOD, алюминий, накладной, 2 м | H53: 044541 | M53: шт. | N53: =IF(OR(A53="Автомат",A53="Дифавтомат"),IF(W53="","",COUNTIF(Однолинейка!$H$3:$H$1000,U53)),IF(A53="Аппарат",IF(C53="","",COUNTIF(Однолинейка!$I$3:$I$1000,C53)+COUNTIF(Однолинейка!$J$3:$J$1000,C53)+COUNTIF(Однолинейка!$K$3:$K$1000,C53)),IF(A53="Модуль",IF(C53="","",COUNTIFS(Однолинейка!$AW$3:$AW$1000,"?*",Однолинейка!$AI$3:$AI$1000,C53)),IF(A53="Клемма",IF(C53="","",IF(C53=$S$7,SUM(Однолинейка!$BW$3:$BW$1000),IF(C53=$S$8,SUM(Однолинейка!$BX$3:$BX$1000),""))),"")))) | P53: =IF(COUNT(N53,O53)=0,"",SUM(N53,O53)) | U53: =IF(OR(A53="Автомат",A53="Дифавтомат"),I53&" С"&J53&"А"&IF(K53="да"," 30мА",""),"") | V53: =IF(U53="","",B53&"|"&U53) | W53: =IF(AND(U53<>"",OR($S$4="(все)",B53=$S$4),IF($S$4="(все)",COUNTIF($U$4:U53,U53),COUNTIFS($U$4:U53,U53,$B$4:B53,B53))=1),MAX($W$3:W52)+1,"") | X53: =IFERROR(INDEX($U$4:$U$500,MATCH(ROW()-3,$W$4:$W$500,0)),"") | Y53: =IF(AND(A53="Аппарат",C53<>"",OR($S$5="(все)",B53=$S$5)),MAX($Y$3:Y52)+1,"") | Z53: =IFERROR(INDEX($C$4:$C$500,MATCH(ROW()-3,$Y$4:$Y$500,0)),"") | AA53: =IF(AND(A53="Модуль",C53<>"",OR($S$6="(все)",B53=$S$6)),MAX($AA$3:AA52)+1,"") | AB53: =IFERROR(INDEX($C$4:$C$500,MATCH(ROW()-3,$AA$4:$AA$500,0)),"") | AC53: =IF(OR(B53="",COUNTIF($B$4:B53,B53)>1),"",MAX($AC$3:AC52)+1) | AD53: =IFERROR(INDEX($B$4:$B$500,MATCH(ROW()-3,$AC$4:$AC$500,0)),"") | AE53: =IF(AND(A53<>"",N(P53)>0),IFERROR(MATCH(A53,$R$12:$R$25,0),99)*1000+ROW(),"") | AF53: =IF(AE53="","",COUNTIF($AE$4:$AE$500,"<="&AE53))
A54: Корпус | B54: arlight | C54: 012037 | G54: Рассеиватель: Arlight Экран матовый для PDS, MIC, 2 м | H54: 012037 | M54: шт. | N54: =IF(OR(A54="Автомат",A54="Дифавтомат"),IF(W54="","",COUNTIF(Однолинейка!$H$3:$H$1000,U54)),IF(A54="Аппарат",IF(C54="","",COUNTIF(Однолинейка!$I$3:$I$1000,C54)+COUNTIF(Однолинейка!$J$3:$J$1000,C54)+COUNTIF(Однолинейка!$K$3:$K$1000,C54)),IF(A54="Модуль",IF(C54="","",COUNTIFS(Однолинейка!$AW$3:$AW$1000,"?*",Однолинейка!$AI$3:$AI$1000,C54)),IF(A54="Клемма",IF(C54="","",IF(C54=$S$7,SUM(Однолинейка!$BW$3:$BW$1000),IF(C54=$S$8,SUM(Однолинейка!$BX$3:$BX$1000),""))),"")))) | P54: =IF(COUNT(N54,O54)=0,"",SUM(N54,O54)) | U54: =IF(OR(A54="Автомат",A54="Дифавтомат"),I54&" С"&J54&"А"&IF(K54="да"," 30мА",""),"") | V54: =IF(U54="","",B54&"|"&U54) | W54: =IF(AND(U54<>"",OR($S$4="(все)",B54=$S$4),IF($S$4="(все)",COUNTIF($U$4:U54,U54),COUNTIFS($U$4:U54,U54,$B$4:B54,B54))=1),MAX($W$3:W53)+1,"") | X54: =IFERROR(INDEX($U$4:$U$500,MATCH(ROW()-3,$W$4:$W$500,0)),"") | Y54: =IF(AND(A54="Аппарат",C54<>"",OR($S$5="(все)",B54=$S$5)),MAX($Y$3:Y53)+1,"") | Z54: =IFERROR(INDEX($C$4:$C$500,MATCH(ROW()-3,$Y$4:$Y$500,0)),"") | AA54: =IF(AND(A54="Модуль",C54<>"",OR($S$6="(все)",B54=$S$6)),MAX($AA$3:AA53)+1,"") | AB54: =IFERROR(INDEX($C$4:$C$500,MATCH(ROW()-3,$AA$4:$AA$500,0)),"") | AC54: =IF(OR(B54="",COUNTIF($B$4:B54,B54)>1),"",MAX($AC$3:AC53)+1) | AD54: =IFERROR(INDEX($B$4:$B$500,MATCH(ROW()-3,$AC$4:$AC$500,0)),"") | AE54: =IF(AND(A54<>"",N(P54)>0),IFERROR(MATCH(A54,$R$12:$R$25,0),99)*1000+ROW(),"") | AF54: =IF(AE54="","",COUNTIF($AE$4:$AE$500,"<="&AE54))
A55: Шины | B55: EKF | C55: sn0-4x15 | G55: Шина нулевая в корпусе (4x15) | H55: sn0-4x15 | M55: шт. | N55: =IF(OR(A55="Автомат",A55="Дифавтомат"),IF(W55="","",COUNTIF(Однолинейка!$H$3:$H$1000,U55)),IF(A55="Аппарат",IF(C55="","",COUNTIF(Однолинейка!$I$3:$I$1000,C55)+COUNTIF(Однолинейка!$J$3:$J$1000,C55)+COUNTIF(Однолинейка!$K$3:$K$1000,C55)),IF(A55="Модуль",IF(C55="","",COUNTIFS(Однолинейка!$AW$3:$AW$1000,"?*",Однолинейка!$AI$3:$AI$1000,C55)),IF(A55="Клемма",IF(C55="","",IF(C55=$S$7,SUM(Однолинейка!$BW$3:$BW$1000),IF(C55=$S$8,SUM(Однолинейка!$BX$3:$BX$1000),""))),"")))) | P55: =IF(COUNT(N55,O55)=0,"",SUM(N55,O55)) | U55: =IF(OR(A55="Автомат",A55="Дифавтомат"),I55&" С"&J55&"А"&IF(K55="да"," 30мА",""),"") | V55: =IF(U55="","",B55&"|"&U55) | W55: =IF(AND(U55<>"",OR($S$4="(все)",B55=$S$4),IF($S$4="(все)",COUNTIF($U$4:U55,U55),COUNTIFS($U$4:U55,U55,$B$4:B55,B55))=1),MAX($W$3:W54)+1,"") | X55: =IFERROR(INDEX($U$4:$U$500,MATCH(ROW()-3,$W$4:$W$500,0)),"") | Y55: =IF(AND(A55="Аппарат",C55<>"",OR($S$5="(все)",B55=$S$5)),MAX($Y$3:Y54)+1,"") | Z55: =IFERROR(INDEX($C$4:$C$500,MATCH(ROW()-3,$Y$4:$Y$500,0)),"") | AA55: =IF(AND(A55="Модуль",C55<>"",OR($S$6="(все)",B55=$S$6)),MAX($AA$3:AA54)+1,"") | AB55: =IFERROR(INDEX($C$4:$C$500,MATCH(ROW()-3,$AA$4:$AA$500,0)),"") | AC55: =IF(OR(B55="",COUNTIF($B$4:B55,B55)>1),"",MAX($AC$3:AC54)+1) | AD55: =IFERROR(INDEX($B$4:$B$500,MATCH(ROW()-3,$AC$4:$AC$500,0)),"") | AE55: =IF(AND(A55<>"",N(P55)>0),IFERROR(MATCH(A55,$R$12:$R$25,0),99)*1000+ROW(),"") | AF55: =IF(AE55="","",COUNTIF($AE$4:$AE$500,"<="&AE55))
... A99: Прочее | B99: DKC | C99: R5RF12 | G99: Вентиляционная решетка с фильтром RF 150x150 мм, IP54 | H99: R5RF12 | M99: шт. | N99: =IF(OR(A99="Автомат",A99="Дифавтомат"),IF(W99="","",COUNTIF(Однолинейка!$H$3:$H$1000,U99)),IF(A99="Аппарат",IF(C99="","",COUNTIF(Однолинейка!$I$3:$I$1000,C99)+COUNTIF(Однолинейка!$J$3:$J$1000,C99)+COUNTIF(Однолинейка!$K$3:$K$1000,C99)),IF(A99="Модуль",IF(C99="","",COUNTIFS(Однолинейка!$AW$3:$AW$1000,"?*",Однолинейка!$AI$3:$AI$1000,C99)),IF(A99="Клемма",IF(C99="","",IF(C99=$S$7,SUM(Однолинейка!$BW$3:$BW$1000),IF(C99=$S$8,SUM(Однолинейка!$BX$3:$BX$1000),""))),"")))) | P99: =IF(COUNT(N99,O99)=0,"",SUM(N99,O99)) | U99: =IF(OR(A99="Автомат",A99="Дифавтомат"),I99&" С"&J99&"А"&IF(K99="да"," 30мА",""),"") | V99: =IF(U99="","",B99&"|"&U99) | W99: =IF(AND(U99<>"",OR($S$4="(все)",B99=$S$4),IF($S$4="(все)",COUNTIF($U$4:U99,U99),COUNTIFS($U$4:U99,U99,$B$4:B99,B99))=1),MAX($W$3:W98)+1,"") | X99: =IFERROR(INDEX($U$4:$U$500,MATCH(ROW()-3,$W$4:$W$500,0)),"") | Y99: =IF(AND(A99="Аппарат",C99<>"",OR($S$5="(все)",B99=$S$5)),MAX($Y$3:Y98)+1,"") | Z99: =IFERROR(INDEX($C$4:$C$500,MATCH(ROW()-3,$Y$4:$Y$500,0)),"") | AA99: =IF(AND(A99="Модуль",C99<>"",OR($S$6="(все)",B99=$S$6)),MAX($AA$3:AA98)+1,"") | AB99: =IFERROR(INDEX($C$4:$C$500,MATCH(ROW()-3,$AA$4:$AA$500,0)),"") | AC99: =IF(OR(B99="",COUNTIF($B$4:B99,B99)>1),"",MAX($AC$3:AC98)+1) | AD99: =IFERROR(INDEX($B$4:$B$500,MATCH(ROW()-3,$AC$4:$AC$500,0)),"") | AE99: =IF(AND(A99<>"",N(P99)>0),IFERROR(MATCH(A99,$R$12:$R$25,0),99)*1000+ROW(),"") | AF99: =IF(AE99="","",COUNTIF($AE$4:$AE$500,"<="&AE99))
A100: Прочее | C100: Расходные материалы (наконечни | G100: Расходные материалы (наконечники для кабелей ПуГВ, бирки, термоусадка 4-х цветов (Б,Ч,К,С)стяжки, изолента и т. д.) | M100: комп. | N100: =IF(OR(A100="Автомат",A100="Дифавтомат"),IF(W100="","",COUNTIF(Однолинейка!$H$3:$H$1000,U100)),IF(A100="Аппарат",IF(C100="","",COUNTIF(Однолинейка!$I$3:$I$1000,C100)+COUNTIF(Однолинейка!$J$3:$J$1000,C100)+COUNTIF(Однолинейка!$K$3:$K$1000,C100)),IF(A100="Модуль",IF(C100="","",COUNTIFS(Однолинейка!$AW$3:$AW$1000,"?*",Однолинейка!$AI$3:$AI$1000,C100)),IF(A100="Клемма",IF(C100="","",IF(C100=$S$7,SUM(Однолинейка!$BW$3:$BW$1000),IF(C100=$S$8,SUM(Однолинейка!$BX$3:$BX$1000),""))),"")))) | P100: =IF(COUNT(N100,O100)=0,"",SUM(N100,O100)) | U100: =IF(OR(A100="Автомат",A100="Дифавтомат"),I100&" С"&J100&"А"&IF(K100="да"," 30мА",""),"") | V100: =IF(U100="","",B100&"|"&U100) | W100: =IF(AND(U100<>"",OR($S$4="(все)",B100=$S$4),IF($S$4="(все)",COUNTIF($U$4:U100,U100),COUNTIFS($U$4:U100,U100,$B$4:B100,B100))=1),MAX($W$3:W99)+1,"") | X100: =IFERROR(INDEX($U$4:$U$500,MATCH(ROW()-3,$W$4:$W$500,0)),"") | Y100: =IF(AND(A100="Аппарат",C100<>"",OR($S$5="(все)",B100=$S$5)),MAX($Y$3:Y99)+1,"") | Z100: =IFERROR(INDEX($C$4:$C$500,MATCH(ROW()-3,$Y$4:$Y$500,0)),"") | AA100: =IF(AND(A100="Модуль",C100<>"",OR($S$6="(все)",B100=$S$6)),MAX($AA$3:AA99)+1,"") | AB100: =IFERROR(INDEX($C$4:$C$500,MATCH(ROW()-3,$AA$4:$AA$500,0)),"") | AC100: =IF(OR(B100="",COUNTIF($B$4:B100,B100)>1),"",MAX($AC$3:AC99)+1) | AD100: =IFERROR(INDEX($B$4:$B$500,MATCH(ROW()-3,$AC$4:$AC$500,0)),"") | AE100: =IF(AND(A100<>"",N(P100)>0),IFERROR(MATCH(A100,$R$12:$R$25,0),99)*1000+ROW(),"") | AF100: =IF(AE100="","",COUNTIF($AE$4:$AE$500,"<="&AE100))
N101: =IF(OR(A101="Автомат",A101="Дифавтомат"),IF(W101="","",COUNTIF(Однолинейка!$H$3:$H$1000,U101)),IF(A101="Аппарат",IF(C101="","",COUNTIF(Однолинейка!$I$3:$I$1000,C101)+COUNTIF(Однолинейка!$J$3:$J$1000,C101)+COUNTIF(Однолинейка!$K$3:$K$1000,C101)),IF(A101="Модуль",IF(C101="","",COUNTIFS(Однолинейка!$AW$3:$AW$1000,"?*",Однолинейка!$AI$3:$AI$1000,C101)),IF(A101="Клемма",IF(C101="","",IF(C101=$S$7,SUM(Однолинейка!$BW$3:$BW$1000),IF(C101=$S$8,SUM(Однолинейка!$BX$3:$BX$1000),""))),"")))) | P101: =IF(COUNT(N101,O101)=0,"",SUM(N101,O101)) | U101: =IF(OR(A101="Автомат",A101="Дифавтомат"),I101&" С"&J101&"А"&IF(K101="да"," 30мА",""),"") | V101: =IF(U101="","",B101&"|"&U101) | W101: =IF(AND(U101<>"",OR($S$4="(все)",B101=$S$4),IF($S$4="(все)",COUNTIF($U$4:U101,U101),COUNTIFS($U$4:U101,U101,$B$4:B101,B101))=1),MAX($W$3:W100)+1,"") | X101: =IFERROR(INDEX($U$4:$U$500,MATCH(ROW()-3,$W$4:$W$500,0)),"") | Y101: =IF(AND(A101="Аппарат",C101<>"",OR($S$5="(все)",B101=$S$5)),MAX($Y$3:Y100)+1,"") | Z101: =IFERROR(INDEX($C$4:$C$500,MATCH(ROW()-3,$Y$4:$Y$500,0)),"") | AA101: =IF(AND(A101="Модуль",C101<>"",OR($S$6="(все)",B101=$S$6)),MAX($AA$3:AA100)+1,"") | AB101: =IFERROR(INDEX($C$4:$C$500,MATCH(ROW()-3,$AA$4:$AA$500,0)),"") | AC101: =IF(OR(B101="",COUNTIF($B$4:B101,B101)>1),"",MAX($AC$3:AC100)+1) | AD101: =IFERROR(INDEX($B$4:$B$500,MATCH(ROW()-3,$AC$4:$AC$500,0)),"") | AE101: =IF(AND(A101<>"",N(P101)>0),IFERROR(MATCH(A101,$R$12:$R$25,0),99)*1000+ROW(),"") | AF101: =IF(AE101="","",COUNTIF($AE$4:$AE$500,"<="&AE101))
N102: =IF(OR(A102="Автомат",A102="Дифавтомат"),IF(W102="","",COUNTIF(Однолинейка!$H$3:$H$1000,U102)),IF(A102="Аппарат",IF(C102="","",COUNTIF(Однолинейка!$I$3:$I$1000,C102)+COUNTIF(Однолинейка!$J$3:$J$1000,C102)+COUNTIF(Однолинейка!$K$3:$K$1000,C102)),IF(A102="Модуль",IF(C102="","",COUNTIFS(Однолинейка!$AW$3:$AW$1000,"?*",Однолинейка!$AI$3:$AI$1000,C102)),IF(A102="Клемма",IF(C102="","",IF(C102=$S$7,SUM(Однолинейка!$BW$3:$BW$1000),IF(C102=$S$8,SUM(Однолинейка!$BX$3:$BX$1000),""))),"")))) | P102: =IF(COUNT(N102,O102)=0,"",SUM(N102,O102)) | U102: =IF(OR(A102="Автомат",A102="Дифавтомат"),I102&" С"&J102&"А"&IF(K102="да"," 30мА",""),"") | V102: =IF(U102="","",B102&"|"&U102) | W102: =IF(AND(U102<>"",OR($S$4="(все)",B102=$S$4),IF($S$4="(все)",COUNTIF($U$4:U102,U102),COUNTIFS($U$4:U102,U102,$B$4:B102,B102))=1),MAX($W$3:W101)+1,"") | X102: =IFERROR(INDEX($U$4:$U$500,MATCH(ROW()-3,$W$4:$W$500,0)),"") | Y102: =IF(AND(A102="Аппарат",C102<>"",OR($S$5="(все)",B102=$S$5)),MAX($Y$3:Y101)+1,"") | Z102: =IFERROR(INDEX($C$4:$C$500,MATCH(ROW()-3,$Y$4:$Y$500,0)),"") | AA102: =IF(AND(A102="Модуль",C102<>"",OR($S$6="(все)",B102=$S$6)),MAX($AA$3:AA101)+1,"") | AB102: =IFERROR(INDEX($C$4:$C$500,MATCH(ROW()-3,$AA$4:$AA$500,0)),"") | AC102: =IF(OR(B102="",COUNTIF($B$4:B102,B102)>1),"",MAX($AC$3:AC101)+1) | AD102: =IFERROR(INDEX($B$4:$B$500,MATCH(ROW()-3,$AC$4:$AC$500,0)),"") | AE102: =IF(AND(A102<>"",N(P102)>0),IFERROR(MATCH(A102,$R$12:$R$25,0),99)*1000+ROW(),"") | AF102: =IF(AE102="","",COUNTIF($AE$4:$AE$500,"<="&AE102))
N103: =IF(OR(A103="Автомат",A103="Дифавтомат"),IF(W103="","",COUNTIF(Однолинейка!$H$3:$H$1000,U103)),IF(A103="Аппарат",IF(C103="","",COUNTIF(Однолинейка!$I$3:$I$1000,C103)+COUNTIF(Однолинейка!$J$3:$J$1000,C103)+COUNTIF(Однолинейка!$K$3:$K$1000,C103)),IF(A103="Модуль",IF(C103="","",COUNTIFS(Однолинейка!$AW$3:$AW$1000,"?*",Однолинейка!$AI$3:$AI$1000,C103)),IF(A103="Клемма",IF(C103="","",IF(C103=$S$7,SUM(Однолинейка!$BW$3:$BW$1000),IF(C103=$S$8,SUM(Однолинейка!$BX$3:$BX$1000),""))),"")))) | P103: =IF(COUNT(N103,O103)=0,"",SUM(N103,O103)) | U103: =IF(OR(A103="Автомат",A103="Дифавтомат"),I103&" С"&J103&"А"&IF(K103="да"," 30мА",""),"") | V103: =IF(U103="","",B103&"|"&U103) | W103: =IF(AND(U103<>"",OR($S$4="(все)",B103=$S$4),IF($S$4="(все)",COUNTIF($U$4:U103,U103),COUNTIFS($U$4:U103,U103,$B$4:B103,B103))=1),MAX($W$3:W102)+1,"") | X103: =IFERROR(INDEX($U$4:$U$500,MATCH(ROW()-3,$W$4:$W$500,0)),"") | Y103: =IF(AND(A103="Аппарат",C103<>"",OR($S$5="(все)",B103=$S$5)),MAX($Y$3:Y102)+1,"") | Z103: =IFERROR(INDEX($C$4:$C$500,MATCH(ROW()-3,$Y$4:$Y$500,0)),"") | AA103: =IF(AND(A103="Модуль",C103<>"",OR($S$6="(все)",B103=$S$6)),MAX($AA$3:AA102)+1,"") | AB103: =IFERROR(INDEX($C$4:$C$500,MATCH(ROW()-3,$AA$4:$AA$500,0)),"") | AC103: =IF(OR(B103="",COUNTIF($B$4:B103,B103)>1),"",MAX($AC$3:AC102)+1) | AD103: =IFERROR(INDEX($B$4:$B$500,MATCH(ROW()-3,$AC$4:$AC$500,0)),"") | AE103: =IF(AND(A103<>"",N(P103)>0),IFERROR(MATCH(A103,$R$12:$R$25,0),99)*1000+ROW(),"") | AF103: =IF(AE103="","",COUNTIF($AE$4:$AE$500,"<="&AE103))
N104: =IF(OR(A104="Автомат",A104="Дифавтомат"),IF(W104="","",COUNTIF(Однолинейка!$H$3:$H$1000,U104)),IF(A104="Аппарат",IF(C104="","",COUNTIF(Однолинейка!$I$3:$I$1000,C104)+COUNTIF(Однолинейка!$J$3:$J$1000,C104)+COUNTIF(Однолинейка!$K$3:$K$1000,C104)),IF(A104="Модуль",IF(C104="","",COUNTIFS(Однолинейка!$AW$3:$AW$1000,"?*",Однолинейка!$AI$3:$AI$1000,C104)),IF(A104="Клемма",IF(C104="","",IF(C104=$S$7,SUM(Однолинейка!$BW$3:$BW$1000),IF(C104=$S$8,SUM(Однолинейка!$BX$3:$BX$1000),""))),"")))) | P104: =IF(COUNT(N104,O104)=0,"",SUM(N104,O104)) | U104: =IF(OR(A104="Автомат",A104="Дифавтомат"),I104&" С"&J104&"А"&IF(K104="да"," 30мА",""),"") | V104: =IF(U104="","",B104&"|"&U104) | W104: =IF(AND(U104<>"",OR($S$4="(все)",B104=$S$4),IF($S$4="(все)",COUNTIF($U$4:U104,U104),COUNTIFS($U$4:U104,U104,$B$4:B104,B104))=1),MAX($W$3:W103)+1,"") | X104: =IFERROR(INDEX($U$4:$U$500,MATCH(ROW()-3,$W$4:$W$500,0)),"") | Y104: =IF(AND(A104="Аппарат",C104<>"",OR($S$5="(все)",B104=$S$5)),MAX($Y$3:Y103)+1,"") | Z104: =IFERROR(INDEX($C$4:$C$500,MATCH(ROW()-3,$Y$4:$Y$500,0)),"") | AA104: =IF(AND(A104="Модуль",C104<>"",OR($S$6="(все)",B104=$S$6)),MAX($AA$3:AA103)+1,"") | AB104: =IFERROR(INDEX($C$4:$C$500,MATCH(ROW()-3,$AA$4:$AA$500,0)),"") | AC104: =IF(OR(B104="",COUNTIF($B$4:B104,B104)>1),"",MAX($AC$3:AC103)+1) | AD104: =IFERROR(INDEX($B$4:$B$500,MATCH(ROW()-3,$AC$4:$AC$500,0)),"") | AE104: =IF(AND(A104<>"",N(P104)>0),IFERROR(MATCH(A104,$R$12:$R$25,0),99)*1000+ROW(),"") | AF104: =IF(AE104="","",COUNTIF($AE$4:$AE$500,"<="&AE104))
N105: =IF(OR(A105="Автомат",A105="Дифавтомат"),IF(W105="","",COUNTIF(Однолинейка!$H$3:$H$1000,U105)),IF(A105="Аппарат",IF(C105="","",COUNTIF(Однолинейка!$I$3:$I$1000,C105)+COUNTIF(Однолинейка!$J$3:$J$1000,C105)+COUNTIF(Однолинейка!$K$3:$K$1000,C105)),IF(A105="Модуль",IF(C105="","",COUNTIFS(Однолинейка!$AW$3:$AW$1000,"?*",Однолинейка!$AI$3:$AI$1000,C105)),IF(A105="Клемма",IF(C105="","",IF(C105=$S$7,SUM(Однолинейка!$BW$3:$BW$1000),IF(C105=$S$8,SUM(Однолинейка!$BX$3:$BX$1000),""))),"")))) | P105: =IF(COUNT(N105,O105)=0,"",SUM(N105,O105)) | U105: =IF(OR(A105="Автомат",A105="Дифавтомат"),I105&" С"&J105&"А"&IF(K105="да"," 30мА",""),"") | V105: =IF(U105="","",B105&"|"&U105) | W105: =IF(AND(U105<>"",OR($S$4="(все)",B105=$S$4),IF($S$4="(все)",COUNTIF($U$4:U105,U105),COUNTIFS($U$4:U105,U105,$B$4:B105,B105))=1),MAX($W$3:W104)+1,"") | X105: =IFERROR(INDEX($U$4:$U$500,MATCH(ROW()-3,$W$4:$W$500,0)),"") | Y105: =IF(AND(A105="Аппарат",C105<>"",OR($S$5="(все)",B105=$S$5)),MAX($Y$3:Y104)+1,"") | Z105: =IFERROR(INDEX($C$4:$C$500,MATCH(ROW()-3,$Y$4:$Y$500,0)),"") | AA105: =IF(AND(A105="Модуль",C105<>"",OR($S$6="(все)",B105=$S$6)),MAX($AA$3:AA104)+1,"") | AB105: =IFERROR(INDEX($C$4:$C$500,MATCH(ROW()-3,$AA$4:$AA$500,0)),"") | AC105: =IF(OR(B105="",COUNTIF($B$4:B105,B105)>1),"",MAX($AC$3:AC104)+1) | AD105: =IFERROR(INDEX($B$4:$B$500,MATCH(ROW()-3,$AC$4:$AC$500,0)),"") | AE105: =IF(AND(A105<>"",N(P105)>0),IFERROR(MATCH(A105,$R$12:$R$25,0),99)*1000+ROW(),"") | AF105: =IF(AE105="","",COUNTIF($AE$4:$AE$500,"<="&AE105))
N106: =IF(OR(A106="Автомат",A106="Дифавтомат"),IF(W106="","",COUNTIF(Однолинейка!$H$3:$H$1000,U106)),IF(A106="Аппарат",IF(C106="","",COUNTIF(Однолинейка!$I$3:$I$1000,C106)+COUNTIF(Однолинейка!$J$3:$J$1000,C106)+COUNTIF(Однолинейка!$K$3:$K$1000,C106)),IF(A106="Модуль",IF(C106="","",COUNTIFS(Однолинейка!$AW$3:$AW$1000,"?*",Однолинейка!$AI$3:$AI$1000,C106)),IF(A106="Клемма",IF(C106="","",IF(C106=$S$7,SUM(Однолинейка!$BW$3:$BW$1000),IF(C106=$S$8,SUM(Однолинейка!$BX$3:$BX$1000),""))),"")))) | P106: =IF(COUNT(N106,O106)=0,"",SUM(N106,O106)) | U106: =IF(OR(A106="Автомат",A106="Дифавтомат"),I106&" С"&J106&"А"&IF(K106="да"," 30мА",""),"") | V106: =IF(U106="","",B106&"|"&U106) | W106: =IF(AND(U106<>"",OR($S$4="(все)",B106=$S$4),IF($S$4="(все)",COUNTIF($U$4:U106,U106),COUNTIFS($U$4:U106,U106,$B$4:B106,B106))=1),MAX($W$3:W105)+1,"") | X106: =IFERROR(INDEX($U$4:$U$500,MATCH(ROW()-3,$W$4:$W$500,0)),"") | Y106: =IF(AND(A106="Аппарат",C106<>"",OR($S$5="(все)",B106=$S$5)),MAX($Y$3:Y105)+1,"") | Z106: =IFERROR(INDEX($C$4:$C$500,MATCH(ROW()-3,$Y$4:$Y$500,0)),"") | AA106: =IF(AND(A106="Модуль",C106<>"",OR($S$6="(все)",B106=$S$6)),MAX($AA$3:AA105)+1,"") | AB106: =IFERROR(INDEX($C$4:$C$500,MATCH(ROW()-3,$AA$4:$AA$500,0)),"") | AC106: =IF(OR(B106="",COUNTIF($B$4:B106,B106)>1),"",MAX($AC$3:AC105)+1) | AD106: =IFERROR(INDEX($B$4:$B$500,MATCH(ROW()-3,$AC$4:$AC$500,0)),"") | AE106: =IF(AND(A106<>"",N(P106)>0),IFERROR(MATCH(A106,$R$12:$R$25,0),99)*1000+ROW(),"") | AF106: =IF(AE106="","",COUNTIF($AE$4:$AE$500,"<="&AE106))
N107: =IF(OR(A107="Автомат",A107="Дифавтомат"),IF(W107="","",COUNTIF(Однолинейка!$H$3:$H$1000,U107)),IF(A107="Аппарат",IF(C107="","",COUNTIF(Однолинейка!$I$3:$I$1000,C107)+COUNTIF(Однолинейка!$J$3:$J$1000,C107)+COUNTIF(Однолинейка!$K$3:$K$1000,C107)),IF(A107="Модуль",IF(C107="","",COUNTIFS(Однолинейка!$AW$3:$AW$1000,"?*",Однолинейка!$AI$3:$AI$1000,C107)),IF(A107="Клемма",IF(C107="","",IF(C107=$S$7,SUM(Однолинейка!$BW$3:$BW$1000),IF(C107=$S$8,SUM(Однолинейка!$BX$3:$BX$1000),""))),"")))) | P107: =IF(COUNT(N107,O107)=0,"",SUM(N107,O107)) | U107: =IF(OR(A107="Автомат",A107="Дифавтомат"),I107&" С"&J107&"А"&IF(K107="да"," 30мА",""),"") | V107: =IF(U107="","",B107&"|"&U107) | W107: =IF(AND(U107<>"",OR($S$4="(все)",B107=$S$4),IF($S$4="(все)",COUNTIF($U$4:U107,U107),COUNTIFS($U$4:U107,U107,$B$4:B107,B107))=1),MAX($W$3:W106)+1,"") | X107: =IFERROR(INDEX($U$4:$U$500,MATCH(ROW()-3,$W$4:$W$500,0)),"") | Y107: =IF(AND(A107="Аппарат",C107<>"",OR($S$5="(все)",B107=$S$5)),MAX($Y$3:Y106)+1,"") | Z107: =IFERROR(INDEX($C$4:$C$500,MATCH(ROW()-3,$Y$4:$Y$500,0)),"") | AA107: =IF(AND(A107="Модуль",C107<>"",OR($S$6="(все)",B107=$S$6)),MAX($AA$3:AA106)+1,"") | AB107: =IFERROR(INDEX($C$4:$C$500,MATCH(ROW()-3,$AA$4:$AA$500,0)),"") | AC107: =IF(OR(B107="",COUNTIF($B$4:B107,B107)>1),"",MAX($AC$3:AC106)+1) | AD107: =IFERROR(INDEX($B$4:$B$500,MATCH(ROW()-3,$AC$4:$AC$500,0)),"") | AE107: =IF(AND(A107<>"",N(P107)>0),IFERROR(MATCH(A107,$R$12:$R$25,0),99)*1000+ROW(),"") | AF107: =IF(AE107="","",COUNTIF($AE$4:$AE$500,"<="&AE107))
N108: =IF(OR(A108="Автомат",A108="Дифавтомат"),IF(W108="","",COUNTIF(Однолинейка!$H$3:$H$1000,U108)),IF(A108="Аппарат",IF(C108="","",COUNTIF(Однолинейка!$I$3:$I$1000,C108)+COUNTIF(Однолинейка!$J$3:$J$1000,C108)+COUNTIF(Однолинейка!$K$3:$K$1000,C108)),IF(A108="Модуль",IF(C108="","",COUNTIFS(Однолинейка!$AW$3:$AW$1000,"?*",Однолинейка!$AI$3:$AI$1000,C108)),IF(A108="Клемма",IF(C108="","",IF(C108=$S$7,SUM(Однолинейка!$BW$3:$BW$1000),IF(C108=$S$8,SUM(Однолинейка!$BX$3:$BX$1000),""))),"")))) | P108: =IF(COUNT(N108,O108)=0,"",SUM(N108,O108)) | U108: =IF(OR(A108="Автомат",A108="Дифавтомат"),I108&" С"&J108&"А"&IF(K108="да"," 30мА",""),"") | V108: =IF(U108="","",B108&"|"&U108) | W108: =IF(AND(U108<>"",OR($S$4="(все)",B108=$S$4),IF($S$4="(все)",COUNTIF($U$4:U108,U108),COUNTIFS($U$4:U108,U108,$B$4:B108,B108))=1),MAX($W$3:W107)+1,"") | X108: =IFERROR(INDEX($U$4:$U$500,MATCH(ROW()-3,$W$4:$W$500,0)),"") | Y108: =IF(AND(A108="Аппарат",C108<>"",OR($S$5="(все)",B108=$S$5)),MAX($Y$3:Y107)+1,"") | Z108: =IFERROR(INDEX($C$4:$C$500,MATCH(ROW()-3,$Y$4:$Y$500,0)),"") | AA108: =IF(AND(A108="Модуль",C108<>"",OR($S$6="(все)",B108=$S$6)),MAX($AA$3:AA107)+1,"") | AB108: =IFERROR(INDEX($C$4:$C$500,MATCH(ROW()-3,$AA$4:$AA$500,0)),"") | AC108: =IF(OR(B108="",COUNTIF($B$4:B108,B108)>1),"",MAX($AC$3:AC107)+1) | AD108: =IFERROR(INDEX($B$4:$B$500,MATCH(ROW()-3,$AC$4:$AC$500,0)),"") | AE108: =IF(AND(A108<>"",N(P108)>0),IFERROR(MATCH(A108,$R$12:$R$25,0),99)*1000+ROW(),"") | AF108: =IF(AE108="","",COUNTIF($AE$4:$AE$500,"<="&AE108))
N109: =IF(OR(A109="Автомат",A109="Дифавтомат"),IF(W109="","",COUNTIF(Однолинейка!$H$3:$H$1000,U109)),IF(A109="Аппарат",IF(C109="","",COUNTIF(Однолинейка!$I$3:$I$1000,C109)+COUNTIF(Однолинейка!$J$3:$J$1000,C109)+COUNTIF(Однолинейка!$K$3:$K$1000,C109)),IF(A109="Модуль",IF(C109="","",COUNTIFS(Однолинейка!$AW$3:$AW$1000,"?*",Однолинейка!$AI$3:$AI$1000,C109)),IF(A109="Клемма",IF(C109="","",IF(C109=$S$7,SUM(Однолинейка!$BW$3:$BW$1000),IF(C109=$S$8,SUM(Однолинейка!$BX$3:$BX$1000),""))),"")))) | P109: =IF(COUNT(N109,O109)=0,"",SUM(N109,O109)) | U109: =IF(OR(A109="Автомат",A109="Дифавтомат"),I109&" С"&J109&"А"&IF(K109="да"," 30мА",""),"") | V109: =IF(U109="","",B109&"|"&U109) | W109: =IF(AND(U109<>"",OR($S$4="(все)",B109=$S$4),IF($S$4="(все)",COUNTIF($U$4:U109,U109),COUNTIFS($U$4:U109,U109,$B$4:B109,B109))=1),MAX($W$3:W108)+1,"") | X109: =IFERROR(INDEX($U$4:$U$500,MATCH(ROW()-3,$W$4:$W$500,0)),"") | Y109: =IF(AND(A109="Аппарат",C109<>"",OR($S$5="(все)",B109=$S$5)),MAX($Y$3:Y108)+1,"") | Z109: =IFERROR(INDEX($C$4:$C$500,MATCH(ROW()-3,$Y$4:$Y$500,0)),"") | AA109: =IF(AND(A109="Модуль",C109<>"",OR($S$6="(все)",B109=$S$6)),MAX($AA$3:AA108)+1,"") | AB109: =IFERROR(INDEX($C$4:$C$500,MATCH(ROW()-3,$AA$4:$AA$500,0)),"") | AC109: =IF(OR(B109="",COUNTIF($B$4:B109,B109)>1),"",MAX($AC$3:AC108)+1) | AD109: =IFERROR(INDEX($B$4:$B$500,MATCH(ROW()-3,$AC$4:$AC$500,0)),"") | AE109: =IF(AND(A109<>"",N(P109)>0),IFERROR(MATCH(A109,$R$12:$R$25,0),99)*1000+ROW(),"") | AF109: =IF(AE109="","",COUNTIF($AE$4:$AE$500,"<="&AE109))
N110: =IF(OR(A110="Автомат",A110="Дифавтомат"),IF(W110="","",COUNTIF(Однолинейка!$H$3:$H$1000,U110)),IF(A110="Аппарат",IF(C110="","",COUNTIF(Однолинейка!$I$3:$I$1000,C110)+COUNTIF(Однолинейка!$J$3:$J$1000,C110)+COUNTIF(Однолинейка!$K$3:$K$1000,C110)),IF(A110="Модуль",IF(C110="","",COUNTIFS(Однолинейка!$AW$3:$AW$1000,"?*",Однолинейка!$AI$3:$AI$1000,C110)),IF(A110="Клемма",IF(C110="","",IF(C110=$S$7,SUM(Однолинейка!$BW$3:$BW$1000),IF(C110=$S$8,SUM(Однолинейка!$BX$3:$BX$1000),""))),"")))) | P110: =IF(COUNT(N110,O110)=0,"",SUM(N110,O110)) | U110: =IF(OR(A110="Автомат",A110="Дифавтомат"),I110&" С"&J110&"А"&IF(K110="да"," 30мА",""),"") | V110: =IF(U110="","",B110&"|"&U110) | W110: =IF(AND(U110<>"",OR($S$4="(все)",B110=$S$4),IF($S$4="(все)",COUNTIF($U$4:U110,U110),COUNTIFS($U$4:U110,U110,$B$4:B110,B110))=1),MAX($W$3:W109)+1,"") | X110: =IFERROR(INDEX($U$4:$U$500,MATCH(ROW()-3,$W$4:$W$500,0)),"") | Y110: =IF(AND(A110="Аппарат",C110<>"",OR($S$5="(все)",B110=$S$5)),MAX($Y$3:Y109)+1,"") | Z110: =IFERROR(INDEX($C$4:$C$500,MATCH(ROW()-3,$Y$4:$Y$500,0)),"") | AA110: =IF(AND(A110="Модуль",C110<>"",OR($S$6="(все)",B110=$S$6)),MAX($AA$3:AA109)+1,"") | AB110: =IFERROR(INDEX($C$4:$C$500,MATCH(ROW()-3,$AA$4:$AA$500,0)),"") | AC110: =IF(OR(B110="",COUNTIF($B$4:B110,B110)>1),"",MAX($AC$3:AC109)+1) | AD110: =IFERROR(INDEX($B$4:$B$500,MATCH(ROW()-3,$AC$4:$AC$500,0)),"") | AE110: =IF(AND(A110<>"",N(P110)>0),IFERROR(MATCH(A110,$R$12:$R$25,0),99)*1000+ROW(),"") | AF110: =IF(AE110="","",COUNTIF($AE$4:$AE$500,"<="&AE110))
N111: =IF(OR(A111="Автомат",A111="Дифавтомат"),IF(W111="","",COUNTIF(Однолинейка!$H$3:$H$1000,U111)),IF(A111="Аппарат",IF(C111="","",COUNTIF(Однолинейка!$I$3:$I$1000,C111)+COUNTIF(Однолинейка!$J$3:$J$1000,C111)+COUNTIF(Однолинейка!$K$3:$K$1000,C111)),IF(A111="Модуль",IF(C111="","",COUNTIFS(Однолинейка!$AW$3:$AW$1000,"?*",Однолинейка!$AI$3:$AI$1000,C111)),IF(A111="Клемма",IF(C111="","",IF(C111=$S$7,SUM(Однолинейка!$BW$3:$BW$1000),IF(C111=$S$8,SUM(Однолинейка!$BX$3:$BX$1000),""))),"")))) | P111: =IF(COUNT(N111,O111)=0,"",SUM(N111,O111)) | U111: =IF(OR(A111="Автомат",A111="Дифавтомат"),I111&" С"&J111&"А"&IF(K111="да"," 30мА",""),"") | V111: =IF(U111="","",B111&"|"&U111) | W111: =IF(AND(U111<>"",OR($S$4="(все)",B111=$S$4),IF($S$4="(все)",COUNTIF($U$4:U111,U111),COUNTIFS($U$4:U111,U111,$B$4:B111,B111))=1),MAX($W$3:W110)+1,"") | X111: =IFERROR(INDEX($U$4:$U$500,MATCH(ROW()-3,$W$4:$W$500,0)),"") | Y111: =IF(AND(A111="Аппарат",C111<>"",OR($S$5="(все)",B111=$S$5)),MAX($Y$3:Y110)+1,"") | Z111: =IFERROR(INDEX($C$4:$C$500,MATCH(ROW()-3,$Y$4:$Y$500,0)),"") | AA111: =IF(AND(A111="Модуль",C111<>"",OR($S$6="(все)",B111=$S$6)),MAX($AA$3:AA110)+1,"") | AB111: =IFERROR(INDEX($C$4:$C$500,MATCH(ROW()-3,$AA$4:$AA$500,0)),"") | AC111: =IF(OR(B111="",COUNTIF($B$4:B111,B111)>1),"",MAX($AC$3:AC110)+1) | AD111: =IFERROR(INDEX($B$4:$B$500,MATCH(ROW()-3,$AC$4:$AC$500,0)),"") | AE111: =IF(AND(A111<>"",N(P111)>0),IFERROR(MATCH(A111,$R$12:$R$25,0),99)*1000+ROW(),"") | AF111: =IF(AE111="","",COUNTIF($AE$4:$AE$500,"<="&AE111))
N112: =IF(OR(A112="Автомат",A112="Дифавтомат"),IF(W112="","",COUNTIF(Однолинейка!$H$3:$H$1000,U112)),IF(A112="Аппарат",IF(C112="","",COUNTIF(Однолинейка!$I$3:$I$1000,C112)+COUNTIF(Однолинейка!$J$3:$J$1000,C112)+COUNTIF(Однолинейка!$K$3:$K$1000,C112)),IF(A112="Модуль",IF(C112="","",COUNTIFS(Однолинейка!$AW$3:$AW$1000,"?*",Однолинейка!$AI$3:$AI$1000,C112)),IF(A112="Клемма",IF(C112="","",IF(C112=$S$7,SUM(Однолинейка!$BW$3:$BW$1000),IF(C112=$S$8,SUM(Однолинейка!$BX$3:$BX$1000),""))),"")))) | P112: =IF(COUNT(N112,O112)=0,"",SUM(N112,O112)) | U112: =IF(OR(A112="Автомат",A112="Дифавтомат"),I112&" С"&J112&"А"&IF(K112="да"," 30мА",""),"") | V112: =IF(U112="","",B112&"|"&U112) | W112: =IF(AND(U112<>"",OR($S$4="(все)",B112=$S$4),IF($S$4="(все)",COUNTIF($U$4:U112,U112),COUNTIFS($U$4:U112,U112,$B$4:B112,B112))=1),MAX($W$3:W111)+1,"") | X112: =IFERROR(INDEX($U$4:$U$500,MATCH(ROW()-3,$W$4:$W$500,0)),"") | Y112: =IF(AND(A112="Аппарат",C112<>"",OR($S$5="(все)",B112=$S$5)),MAX($Y$3:Y111)+1,"") | Z112: =IFERROR(INDEX($C$4:$C$500,MATCH(ROW()-3,$Y$4:$Y$500,0)),"") | AA112: =IF(AND(A112="Модуль",C112<>"",OR($S$6="(все)",B112=$S$6)),MAX($AA$3:AA111)+1,"") | AB112: =IFERROR(INDEX($C$4:$C$500,MATCH(ROW()-3,$AA$4:$AA$500,0)),"") | AC112: =IF(OR(B112="",COUNTIF($B$4:B112,B112)>1),"",MAX($AC$3:AC111)+1) | AD112: =IFERROR(INDEX($B$4:$B$500,MATCH(ROW()-3,$AC$4:$AC$500,0)),"") | AE112: =IF(AND(A112<>"",N(P112)>0),IFERROR(MATCH(A112,$R$12:$R$25,0),99)*1000+ROW(),"") | AF112: =IF(AE112="","",COUNTIF($AE$4:$AE$500,"<="&AE112))
... N500: =IF(OR(A500="Автомат",A500="Дифавтомат"),IF(W500="","",COUNTIF(Однолинейка!$H$3:$H$1000,U500)),IF(A500="Аппарат",IF(C500="","",COUNTIF(Однолинейка!$I$3:$I$1000,C500)+COUNTIF(Однолинейка!$J$3:$J$1000,C500)+COUNTIF(Однолинейка!$K$3:$K$1000,C500)),IF(A500="Модуль",IF(C500="","",COUNTIFS(Однолинейка!$AW$3:$AW$1000,"?*",Однолинейка!$AI$3:$AI$1000,C500)),IF(A500="Клемма",IF(C500="","",IF(C500=$S$7,SUM(Однолинейка!$BW$3:$BW$1000),IF(C500=$S$8,SUM(Однолинейка!$BX$3:$BX$1000),""))),"")))) | P500: =IF(COUNT(N500,O500)=0,"",SUM(N500,O500)) | U500: =IF(OR(A500="Автомат",A500="Дифавтомат"),I500&" С"&J500&"А"&IF(K500="да"," 30мА",""),"") | V500: =IF(U500="","",B500&"|"&U500) | W500: =IF(AND(U500<>"",OR($S$4="(все)",B500=$S$4),IF($S$4="(все)",COUNTIF($U$4:U500,U500),COUNTIFS($U$4:U500,U500,$B$4:B500,B500))=1),MAX($W$3:W499)+1,"") | X500: =IFERROR(INDEX($U$4:$U$500,MATCH(ROW()-3,$W$4:$W$500,0)),"") | Y500: =IF(AND(A500="Аппарат",C500<>"",OR($S$5="(все)",B500=$S$5)),MAX($Y$3:Y499)+1,"") | Z500: =IFERROR(INDEX($C$4:$C$500,MATCH(ROW()-3,$Y$4:$Y$500,0)),"") | AA500: =IF(AND(A500="Модуль",C500<>"",OR($S$6="(все)",B500=$S$6)),MAX($AA$3:AA499)+1,"") | AB500: =IFERROR(INDEX($C$4:$C$500,MATCH(ROW()-3,$AA$4:$AA$500,0)),"") | AC500: =IF(OR(B500="",COUNTIF($B$4:B500,B500)>1),"",MAX($AC$3:AC499)+1) | AD500: =IFERROR(INDEX($B$4:$B$500,MATCH(ROW()-3,$AC$4:$AC$500,0)),"") | AE500: =IF(AND(A500<>"",N(P500)>0),IFERROR(MATCH(A500,$R$12:$R$25,0),99)*1000+ROW(),"") | AF500: =IF(AE500="","",COUNTIF($AE$4:$AE$500,"<="&AE500))

Sheet Исходные данные
A1: 1 | B1: 2 | C1: 3 | D1: 4 | E1: 5 | F1: 6 | G1: 7 | H1: 8 | I1: 9 | J1: 10 | K1: 11 | L1: 12 | M1: 13 | N1: 14 | O1: 15 | P1: 16 | Q1: 17 | R1: 18 | S1: 19 | T1: 20 | U1: 21 | V1: 22 | W1: 23 | X1: 24 | Y1: 25 | Z1: 26 | AA1: 27 | AB1: 28 | AC1: 29 | AD1: 30 | AE1: 31 | AF1: 32 | AG1: 33 | AH1: 34 | AI1: 35 | AJ1: 36 | AK1: 37 | AL1: 38 | AM1: 39 | AN1: 40 | AO1: 41 | AP1: 42 | AQ1: 43 | AR1: 44 | AS1: 45 | AT1: 46
B2: Наименование | C2: Наименование (ручное) | D2: Номер линии | E2: Мощность, кВт | F2: Напряжение | G2: Кол-во потребителей (для длины) | H2: Кол-во фаз | I2: Длина линии (по плану) | J2: Лоток | K2: Гофра ПВХ | L2: Гофра ПНД | M2: Длина линии (Итог) | N2: Марку кабеля | O2: Кол-во жил | P2: Косинус | Q2: Сечение (ручное) | R2: автомат (ручное) | S2: Потолок - 1/Пол - 2 | T2: Ток | U2: Автомат | V2: Сечение | W2: Активное сопротивление | X2: Индуктивное сопротивление | Y2: Коэффициент фазности | Z2: Синус | AA2: Потери, В | AB2: Потери, % | AC2: Уровень напряжения | AD2: Кабель | AE2: Кабель проиежуточный | AF2: Для потерь | AG2: Помещение | AH2: Потребитель | AI2: Этаж/Шлейф | AJ2: Наименование | AK2: ток | AL2: мощность | AM2: номер линии | AN2: УГО (заполняется в двг!) | AO2: Кабель | AP2: Для наименования | AQ2: Для наименования | AR2: Iпуск 1 | AS2: Iпуск 2 | AT2: Iпуск | AU2: DWG: гофра ПВХ по плану, м | AV2: DWG: гофра ПНД по плану, м | AW2: DWG: хэндлы полилиний | AX2: DWG: примечание | AY2: Доп информация из выноски
A3: =D3 | B3: =IFERROR(IF(VLOOKUP(AH3,Потребители_обозначение,4,FALSE)=1,VLOOKUP(AH3,Потребители_обозначение,2,FALSE)&" "&VLOOKUP(AI3,Этаж_обозначение,2,FALSE)&" Пом. №"&AG3,VLOOKUP(AH3,Потребители_обозначение,2,FALSE)&" Шлейф №"&AI3),VLOOKUP(D3,Потребители_обозначение,2,FALSE)) | M3: =IFERROR(IF(VLOOKUP(AH3,Потребители_обозначение,4,FALSE)=1,VLOOKUP(AH3,Потребители_обозначение,3,FALSE)*(G3*2-1)+I3+VLOOKUP(AI3,Этаж_обозначение,3,FALSE)+VLOOKUP(AI3,Этаж_обозначение,4,FALSE),VLOOKUP(AH3,Потребители_обозначение,3,FALSE)*(G3*2-1)+I3),I3) | P3: =IF(VLOOKUP(AH3,Потребители_обозначение,5,FALSE)=2,_xlfn.IFS(H3=3,VLOOKUP(E3,Справочная_двигатели,8,FALSE),H3=1,VLOOKUP(E3,Справочная_двигатели,10,TRUE)),0.95) | T3: =_xlfn.IFS(H3=1,E3*1000/220,H3=3,E3/0.38/1.732) | U3: =IF(R3=0,VLOOKUP(T3,Автомат_номиналы,2,TRUE),R3) | V3: =IF(VLOOKUP(N3,Кабель_обозначение,3,FALSE)=1,IF(Q3=0,VLOOKUP(U3,Кабель_номиналы,2,TRUE),Q3),0) | W3: =VLOOKUP(V3,Кабель_сопротивление,3,FALSE) | X3: =VLOOKUP(V3,Кабель_сопротивление,2,FALSE) | Y3: {=_xlfn.IFS(H3=1,2,H3=3,1)} | Z3: =ROUND(SIN(ACOS(P3)),2) | AA3: =Y3*(W3*I3/V3+X3*I3*Z3/1000)*T3 | AB3: =ROUNDUP(AA3/220*100,2) | AC3: =_xlfn.IFS(H3=3,380,H3=1,220) | AD3: =VLOOKUP(N3,Кабель_обозначение,2,FALSE) | AE3: =IF(VLOOKUP(N3,Кабель_обозначение,3,FALSE)=1,AD3&" ("&O3&"х"&V3&")",AD3) | AF3: =IFERROR(IF(AB3>4.5,1,2),0) | AG3: =IFERROR(LEFT(AQ3,SEARCH(".",AQ3)-1),AQ3) | AH3: =IFERROR(LEFT(A3,SEARCH(".",A3)-1),A3) | AI3: =IFERROR(LEFT(AP3,SEARCH(".",AP3)-1),AP3) | AJ3: =IF(C3=0,B3,C3) | AK3: =ROUNDUP(T3,2) | AL3: =E3 | AM3: =D3 | AO3: =IF(V3=0,AD3,AE3&" L="&M3&"-"&AB3&"%") | AP3: =RIGHT(A3,LEN(A3)-SEARCH(".",A3)) | AQ3: =IFERROR(RIGHT(AP3,LEN(AP3)-SEARCH(".",AP3)),"") | AR3: =IFERROR(IF(VLOOKUP(AH3,Потребители_обозначение,5,FALSE)=2,_xlfn.IFS(H3=3,VLOOKUP(E3,Справочная_двигатели,3,FALSE),H3=1,VLOOKUP(E3,Справочная_двигатели,5,TRUE)),0),0) | AS3: =IFERROR(IF(VLOOKUP(AH3,Потребители_обозначение,5,FALSE)=3,VLOOKUP(E3,Справочная_ЛЭД,2,TRUE),0),0) | AT3: =IF(AR3=0,AS3,AR3)
A4: =D4 | B4: =IFERROR(IF(VLOOKUP(AH4,Потребители_обозначение,4,FALSE)=1,VLOOKUP(AH4,Потребители_обозначение,2,FALSE)&" "&VLOOKUP(AI4,Этаж_обозначение,2,FALSE)&" Пом. №"&AG4,VLOOKUP(AH4,Потребители_обозначение,2,FALSE)&" Шлейф №"&AI4),VLOOKUP(D4,Потребители_обозначение,2,FALSE)) | M4: =IFERROR(IF(VLOOKUP(AH4,Потребители_обозначение,4,FALSE)=1,VLOOKUP(AH4,Потребители_обозначение,3,FALSE)*(G4*2-1)+I4+VLOOKUP(AI4,Этаж_обозначение,3,FALSE)+VLOOKUP(AI4,Этаж_обозначение,4,FALSE),VLOOKUP(AH4,Потребители_обозначение,3,FALSE)*(G4*2-1)+I4),I4) | P4: =IF(VLOOKUP(AH4,Потребители_обозначение,5,FALSE)=2,_xlfn.IFS(H4=3,VLOOKUP(E4,Справочная_двигатели,8,FALSE),H4=1,VLOOKUP(E4,Справочная_двигатели,10,TRUE)),0.95) | T4: =_xlfn.IFS(H4=1,E4*1000/220,H4=3,E4/0.38/1.732) | U4: =IF(R4=0,VLOOKUP(T4,Автомат_номиналы,2,TRUE),R4) | V4: =IF(VLOOKUP(N4,Кабель_обозначение,3,FALSE)=1,IF(Q4=0,VLOOKUP(U4,Кабель_номиналы,2,TRUE),Q4),0) | W4: =VLOOKUP(V4,Кабель_сопротивление,3,FALSE) | X4: =VLOOKUP(V4,Кабель_сопротивление,2,FALSE) | Y4: {=_xlfn.IFS(H4=1,2,H4=3,1)} | Z4: =ROUND(SIN(ACOS(P4)),2) | AA4: =Y4*(W4*I4/V4+X4*I4*Z4/1000)*T4 | AB4: =ROUNDUP(AA4/220*100,2) | AC4: =_xlfn.IFS(H4=3,380,H4=1,220) | AD4: =VLOOKUP(N4,Кабель_обозначение,2,FALSE) | AE4: =IF(VLOOKUP(N4,Кабель_обозначение,3,FALSE)=1,AD4&" ("&O4&"х"&V4&")",AD4) | AF4: =IFERROR(IF(AB4>4.5,1,2),0) | AG4: =IFERROR(LEFT(AQ4,SEARCH(".",AQ4)-1),AQ4) | AH4: =IFERROR(LEFT(A4,SEARCH(".",A4)-1),A4) | AI4: =IFERROR(LEFT(AP4,SEARCH(".",AP4)-1),AP4) | AJ4: =IF(C4=0,B4,C4) | AK4: =ROUNDUP(T4,2) | AL4: =E4 | AM4: =D4 | AO4: =IF(V4=0,AD4,AE4&" L="&M4&"-"&AB4&"%") | AP4: =RIGHT(A4,LEN(A4)-SEARCH(".",A4)) | AQ4: =IFERROR(RIGHT(AP4,LEN(AP4)-SEARCH(".",AP4)),"") | AR4: =IFERROR(IF(VLOOKUP(AH4,Потребители_обозначение,5,FALSE)=2,_xlfn.IFS(H4=3,VLOOKUP(E4,Справочная_двигатели,3,FALSE),H4=1,VLOOKUP(E4,Справочная_двигатели,5,TRUE)),0),0) | AS4: =IFERROR(IF(VLOOKUP(AH4,Потребители_обозначение,5,FALSE)=3,VLOOKUP(E4,Справочная_ЛЭД,2,TRUE),0),0) | AT4: =IF(AR4=0,AS4,AR4)
A5: =D5 | B5: =IFERROR(IF(VLOOKUP(AH5,Потребители_обозначение,4,FALSE)=1,VLOOKUP(AH5,Потребители_обозначение,2,FALSE)&" "&VLOOKUP(AI5,Этаж_обозначение,2,FALSE)&" Пом. №"&AG5,VLOOKUP(AH5,Потребители_обозначение,2,FALSE)&" Шлейф №"&AI5),VLOOKUP(D5,Потребители_обозначение,2,FALSE)) | M5: =IFERROR(IF(VLOOKUP(AH5,Потребители_обозначение,4,FALSE)=1,VLOOKUP(AH5,Потребители_обозначение,3,FALSE)*(G5*2-1)+I5+VLOOKUP(AI5,Этаж_обозначение,3,FALSE)+VLOOKUP(AI5,Этаж_обозначение,4,FALSE),VLOOKUP(AH5,Потребители_обозначение,3,FALSE)*(G5*2-1)+I5),I5) | P5: =IF(VLOOKUP(AH5,Потребители_обозначение,5,FALSE)=2,_xlfn.IFS(H5=3,VLOOKUP(E5,Справочная_двигатели,8,FALSE),H5=1,VLOOKUP(E5,Справочная_двигатели,10,TRUE)),0.95) | T5: =_xlfn.IFS(H5=1,E5*1000/220,H5=3,E5/0.38/1.732) | U5: =IF(R5=0,VLOOKUP(T5,Автомат_номиналы,2,TRUE),R5) | V5: =IF(VLOOKUP(N5,Кабель_обозначение,3,FALSE)=1,IF(Q5=0,VLOOKUP(U5,Кабель_номиналы,2,TRUE),Q5),0) | W5: =VLOOKUP(V5,Кабель_сопротивление,3,FALSE) | X5: =VLOOKUP(V5,Кабель_сопротивление,2,FALSE) | Y5: {=_xlfn.IFS(H5=1,2,H5=3,1)} | Z5: =ROUND(SIN(ACOS(P5)),2) | AA5: =Y5*(W5*I5/V5+X5*I5*Z5/1000)*T5 | AB5: =ROUNDUP(AA5/220*100,2) | AC5: =_xlfn.IFS(H5=3,380,H5=1,220) | AD5: =VLOOKUP(N5,Кабель_обозначение,2,FALSE) | AE5: =IF(VLOOKUP(N5,Кабель_обозначение,3,FALSE)=1,AD5&" ("&O5&"х"&V5&")",AD5) | AF5: =IFERROR(IF(AB5>4.5,1,2),0) | AG5: =IFERROR(LEFT(AQ5,SEARCH(".",AQ5)-1),AQ5) | AH5: =IFERROR(LEFT(A5,SEARCH(".",A5)-1),A5) | AI5: =IFERROR(LEFT(AP5,SEARCH(".",AP5)-1),AP5) | AJ5: =IF(C5=0,B5,C5) | AK5: =ROUNDUP(T5,2) | AL5: =E5 | AM5: =D5 | AO5: =IF(V5=0,AD5,AE5&" L="&M5&"-"&AB5&"%") | AP5: =RIGHT(A5,LEN(A5)-SEARCH(".",A5)) | AQ5: =IFERROR(RIGHT(AP5,LEN(AP5)-SEARCH(".",AP5)),"") | AR5: =IFERROR(IF(VLOOKUP(AH5,Потребители_обозначение,5,FALSE)=2,_xlfn.IFS(H5=3,VLOOKUP(E5,Справочная_двигатели,3,FALSE),H5=1,VLOOKUP(E5,Справочная_двигатели,5,TRUE)),0),0) | AS5: =IFERROR(IF(VLOOKUP(AH5,Потребители_обозначение,5,FALSE)=3,VLOOKUP(E5,Справочная_ЛЭД,2,TRUE),0),0) | AT5: =IF(AR5=0,AS5,AR5)
A6: =D6 | B6: =IFERROR(IF(VLOOKUP(AH6,Потребители_обозначение,4,FALSE)=1,VLOOKUP(AH6,Потребители_обозначение,2,FALSE)&" "&VLOOKUP(AI6,Этаж_обозначение,2,FALSE)&" Пом. №"&AG6,VLOOKUP(AH6,Потребители_обозначение,2,FALSE)&" Шлейф №"&AI6),VLOOKUP(D6,Потребители_обозначение,2,FALSE)) | M6: =IFERROR(IF(VLOOKUP(AH6,Потребители_обозначение,4,FALSE)=1,VLOOKUP(AH6,Потребители_обозначение,3,FALSE)*(G6*2-1)+I6+VLOOKUP(AI6,Этаж_обозначение,3,FALSE)+VLOOKUP(AI6,Этаж_обозначение,4,FALSE),VLOOKUP(AH6,Потребители_обозначение,3,FALSE)*(G6*2-1)+I6),I6) | P6: =IF(VLOOKUP(AH6,Потребители_обозначение,5,FALSE)=2,_xlfn.IFS(H6=3,VLOOKUP(E6,Справочная_двигатели,8,FALSE),H6=1,VLOOKUP(E6,Справочная_двигатели,10,TRUE)),0.95) | T6: =_xlfn.IFS(H6=1,E6*1000/220,H6=3,E6/0.38/1.732) | U6: =IF(R6=0,VLOOKUP(T6,Автомат_номиналы,2,TRUE),R6) | V6: =IF(VLOOKUP(N6,Кабель_обозначение,3,FALSE)=1,IF(Q6=0,VLOOKUP(U6,Кабель_номиналы,2,TRUE),Q6),0) | W6: =VLOOKUP(V6,Кабель_сопротивление,3,FALSE) | X6: =VLOOKUP(V6,Кабель_сопротивление,2,FALSE) | Y6: {=_xlfn.IFS(H6=1,2,H6=3,1)} | Z6: =ROUND(SIN(ACOS(P6)),2) | AA6: =Y6*(W6*I6/V6+X6*I6*Z6/1000)*T6 | AB6: =ROUNDUP(AA6/220*100,2) | AC6: =_xlfn.IFS(H6=3,380,H6=1,220) | AD6: =VLOOKUP(N6,Кабель_обозначение,2,FALSE) | AE6: =IF(VLOOKUP(N6,Кабель_обозначение,3,FALSE)=1,AD6&" ("&O6&"х"&V6&")",AD6) | AF6: =IFERROR(IF(AB6>4.5,1,2),0) | AG6: =IFERROR(LEFT(AQ6,SEARCH(".",AQ6)-1),AQ6) | AH6: =IFERROR(LEFT(A6,SEARCH(".",A6)-1),A6) | AI6: =IFERROR(LEFT(AP6,SEARCH(".",AP6)-1),AP6) | AJ6: =IF(C6=0,B6,C6) | AK6: =ROUNDUP(T6,2) | AL6: =E6 | AM6: =D6 | AO6: =IF(V6=0,AD6,AE6&" L="&M6&"-"&AB6&"%") | AP6: =RIGHT(A6,LEN(A6)-SEARCH(".",A6)) | AQ6: =IFERROR(RIGHT(AP6,LEN(AP6)-SEARCH(".",AP6)),"") | AR6: =IFERROR(IF(VLOOKUP(AH6,Потребители_обозначение,5,FALSE)=2,_xlfn.IFS(H6=3,VLOOKUP(E6,Справочная_двигатели,3,FALSE),H6=1,VLOOKUP(E6,Справочная_двигатели,5,TRUE)),0),0) | AS6: =IFERROR(IF(VLOOKUP(AH6,Потребители_обозначение,5,FALSE)=3,VLOOKUP(E6,Справочная_ЛЭД,2,TRUE),0),0) | AT6: =IF(AR6=0,AS6,AR6)
A7: =D7 | B7: =IFERROR(IF(VLOOKUP(AH7,Потребители_обозначение,4,FALSE)=1,VLOOKUP(AH7,Потребители_обозначение,2,FALSE)&" "&VLOOKUP(AI7,Этаж_обозначение,2,FALSE)&" Пом. №"&AG7,VLOOKUP(AH7,Потребители_обозначение,2,FALSE)&" Шлейф №"&AI7),VLOOKUP(D7,Потребители_обозначение,2,FALSE)) | M7: =IFERROR(IF(VLOOKUP(AH7,Потребители_обозначение,4,FALSE)=1,VLOOKUP(AH7,Потребители_обозначение,3,FALSE)*(G7*2-1)+I7+VLOOKUP(AI7,Этаж_обозначение,3,FALSE)+VLOOKUP(AI7,Этаж_обозначение,4,FALSE),VLOOKUP(AH7,Потребители_обозначение,3,FALSE)*(G7*2-1)+I7),I7) | P7: =IF(VLOOKUP(AH7,Потребители_обозначение,5,FALSE)=2,_xlfn.IFS(H7=3,VLOOKUP(E7,Справочная_двигатели,8,FALSE),H7=1,VLOOKUP(E7,Справочная_двигатели,10,TRUE)),0.95) | T7: =_xlfn.IFS(H7=1,E7*1000/220,H7=3,E7/0.38/1.732) | U7: =IF(R7=0,VLOOKUP(T7,Автомат_номиналы,2,TRUE),R7) | V7: =IF(Q7=0,VLOOKUP(U7,Кабель_номиналы,2,TRUE),Q7) | W7: =VLOOKUP(V7,Кабель_сопротивление,3,FALSE) | X7: =VLOOKUP(V7,Кабель_сопротивление,2,FALSE) | Y7: {=_xlfn.IFS(H7=1,2,H7=3,1)} | Z7: =ROUND(SIN(ACOS(P7)),2) | AA7: =Y7*(W7*I7/V7+X7*I7*Z7/1000)*T7 | AB7: =ROUNDUP(AA7/220*100,2) | AC7: =_xlfn.IFS(H7=3,380,H7=1,220) | AD7: =VLOOKUP(N7,Кабель_обозначение,2,FALSE) | AE7: =IF(VLOOKUP(N7,Кабель_обозначение,3,FALSE)=1,AD7&" ("&O7&"х"&V7&")",AD7) | AF7: =IFERROR(IF(AB7>4.5,1,2),0) | AG7: =IFERROR(LEFT(AQ7,SEARCH(".",AQ7)-1),AQ7) | AH7: =IFERROR(LEFT(A7,SEARCH(".",A7)-1),A7) | AI7: =IFERROR(LEFT(AP7,SEARCH(".",AP7)-1),AP7) | AJ7: =IF(C7=0,B7,C7) | AK7: =ROUNDUP(T7,2) | AL7: =E7 | AM7: =D7 | AO7: =IF(V7=0,AD7,AE7&" L="&M7&"-"&AB7&"%") | AP7: =RIGHT(A7,LEN(A7)-SEARCH(".",A7)) | AQ7: =IFERROR(RIGHT(AP7,LEN(AP7)-SEARCH(".",AP7)),"") | AR7: =IFERROR(IF(VLOOKUP(AH7,Потребители_обозначение,5,FALSE)=2,_xlfn.IFS(H7=3,VLOOKUP(E7,Справочная_двигатели,3,FALSE),H7=1,VLOOKUP(E7,Справочная_двигатели,5,TRUE)),0),0) | AS7: =IFERROR(IF(VLOOKUP(AH7,Потребители_обозначение,5,FALSE)=3,VLOOKUP(E7,Справочная_ЛЭД,2,TRUE),0),0) | AT7: =IF(AR7=0,AS7,AR7)
A8: =D8 | B8: =IFERROR(IF(VLOOKUP(AH8,Потребители_обозначение,4,FALSE)=1,VLOOKUP(AH8,Потребители_обозначение,2,FALSE)&" "&VLOOKUP(AI8,Этаж_обозначение,2,FALSE)&" Пом. №"&AG8,VLOOKUP(AH8,Потребители_обозначение,2,FALSE)&" Шлейф №"&AI8),VLOOKUP(D8,Потребители_обозначение,2,FALSE)) | M8: =IFERROR(IF(VLOOKUP(AH8,Потребители_обозначение,4,FALSE)=1,VLOOKUP(AH8,Потребители_обозначение,3,FALSE)*(G8*2-1)+I8+VLOOKUP(AI8,Этаж_обозначение,3,FALSE)+VLOOKUP(AI8,Этаж_обозначение,4,FALSE),VLOOKUP(AH8,Потребители_обозначение,3,FALSE)*(G8*2-1)+I8),I8) | P8: =IF(VLOOKUP(AH8,Потребители_обозначение,5,FALSE)=2,_xlfn.IFS(H8=3,VLOOKUP(E8,Справочная_двигатели,8,FALSE),H8=1,VLOOKUP(E8,Справочная_двигатели,10,TRUE)),0.95) | T8: =_xlfn.IFS(H8=1,E8*1000/220,H8=3,E8/0.38/1.732) | U8: =IF(R8=0,VLOOKUP(T8,Автомат_номиналы,2,TRUE),R8) | V8: =IF(Q8=0,VLOOKUP(U8,Кабель_номиналы,2,TRUE),Q8) | W8: =VLOOKUP(V8,Кабель_сопротивление,3,FALSE) | X8: =VLOOKUP(V8,Кабель_сопротивление,2,FALSE) | Y8: {=_xlfn.IFS(H8=1,2,H8=3,1)} | Z8: =ROUND(SIN(ACOS(P8)),2) | AA8: =Y8*(W8*I8/V8+X8*I8*Z8/1000)*T8 | AB8: =ROUNDUP(AA8/220*100,2) | AC8: =_xlfn.IFS(H8=3,380,H8=1,220) | AD8: =VLOOKUP(N8,Кабель_обозначение,2,FALSE) | AE8: =IF(VLOOKUP(N8,Кабель_обозначение,3,FALSE)=1,AD8&" ("&O8&"х"&V8&")",AD8) | AF8: =IFERROR(IF(AB8>4.5,1,2),0) | AG8: =IFERROR(LEFT(AQ8,SEARCH(".",AQ8)-1),AQ8) | AH8: =IFERROR(LEFT(A8,SEARCH(".",A8)-1),A8) | AI8: =IFERROR(LEFT(AP8,SEARCH(".",AP8)-1),AP8) | AJ8: =IF(C8=0,B8,C8) | AK8: =ROUNDUP(T8,2) | AL8: =E8 | AM8: =D8 | AO8: =IF(V8=0,AD8,AE8&" L="&M8&"-"&AB8&"%") | AP8: =RIGHT(A8,LEN(A8)-SEARCH(".",A8)) | AQ8: =IFERROR(RIGHT(AP8,LEN(AP8)-SEARCH(".",AP8)),"") | AR8: =IFERROR(IF(VLOOKUP(AH8,Потребители_обозначение,5,FALSE)=2,_xlfn.IFS(H8=3,VLOOKUP(E8,Справочная_двигатели,3,FALSE),H8=1,VLOOKUP(E8,Справочная_двигатели,5,TRUE)),0),0) | AS8: =IFERROR(IF(VLOOKUP(AH8,Потребители_обозначение,5,FALSE)=3,VLOOKUP(E8,Справочная_ЛЭД,2,TRUE),0),0) | AT8: =IF(AR8=0,AS8,AR8)
A9: =D9 | B9: =IFERROR(IF(VLOOKUP(AH9,Потребители_обозначение,4,FALSE)=1,VLOOKUP(AH9,Потребители_обозначение,2,FALSE)&" "&VLOOKUP(AI9,Этаж_обозначение,2,FALSE)&" Пом. №"&AG9,VLOOKUP(AH9,Потребители_обозначение,2,FALSE)&" Шлейф №"&AI9),VLOOKUP(D9,Потребители_обозначение,2,FALSE)) | M9: =IFERROR(IF(VLOOKUP(AH9,Потребители_обозначение,4,FALSE)=1,VLOOKUP(AH9,Потребители_обозначение,3,FALSE)*(G9*2-1)+I9+VLOOKUP(AI9,Этаж_обозначение,3,FALSE)+VLOOKUP(AI9,Этаж_обозначение,4,FALSE),VLOOKUP(AH9,Потребители_обозначение,3,FALSE)*(G9*2-1)+I9),I9) | P9: =IF(VLOOKUP(AH9,Потребители_обозначение,5,FALSE)=2,_xlfn.IFS(H9=3,VLOOKUP(E9,Справочная_двигатели,8,FALSE),H9=1,VLOOKUP(E9,Справочная_двигатели,10,TRUE)),0.95) | T9: =_xlfn.IFS(H9=1,E9*1000/220,H9=3,E9/0.38/1.732) | U9: =IF(R9=0,VLOOKUP(T9,Автомат_номиналы,2,TRUE),R9) | V9: =IF(Q9=0,VLOOKUP(U9,Кабель_номиналы,2,TRUE),Q9) | W9: =VLOOKUP(V9,Кабель_сопротивление,3,FALSE) | X9: =VLOOKUP(V9,Кабель_сопротивление,2,FALSE) | Y9: {=_xlfn.IFS(H9=1,2,H9=3,1)} | Z9: =ROUND(SIN(ACOS(P9)),2) | AA9: =Y9*(W9*I9/V9+X9*I9*Z9/1000)*T9 | AB9: =ROUNDUP(AA9/220*100,2) | AC9: =_xlfn.IFS(H9=3,380,H9=1,220) | AD9: =VLOOKUP(N9,Кабель_обозначение,2,FALSE) | AE9: =IF(VLOOKUP(N9,Кабель_обозначение,3,FALSE)=1,AD9&" ("&O9&"х"&V9&")",AD9) | AF9: =IFERROR(IF(AB9>4.5,1,2),0) | AG9: =IFERROR(LEFT(AQ9,SEARCH(".",AQ9)-1),AQ9) | AH9: =IFERROR(LEFT(A9,SEARCH(".",A9)-1),A9) | AI9: =IFERROR(LEFT(AP9,SEARCH(".",AP9)-1),AP9) | AJ9: =IF(C9=0,B9,C9) | AK9: =ROUNDUP(T9,2) | AL9: =E9 | AM9: =D9 | AO9: =IF(V9=0,AD9,AE9&" L="&M9&"-"&AB9&"%") | AP9: =RIGHT(A9,LEN(A9)-SEARCH(".",A9)) | AQ9: =IFERROR(RIGHT(AP9,LEN(AP9)-SEARCH(".",AP9)),"") | AR9: =IFERROR(IF(VLOOKUP(AH9,Потребители_обозначение,5,FALSE)=2,_xlfn.IFS(H9=3,VLOOKUP(E9,Справочная_двигатели,3,FALSE),H9=1,VLOOKUP(E9,Справочная_двигатели,5,TRUE)),0),0) | AS9: =IFERROR(IF(VLOOKUP(AH9,Потребители_обозначение,5,FALSE)=3,VLOOKUP(E9,Справочная_ЛЭД,2,TRUE),0),0) | AT9: =IF(AR9=0,AS9,AR9)
A10: =D10 | B10: =IFERROR(IF(VLOOKUP(AH10,Потребители_обозначение,4,FALSE)=1,VLOOKUP(AH10,Потребители_обозначение,2,FALSE)&" "&VLOOKUP(AI10,Этаж_обозначение,2,FALSE)&" Пом. №"&AG10,VLOOKUP(AH10,Потребители_обозначение,2,FALSE)&" Шлейф №"&AI10),VLOOKUP(D10,Потребители_обозначение,2,FALSE)) | M10: =IFERROR(IF(VLOOKUP(AH10,Потребители_обозначение,4,FALSE)=1,VLOOKUP(AH10,Потребители_обозначение,3,FALSE)*(G10*2-1)+I10+VLOOKUP(AI10,Этаж_обозначение,3,FALSE)+VLOOKUP(AI10,Этаж_обозначение,4,FALSE),VLOOKUP(AH10,Потребители_обозначение,3,FALSE)*(G10*2-1)+I10),I10) | P10: =IF(VLOOKUP(AH10,Потребители_обозначение,5,FALSE)=2,_xlfn.IFS(H10=3,VLOOKUP(E10,Справочная_двигатели,8,FALSE),H10=1,VLOOKUP(E10,Справочная_двигатели,10,TRUE)),0.95) | T10: =_xlfn.IFS(H10=1,E10*1000/220,H10=3,E10/0.38/1.732) | U10: =IF(R10=0,VLOOKUP(T10,Автомат_номиналы,2,TRUE),R10) | V10: =IF(Q10=0,VLOOKUP(U10,Кабель_номиналы,2,TRUE),Q10) | W10: =VLOOKUP(V10,Кабель_сопротивление,3,FALSE) | X10: =VLOOKUP(V10,Кабель_сопротивление,2,FALSE) | Y10: {=_xlfn.IFS(H10=1,2,H10=3,1)} | Z10: =ROUND(SIN(ACOS(P10)),2) | AA10: =Y10*(W10*I10/V10+X10*I10*Z10/1000)*T10 | AB10: =ROUNDUP(AA10/220*100,2) | AC10: =_xlfn.IFS(H10=3,380,H10=1,220) | AD10: =VLOOKUP(N10,Кабель_обозначение,2,FALSE) | AE10: =IF(VLOOKUP(N10,Кабель_обозначение,3,FALSE)=1,AD10&" ("&O10&"х"&V10&")",AD10) | AF10: =IFERROR(IF(AB10>4.5,1,2),0) | AG10: =IFERROR(LEFT(AQ10,SEARCH(".",AQ10)-1),AQ10) | AH10: =IFERROR(LEFT(A10,SEARCH(".",A10)-1),A10) | AI10: =IFERROR(LEFT(AP10,SEARCH(".",AP10)-1),AP10) | AJ10: =IF(C10=0,B10,C10) | AK10: =ROUNDUP(T10,2) | AL10: =E10 | AM10: =D10 | AO10: =IF(V10=0,AD10,AE10&" L="&M10&"-"&AB10&"%") | AP10: =RIGHT(A10,LEN(A10)-SEARCH(".",A10)) | AQ10: =IFERROR(RIGHT(AP10,LEN(AP10)-SEARCH(".",AP10)),"") | AR10: =IFERROR(IF(VLOOKUP(AH10,Потребители_обозначение,5,FALSE)=2,_xlfn.IFS(H10=3,VLOOKUP(E10,Справочная_двигатели,3,FALSE),H10=1,VLOOKUP(E10,Справочная_двигатели,5,TRUE)),0),0) | AS10: =IFERROR(IF(VLOOKUP(AH10,Потребители_обозначение,5,FALSE)=3,VLOOKUP(E10,Справочная_ЛЭД,2,TRUE),0),0) | AT10: =IF(AR10=0,AS10,AR10)
A11: =D11 | B11: =IFERROR(IF(VLOOKUP(AH11,Потребители_обозначение,4,FALSE)=1,VLOOKUP(AH11,Потребители_обозначение,2,FALSE)&" "&VLOOKUP(AI11,Этаж_обозначение,2,FALSE)&" Пом. №"&AG11,VLOOKUP(AH11,Потребители_обозначение,2,FALSE)&" Шлейф №"&AI11),VLOOKUP(D11,Потребители_обозначение,2,FALSE)) | M11: =IFERROR(IF(VLOOKUP(AH11,Потребители_обозначение,4,FALSE)=1,VLOOKUP(AH11,Потребители_обозначение,3,FALSE)*(G11*2-1)+I11+VLOOKUP(AI11,Этаж_обозначение,3,FALSE)+VLOOKUP(AI11,Этаж_обозначение,4,FALSE),VLOOKUP(AH11,Потребители_обозначение,3,FALSE)*(G11*2-1)+I11),I11) | P11: =IF(VLOOKUP(AH11,Потребители_обозначение,5,FALSE)=2,_xlfn.IFS(H11=3,VLOOKUP(E11,Справочная_двигатели,8,FALSE),H11=1,VLOOKUP(E11,Справочная_двигатели,10,TRUE)),0.95) | T11: =_xlfn.IFS(H11=1,E11*1000/220,H11=3,E11/0.38/1.732) | U11: =IF(R11=0,VLOOKUP(T11,Автомат_номиналы,2,TRUE),R11) | V11: =IF(Q11=0,VLOOKUP(U11,Кабель_номиналы,2,TRUE),Q11) | W11: =VLOOKUP(V11,Кабель_сопротивление,3,FALSE) | X11: =VLOOKUP(V11,Кабель_сопротивление,2,FALSE) | Y11: {=_xlfn.IFS(H11=1,2,H11=3,1)} | Z11: =ROUND(SIN(ACOS(P11)),2) | AA11: =Y11*(W11*I11/V11+X11*I11*Z11/1000)*T11 | AB11: =ROUNDUP(AA11/220*100,2) | AC11: =_xlfn.IFS(H11=3,380,H11=1,220) | AD11: =VLOOKUP(N11,Кабель_обозначение,2,FALSE) | AE11: =IF(VLOOKUP(N11,Кабель_обозначение,3,FALSE)=1,AD11&" ("&O11&"х"&V11&")",AD11) | AF11: =IFERROR(IF(AB11>4.5,1,2),0) | AG11: =IFERROR(LEFT(AQ11,SEARCH(".",AQ11)-1),AQ11) | AH11: =IFERROR(LEFT(A11,SEARCH(".",A11)-1),A11) | AI11: =IFERROR(LEFT(AP11,SEARCH(".",AP11)-1),AP11) | AJ11: =IF(C11=0,B11,C11) | AK11: =ROUNDUP(T11,2) | AL11: =E11 | AM11: =D11 | AO11: =IF(V11=0,AD11,AE11&" L="&M11&"-"&AB11&"%") | AP11: =RIGHT(A11,LEN(A11)-SEARCH(".",A11)) | AQ11: =IFERROR(RIGHT(AP11,LEN(AP11)-SEARCH(".",AP11)),"") | AR11: =IFERROR(IF(VLOOKUP(AH11,Потребители_обозначение,5,FALSE)=2,_xlfn.IFS(H11=3,VLOOKUP(E11,Справочная_двигатели,3,FALSE),H11=1,VLOOKUP(E11,Справочная_двигатели,5,TRUE)),0),0) | AS11: =IFERROR(IF(VLOOKUP(AH11,Потребители_обозначение,5,FALSE)=3,VLOOKUP(E11,Справочная_ЛЭД,2,TRUE),0),0) | AT11: =IF(AR11=0,AS11,AR11)
A12: =D12 | B12: =IFERROR(IF(VLOOKUP(AH12,Потребители_обозначение,4,FALSE)=1,VLOOKUP(AH12,Потребители_обозначение,2,FALSE)&" "&VLOOKUP(AI12,Этаж_обозначение,2,FALSE)&" Пом. №"&AG12,VLOOKUP(AH12,Потребители_обозначение,2,FALSE)&" Шлейф №"&AI12),VLOOKUP(D12,Потребители_обозначение,2,FALSE)) | M12: =IFERROR(IF(VLOOKUP(AH12,Потребители_обозначение,4,FALSE)=1,VLOOKUP(AH12,Потребители_обозначение,3,FALSE)*(G12*2-1)+I12+VLOOKUP(AI12,Этаж_обозначение,3,FALSE)+VLOOKUP(AI12,Этаж_обозначение,4,FALSE),VLOOKUP(AH12,Потребители_обозначение,3,FALSE)*(G12*2-1)+I12),I12) | P12: =IF(VLOOKUP(AH12,Потребители_обозначение,5,FALSE)=2,_xlfn.IFS(H12=3,VLOOKUP(E12,Справочная_двигатели,8,FALSE),H12=1,VLOOKUP(E12,Справочная_двигатели,10,TRUE)),0.95) | T12: =_xlfn.IFS(H12=1,E12*1000/220,H12=3,E12/0.38/1.732) | U12: =IF(R12=0,VLOOKUP(T12,Автомат_номиналы,2,TRUE),R12) | V12: =IF(Q12=0,VLOOKUP(U12,Кабель_номиналы,2,TRUE),Q12) | W12: =VLOOKUP(V12,Кабель_сопротивление,3,FALSE) | X12: =VLOOKUP(V12,Кабель_сопротивление,2,FALSE) | Y12: {=_xlfn.IFS(H12=1,2,H12=3,1)} | Z12: =ROUND(SIN(ACOS(P12)),2) | AA12: =Y12*(W12*I12/V12+X12*I12*Z12/1000)*T12 | AB12: =ROUNDUP(AA12/220*100,2) | AC12: =_xlfn.IFS(H12=3,380,H12=1,220) | AD12: =VLOOKUP(N12,Кабель_обозначение,2,FALSE) | AE12: =IF(VLOOKUP(N12,Кабель_обозначение,3,FALSE)=1,AD12&" ("&O12&"х"&V12&")",AD12) | AF12: =IFERROR(IF(AB12>4.5,1,2),0) | AG12: =IFERROR(LEFT(AQ12,SEARCH(".",AQ12)-1),AQ12) | AH12: =IFERROR(LEFT(A12,SEARCH(".",A12)-1),A12) | AI12: =IFERROR(LEFT(AP12,SEARCH(".",AP12)-1),AP12) | AJ12: =IF(C12=0,B12,C12) | AK12: =ROUNDUP(T12,2) | AL12: =E12 | AM12: =D12 | AO12: =IF(V12=0,AD12,AE12&" L="&M12&"-"&AB12&"%") | AP12: =RIGHT(A12,LEN(A12)-SEARCH(".",A12)) | AQ12: =IFERROR(RIGHT(AP12,LEN(AP12)-SEARCH(".",AP12)),"") | AR12: =IFERROR(IF(VLOOKUP(AH12,Потребители_обозначение,5,FALSE)=2,_xlfn.IFS(H12=3,VLOOKUP(E12,Справочная_двигатели,3,FALSE),H12=1,VLOOKUP(E12,Справочная_двигатели,5,TRUE)),0),0) | AS12: =IFERROR(IF(VLOOKUP(AH12,Потребители_обозначение,5,FALSE)=3,VLOOKUP(E12,Справочная_ЛЭД,2,TRUE),0),0) | AT12: =IF(AR12=0,AS12,AR12)
A13: =D13 | B13: =IFERROR(IF(VLOOKUP(AH13,Потребители_обозначение,4,FALSE)=1,VLOOKUP(AH13,Потребители_обозначение,2,FALSE)&" "&VLOOKUP(AI13,Этаж_обозначение,2,FALSE)&" Пом. №"&AG13,VLOOKUP(AH13,Потребители_обозначение,2,FALSE)&" Шлейф №"&AI13),VLOOKUP(D13,Потребители_обозначение,2,FALSE)) | M13: =IFERROR(IF(VLOOKUP(AH13,Потребители_обозначение,4,FALSE)=1,VLOOKUP(AH13,Потребители_обозначение,3,FALSE)*(G13*2-1)+I13+VLOOKUP(AI13,Этаж_обозначение,3,FALSE)+VLOOKUP(AI13,Этаж_обозначение,4,FALSE),VLOOKUP(AH13,Потребители_обозначение,3,FALSE)*(G13*2-1)+I13),I13) | P13: =IF(VLOOKUP(AH13,Потребители_обозначение,5,FALSE)=2,_xlfn.IFS(H13=3,VLOOKUP(E13,Справочная_двигатели,8,FALSE),H13=1,VLOOKUP(E13,Справочная_двигатели,10,TRUE)),0.95) | T13: =_xlfn.IFS(H13=1,E13*1000/220,H13=3,E13/0.38/1.732) | U13: =IF(R13=0,VLOOKUP(T13,Автомат_номиналы,2,TRUE),R13) | V13: =IF(Q13=0,VLOOKUP(U13,Кабель_номиналы,2,TRUE),Q13) | W13: =VLOOKUP(V13,Кабель_сопротивление,3,FALSE) | X13: =VLOOKUP(V13,Кабель_сопротивление,2,FALSE) | Y13: {=_xlfn.IFS(H13=1,2,H13=3,1)} | Z13: =ROUND(SIN(ACOS(P13)),2) | AA13: =Y13*(W13*I13/V13+X13*I13*Z13/1000)*T13 | AB13: =ROUNDUP(AA13/220*100,2) | AC13: =_xlfn.IFS(H13=3,380,H13=1,220) | AD13: =VLOOKUP(N13,Кабель_обозначение,2,FALSE) | AE13: =IF(VLOOKUP(N13,Кабель_обозначение,3,FALSE)=1,AD13&" ("&O13&"х"&V13&")",AD13) | AF13: =IFERROR(IF(AB13>4.5,1,2),0) | AG13: =IFERROR(LEFT(AQ13,SEARCH(".",AQ13)-1),AQ13) | AH13: =IFERROR(LEFT(A13,SEARCH(".",A13)-1),A13) | AI13: =IFERROR(LEFT(AP13,SEARCH(".",AP13)-1),AP13) | AJ13: =IF(C13=0,B13,C13) | AK13: =ROUNDUP(T13,2) | AL13: =E13 | AM13: =D13 | AO13: =IF(V13=0,AD13,AE13&" L="&M13&"-"&AB13&"%") | AP13: =RIGHT(A13,LEN(A13)-SEARCH(".",A13)) | AQ13: =IFERROR(RIGHT(AP13,LEN(AP13)-SEARCH(".",AP13)),"") | AR13: =IFERROR(IF(VLOOKUP(AH13,Потребители_обозначение,5,FALSE)=2,_xlfn.IFS(H13=3,VLOOKUP(E13,Справочная_двигатели,3,FALSE),H13=1,VLOOKUP(E13,Справочная_двигатели,5,TRUE)),0),0) | AS13: =IFERROR(IF(VLOOKUP(AH13,Потребители_обозначение,5,FALSE)=3,VLOOKUP(E13,Справочная_ЛЭД,2,TRUE),0),0) | AT13: =IF(AR13=0,AS13,AR13)
A14: =D14 | B14: =IFERROR(IF(VLOOKUP(AH14,Потребители_обозначение,4,FALSE)=1,VLOOKUP(AH14,Потребители_обозначение,2,FALSE)&" "&VLOOKUP(AI14,Этаж_обозначение,2,FALSE)&" Пом. №"&AG14,VLOOKUP(AH14,Потребители_обозначение,2,FALSE)&" Шлейф №"&AI14),VLOOKUP(D14,Потребители_обозначение,2,FALSE)) | M14: =IFERROR(IF(VLOOKUP(AH14,Потребители_обозначение,4,FALSE)=1,VLOOKUP(AH14,Потребители_обозначение,3,FALSE)*(G14*2-1)+I14+VLOOKUP(AI14,Этаж_обозначение,3,FALSE)+VLOOKUP(AI14,Этаж_обозначение,4,FALSE),VLOOKUP(AH14,Потребители_обозначение,3,FALSE)*(G14*2-1)+I14),I14) | P14: =IF(VLOOKUP(AH14,Потребители_обозначение,5,FALSE)=2,_xlfn.IFS(H14=3,VLOOKUP(E14,Справочная_двигатели,8,FALSE),H14=1,VLOOKUP(E14,Справочная_двигатели,10,TRUE)),0.95) | T14: =_xlfn.IFS(H14=1,E14*1000/220,H14=3,E14/0.38/1.732) | U14: =IF(R14=0,VLOOKUP(T14,Автомат_номиналы,2,TRUE),R14) | V14: =IF(Q14=0,VLOOKUP(U14,Кабель_номиналы,2,TRUE),Q14) | W14: =VLOOKUP(V14,Кабель_сопротивление,3,FALSE) | X14: =VLOOKUP(V14,Кабель_сопротивление,2,FALSE) | Y14: {=_xlfn.IFS(H14=1,2,H14=3,1)} | Z14: =ROUND(SIN(ACOS(P14)),2) | AA14: =Y14*(W14*I14/V14+X14*I14*Z14/1000)*T14 | AB14: =ROUNDUP(AA14/220*100,2) | AC14: =_xlfn.IFS(H14=3,380,H14=1,220) | AD14: =VLOOKUP(N14,Кабель_обозначение,2,FALSE) | AE14: =IF(VLOOKUP(N14,Кабель_обозначение,3,FALSE)=1,AD14&" ("&O14&"х"&V14&")",AD14) | AF14: =IFERROR(IF(AB14>4.5,1,2),0) | AG14: =IFERROR(LEFT(AQ14,SEARCH(".",AQ14)-1),AQ14) | AH14: =IFERROR(LEFT(A14,SEARCH(".",A14)-1),A14) | AI14: =IFERROR(LEFT(AP14,SEARCH(".",AP14)-1),AP14) | AJ14: =IF(C14=0,B14,C14) | AK14: =ROUNDUP(T14,2) | AL14: =E14 | AM14: =D14 | AO14: =IF(V14=0,AD14,AE14&" L="&M14&"-"&AB14&"%") | AP14: =RIGHT(A14,LEN(A14)-SEARCH(".",A14)) | AQ14: =IFERROR(RIGHT(AP14,LEN(AP14)-SEARCH(".",AP14)),"") | AR14: =IFERROR(IF(VLOOKUP(AH14,Потребители_обозначение,5,FALSE)=2,_xlfn.IFS(H14=3,VLOOKUP(E14,Справочная_двигатели,3,FALSE),H14=1,VLOOKUP(E14,Справочная_двигатели,5,TRUE)),0),0) | AS14: =IFERROR(IF(VLOOKUP(AH14,Потребители_обозначение,5,FALSE)=3,VLOOKUP(E14,Справочная_ЛЭД,2,TRUE),0),0) | AT14: =IF(AR14=0,AS14,AR14)
A15: =D15 | B15: =IFERROR(IF(VLOOKUP(AH15,Потребители_обозначение,4,FALSE)=1,VLOOKUP(AH15,Потребители_обозначение,2,FALSE)&" "&VLOOKUP(AI15,Этаж_обозначение,2,FALSE)&" Пом. №"&AG15,VLOOKUP(AH15,Потребители_обозначение,2,FALSE)&" Шлейф №"&AI15),VLOOKUP(D15,Потребители_обозначение,2,FALSE)) | M15: =IFERROR(IF(VLOOKUP(AH15,Потребители_обозначение,4,FALSE)=1,VLOOKUP(AH15,Потребители_обозначение,3,FALSE)*(G15*2-1)+I15+VLOOKUP(AI15,Этаж_обозначение,3,FALSE)+VLOOKUP(AI15,Этаж_обозначение,4,FALSE),VLOOKUP(AH15,Потребители_обозначение,3,FALSE)*(G15*2-1)+I15),I15) | P15: =IF(VLOOKUP(AH15,Потребители_обозначение,5,FALSE)=2,_xlfn.IFS(H15=3,VLOOKUP(E15,Справочная_двигатели,8,FALSE),H15=1,VLOOKUP(E15,Справочная_двигатели,10,TRUE)),0.95) | T15: =_xlfn.IFS(H15=1,E15*1000/220,H15=3,E15/0.38/1.732) | U15: =IF(R15=0,VLOOKUP(T15,Автомат_номиналы,2,TRUE),R15) | V15: =IF(Q15=0,VLOOKUP(U15,Кабель_номиналы,2,TRUE),Q15) | W15: =VLOOKUP(V15,Кабель_сопротивление,3,FALSE) | X15: =VLOOKUP(V15,Кабель_сопротивление,2,FALSE) | Y15: {=_xlfn.IFS(H15=1,2,H15=3,1)} | Z15: =ROUND(SIN(ACOS(P15)),2) | AA15: =Y15*(W15*I15/V15+X15*I15*Z15/1000)*T15 | AB15: =ROUNDUP(AA15/220*100,2) | AC15: =_xlfn.IFS(H15=3,380,H15=1,220) | AD15: =VLOOKUP(N15,Кабель_обозначение,2,FALSE) | AE15: =IF(VLOOKUP(N15,Кабель_обозначение,3,FALSE)=1,AD15&" ("&O15&"х"&V15&")",AD15) | AF15: =IFERROR(IF(AB15>4.5,1,2),0) | AG15: =IFERROR(LEFT(AQ15,SEARCH(".",AQ15)-1),AQ15) | AH15: =IFERROR(LEFT(A15,SEARCH(".",A15)-1),A15) | AI15: =IFERROR(LEFT(AP15,SEARCH(".",AP15)-1),AP15) | AJ15: =IF(C15=0,B15,C15) | AK15: =ROUNDUP(T15,2) | AL15: =E15 | AM15: =D15 | AO15: =IF(V15=0,AD15,AE15&" L="&M15&"-"&AB15&"%") | AP15: =RIGHT(A15,LEN(A15)-SEARCH(".",A15)) | AQ15: =IFERROR(RIGHT(AP15,LEN(AP15)-SEARCH(".",AP15)),"") | AR15: =IFERROR(IF(VLOOKUP(AH15,Потребители_обозначение,5,FALSE)=2,_xlfn.IFS(H15=3,VLOOKUP(E15,Справочная_двигатели,3,FALSE),H15=1,VLOOKUP(E15,Справочная_двигатели,5,TRUE)),0),0) | AS15: =IFERROR(IF(VLOOKUP(AH15,Потребители_обозначение,5,FALSE)=3,VLOOKUP(E15,Справочная_ЛЭД,2,TRUE),0),0) | AT15: =IF(AR15=0,AS15,AR15)
A16: =D16 | B16: =IFERROR(IF(VLOOKUP(AH16,Потребители_обозначение,4,FALSE)=1,VLOOKUP(AH16,Потребители_обозначение,2,FALSE)&" "&VLOOKUP(AI16,Этаж_обозначение,2,FALSE)&" Пом. №"&AG16,VLOOKUP(AH16,Потребители_обозначение,2,FALSE)&" Шлейф №"&AI16),VLOOKUP(D16,Потребители_обозначение,2,FALSE)) | M16: =IFERROR(IF(VLOOKUP(AH16,Потребители_обозначение,4,FALSE)=1,VLOOKUP(AH16,Потребители_обозначение,3,FALSE)*(G16*2-1)+I16+VLOOKUP(AI16,Этаж_обозначение,3,FALSE)+VLOOKUP(AI16,Этаж_обозначение,4,FALSE),VLOOKUP(AH16,Потребители_обозначение,3,FALSE)*(G16*2-1)+I16),I16) | P16: =IF(VLOOKUP(AH16,Потребители_обозначение,5,FALSE)=2,_xlfn.IFS(H16=3,VLOOKUP(E16,Справочная_двигатели,8,FALSE),H16=1,VLOOKUP(E16,Справочная_двигатели,10,TRUE)),0.95) | T16: =_xlfn.IFS(H16=1,E16*1000/220,H16=3,E16/0.38/1.732) | U16: =IF(R16=0,VLOOKUP(T16,Автомат_номиналы,2,TRUE),R16) | V16: =IF(Q16=0,VLOOKUP(U16,Кабель_номиналы,2,TRUE),Q16) | W16: =VLOOKUP(V16,Кабель_сопротивление,3,FALSE) | X16: =VLOOKUP(V16,Кабель_сопротивление,2,FALSE) | Y16: {=_xlfn.IFS(H16=1,2,H16=3,1)} | Z16: =ROUND(SIN(ACOS(P16)),2) | AA16: =Y16*(W16*I16/V16+X16*I16*Z16/1000)*T16 | AB16: =ROUNDUP(AA16/220*100,2) | AC16: =_xlfn.IFS(H16=3,380,H16=1,220) | AD16: =VLOOKUP(N16,Кабель_обозначение,2,FALSE) | AE16: =IF(VLOOKUP(N16,Кабель_обозначение,3,FALSE)=1,AD16&" ("&O16&"х"&V16&")",AD16) | AF16: =IFERROR(IF(AB16>4.5,1,2),0) | AG16: =IFERROR(LEFT(AQ16,SEARCH(".",AQ16)-1),AQ16) | AH16: =IFERROR(LEFT(A16,SEARCH(".",A16)-1),A16) | AI16: =IFERROR(LEFT(AP16,SEARCH(".",AP16)-1),AP16) | AJ16: =IF(C16=0,B16,C16) | AK16: =ROUNDUP(T16,2) | AL16: =E16 | AM16: =D16 | AO16: =IF(V16=0,AD16,AE16&" L="&M16&"-"&AB16&"%") | AP16: =RIGHT(A16,LEN(A16)-SEARCH(".",A16)) | AQ16: =IFERROR(RIGHT(AP16,LEN(AP16)-SEARCH(".",AP16)),"") | AR16: =IFERROR(IF(VLOOKUP(AH16,Потребители_обозначение,5,FALSE)=2,_xlfn.IFS(H16=3,VLOOKUP(E16,Справочная_двигатели,3,FALSE),H16=1,VLOOKUP(E16,Справочная_двигатели,5,TRUE)),0),0) | AS16: =IFERROR(IF(VLOOKUP(AH16,Потребители_обозначение,5,FALSE)=3,VLOOKUP(E16,Справочная_ЛЭД,2,TRUE),0),0) | AT16: =IF(AR16=0,AS16,AR16)
A17: =D17 | B17: =IFERROR(IF(VLOOKUP(AH17,Потребители_обозначение,4,FALSE)=1,VLOOKUP(AH17,Потребители_обозначение,2,FALSE)&" "&VLOOKUP(AI17,Этаж_обозначение,2,FALSE)&" Пом. №"&AG17,VLOOKUP(AH17,Потребители_обозначение,2,FALSE)&" Шлейф №"&AI17),VLOOKUP(D17,Потребители_обозначение,2,FALSE)) | M17: =IFERROR(IF(VLOOKUP(AH17,Потребители_обозначение,4,FALSE)=1,VLOOKUP(AH17,Потребители_обозначение,3,FALSE)*(G17*2-1)+I17+VLOOKUP(AI17,Этаж_обозначение,3,FALSE)+VLOOKUP(AI17,Этаж_обозначение,4,FALSE),VLOOKUP(AH17,Потребители_обозначение,3,FALSE)*(G17*2-1)+I17),I17) | P17: =IF(VLOOKUP(AH17,Потребители_обозначение,5,FALSE)=2,_xlfn.IFS(H17=3,VLOOKUP(E17,Справочная_двигатели,8,FALSE),H17=1,VLOOKUP(E17,Справочная_двигатели,10,TRUE)),0.95) | T17: =_xlfn.IFS(H17=1,E17*1000/220,H17=3,E17/0.38/1.732) | U17: =IF(R17=0,VLOOKUP(T17,Автомат_номиналы,2,TRUE),R17) | V17: =IF(Q17=0,VLOOKUP(U17,Кабель_номиналы,2,TRUE),Q17) | W17: =VLOOKUP(V17,Кабель_сопротивление,3,FALSE) | X17: =VLOOKUP(V17,Кабель_сопротивление,2,FALSE) | Y17: {=_xlfn.IFS(H17=1,2,H17=3,1)} | Z17: =ROUND(SIN(ACOS(P17)),2) | AA17: =Y17*(W17*I17/V17+X17*I17*Z17/1000)*T17 | AB17: =ROUNDUP(AA17/220*100,2) | AC17: =_xlfn.IFS(H17=3,380,H17=1,220) | AD17: =VLOOKUP(N17,Кабель_обозначение,2,FALSE) | AE17: =IF(VLOOKUP(N17,Кабель_обозначение,3,FALSE)=1,AD17&" ("&O17&"х"&V17&")",AD17) | AF17: =IFERROR(IF(AB17>4.5,1,2),0) | AG17: =IFERROR(LEFT(AQ17,SEARCH(".",AQ17)-1),AQ17) | AH17: =IFERROR(LEFT(A17,SEARCH(".",A17)-1),A17) | AI17: =IFERROR(LEFT(AP17,SEARCH(".",AP17)-1),AP17) | AJ17: =IF(C17=0,B17,C17) | AK17: =ROUNDUP(T17,2) | AL17: =E17 | AM17: =D17 | AO17: =IF(V17=0,AD17,AE17&" L="&M17&"-"&AB17&"%") | AP17: =RIGHT(A17,LEN(A17)-SEARCH(".",A17)) | AQ17: =IFERROR(RIGHT(AP17,LEN(AP17)-SEARCH(".",AP17)),"") | AR17: =IFERROR(IF(VLOOKUP(AH17,Потребители_обозначение,5,FALSE)=2,_xlfn.IFS(H17=3,VLOOKUP(E17,Справочная_двигатели,3,FALSE),H17=1,VLOOKUP(E17,Справочная_двигатели,5,TRUE)),0),0) | AS17: =IFERROR(IF(VLOOKUP(AH17,Потребители_обозначение,5,FALSE)=3,VLOOKUP(E17,Справочная_ЛЭД,2,TRUE),0),0) | AT17: =IF(AR17=0,AS17,AR17)
A18: =D18 | B18: =IFERROR(IF(VLOOKUP(AH18,Потребители_обозначение,4,FALSE)=1,VLOOKUP(AH18,Потребители_обозначение,2,FALSE)&" "&VLOOKUP(AI18,Этаж_обозначение,2,FALSE)&" Пом. №"&AG18,VLOOKUP(AH18,Потребители_обозначение,2,FALSE)&" Шлейф №"&AI18),VLOOKUP(D18,Потребители_обозначение,2,FALSE)) | M18: =IFERROR(IF(VLOOKUP(AH18,Потребители_обозначение,4,FALSE)=1,VLOOKUP(AH18,Потребители_обозначение,3,FALSE)*(G18*2-1)+I18+VLOOKUP(AI18,Этаж_обозначение,3,FALSE)+VLOOKUP(AI18,Этаж_обозначение,4,FALSE),VLOOKUP(AH18,Потребители_обозначение,3,FALSE)*(G18*2-1)+I18),I18) | P18: =IF(VLOOKUP(AH18,Потребители_обозначение,5,FALSE)=2,_xlfn.IFS(H18=3,VLOOKUP(E18,Справочная_двигатели,8,FALSE),H18=1,VLOOKUP(E18,Справочная_двигатели,10,TRUE)),0.95) | T18: =_xlfn.IFS(H18=1,E18*1000/220,H18=3,E18/0.38/1.732) | U18: =IF(R18=0,VLOOKUP(T18,Автомат_номиналы,2,TRUE),R18) | V18: =IF(Q18=0,VLOOKUP(U18,Кабель_номиналы,2,TRUE),Q18) | W18: =VLOOKUP(V18,Кабель_сопротивление,3,FALSE) | X18: =VLOOKUP(V18,Кабель_сопротивление,2,FALSE) | Y18: {=_xlfn.IFS(H18=1,2,H18=3,1)} | Z18: =ROUND(SIN(ACOS(P18)),2) | AA18: =Y18*(W18*I18/V18+X18*I18*Z18/1000)*T18 | AB18: =ROUNDUP(AA18/220*100,2) | AC18: =_xlfn.IFS(H18=3,380,H18=1,220) | AD18: =VLOOKUP(N18,Кабель_обозначение,2,FALSE) | AE18: =IF(VLOOKUP(N18,Кабель_обозначение,3,FALSE)=1,AD18&" ("&O18&"х"&V18&")",AD18) | AF18: =IFERROR(IF(AB18>4.5,1,2),0) | AG18: =IFERROR(LEFT(AQ18,SEARCH(".",AQ18)-1),AQ18) | AH18: =IFERROR(LEFT(A18,SEARCH(".",A18)-1),A18) | AI18: =IFERROR(LEFT(AP18,SEARCH(".",AP18)-1),AP18) | AJ18: =IF(C18=0,B18,C18) | AK18: =ROUNDUP(T18,2) | AL18: =E18 | AM18: =D18 | AO18: =IF(V18=0,AD18,AE18&" L="&M18&"-"&AB18&"%") | AP18: =RIGHT(A18,LEN(A18)-SEARCH(".",A18)) | AQ18: =IFERROR(RIGHT(AP18,LEN(AP18)-SEARCH(".",AP18)),"") | AR18: =IFERROR(IF(VLOOKUP(AH18,Потребители_обозначение,5,FALSE)=2,_xlfn.IFS(H18=3,VLOOKUP(E18,Справочная_двигатели,3,FALSE),H18=1,VLOOKUP(E18,Справочная_двигатели,5,TRUE)),0),0) | AS18: =IFERROR(IF(VLOOKUP(AH18,Потребители_обозначение,5,FALSE)=3,VLOOKUP(E18,Справочная_ЛЭД,2,TRUE),0),0) | AT18: =IF(AR18=0,AS18,AR18)
