Workbook
Name Автомат_номиналы: Справочная!$F$4:$G$13
Name гофра_пвх: Справочная_потребители!$Z$4:$AB$9
Name гофра_пнд: Справочная_потребители!$AD$4:$AF$9
Name Для_диапазонов: 'В Акад'!$B$3:$M$4000
Name Для_расчета_кабелей: Кабельный_журнал!$I$5:$W$1000
Name Исходные_данные: 'Исходные данные'!$A$3:$AT$1000
Name Итог_щит_1: 'В Акад'!$P$2:$U$6
Name Итог_щит_2: 'В Акад'!$P$9:$U$13
Name Кабель_диаметр: Справочная_потребители!$T$4:$X$503
Name Кабель_номиналы: Справочная!$I$4:$J$19
Name Кабель_обозначение: Справочная!$L$4:$N$51
Name Кабель_сопротивление: Справочная!$B$4:$D$19
Name Кабельный_журнал: INDIRECT(Диапазоны!$C$34):INDIRECT(Диапазоны!$F$34)
Name Нагрузка_диапазон_1: Нагрузка_щитов!$D$2:$I$1000
Name Нумерация_щитов_1: Разбивка_по_щитам!$A$3:$A$1000
Name Нумерация_щитов_2: Разбивка_по_щитам!$B$3:$B$1000
Name Потребители_обозначение: Справочная!$P$4:$T$51
Name Разбивка_нумерация_1: Разбивка_по_щитам!$A$3:$U$1000
Name Разбивка_нумерация_2: Разбивка_по_щитам!$B$3:$U$1000
Name Разбивка_нумерация_4: Разбивка_по_щитам!$D$2:$U$1000
Name Разбивка_нумерация_5: Разбивка_по_щитам!$E$2:$U$1000
Name Спецификация: Спецификация!$B$3:$J$60
Name Справочная_двигатели: Справочная_потребители!$B$4:$K$37
Name Справочная_ЛЭД: Справочная_потребители!$M$4:$O$19
Name Справочная_ПТО: Справочная!$AE$4:$AF$200
Name Щит_1: INDIRECT(Диапазоны!$C$4):INDIRECT(Диапазоны!$F$4)
Name Щит_2: INDIRECT(Диапазоны!$C$5):INDIRECT(Диапазоны!$F$5)
Name Этаж_обозначение: Справочная!$Y$4:$AB$19

Sheet Краткое руководство
C1: Версия таблицы 1.05 Демо | E1: Ведомость изменений | H1: Ведомость неисправляемых ошибок
B2: 1 | C2: Нельзя добавлять строки | E2: 1.01 Демо | F2: Создание таблицы | H2: Все резервы идут под одинаковой фазой, нет возможности задать в ручную
B3: 2 | C3: НЕЛЬЗЯ трогать ячейки выделенные синим цветом!!! | E3: 1.02 Демо | F3: Исправлены некоторые ошибки в расчетах
B4: 3 | C4: НЕЛЬЗЯ вставлять столбцы | E4: 1.03 Демо | F4: Добавлено выделение ячеек красным при нарушении потерь напряжения, добавлено выделение ячейки с кол-вом электроприемников
B5: 4 | C5: Нельзя вырезать данные (ctrl+x) | E5: 1.04а Демо | F5: 1.Исправлена ошибка автоназвания потребителя, если нет порядкового номера. 2.Добавлена возможность корректировки Кс и косинуса на листе "Нагрузка_Щитов" (ошибка защиты листа). 3.Начато исправление ошибки ненахождение артикулов на ПК с разделительным знаком "," в таблице ПТО в справочной.
B6: 5 | C6: Листы расставлены в порядке заполнения (Справочная>Исходные данные>Разбивка по щитам>ТКЗ>Нагрузка щитов>Спецификация), прочие листы - системные | E6: 1.04.2а Демо | F6: Исправлены некоторые ошибки в расчетах
B7: 6 | C7: На листе "Кабельный журнал" есть сводная таблица кабелей | E7: 1.04.2б Демо | F7: Добавлен лист токов КЗ для тестирования, добавлена справочная с Iп (не внедрен в расчеты)
B8: 7 | C8: На листе "Кабельный журнал" есть сводная таблица артикулов прокладки | E8: 1.04.2в Демо | F8: Исправлены некоторые ошибки в диапазонах
B9: 8 | C9: Номинал автомата нужен для расчета сечения кабеля, для других целей не используется | E9: 1.05 Демо | F9: Добавлен расчет пусковых токов, добавлен авто Cos(фи) (Нагрузка_щитов) Добавлен расчет КРМ + рекомндация по установке КРМ (Нагрузка_щитов)
B10: 9 | C10: Все ячейки, кроме нужных - заблокированы
B11: 10 | C11: Если какая-то ячейка выделилась красным - значит есть нарушение (ГОСТа, расчета или иное), меняй значения во вводимых данных. Выделенная ячейка как-то связана с ошибкой

Sheet Справочная
L2: Заполнить!!! | AE2: ПТО
B3: Сечение | C3: Индуктивное, Ом/км | D3: Активное, Ом/км | F3: Ток | G3: Автомат | I3: Ток | J3: Кабель | L3: Обознач | M3: Кабель | N3: Сечение (1-да; 2 -нет) | P3: Обознач | Q3: Потребитель | R3: Опуск | S3: 1 - этаж/2 - шлейф | T3: Пусковой ток 1 - нет/2 - двигатель/3-свет | V3: Обознач | W3: Расшифровка | Y3: Обознач | Z3: Этаж | AA3: Подъем | AB3: По другим этажам | AE3: Кабель | AF3: Артикул | AG3: Тип кабеля | AH3: Кол-во жил | AI3: Сечение | AJ3: Пол/Потолок
B4: 0.75 | C4: 0.13 | D4: 0.0175 | F4: 0 | G4: 6 | I4: 0 | J4: 1.5 | L4: мс | M4: ВВГнг(А)-LS | N4: 1 | P4: Ввод | Q4: Ввод питающей линии | R4: 5 | S4: 1 | T4: 1 | V4: тпв | W4: Труба жесткая ПВХ | Y4: 0 | Z4: Цокольный этаж | AE4: =AG4&" ("&AH4&"х"&AI4&") "&AJ4 -> ВВГнг(А)-LS (2х1,5) 1 | AF4: МСК001 | AG4: ВВГнг(А)-LS | AH4: 2 | AI4: 1.5 | AJ4: 1
B5: 1 | C5: 0.11 | D5: 0.0175 | F5: 5.4 | G5: 10 | I5: 19 | J5: 2.5 | L5: мфр | M5: ВВГнг(А)-FRLS | N5: 1 | P5: На ИБП | Q5: Питание на ИБП | R5: 5 | S5: 1 | T5: 1 | V5: тпн | W5: Труба жесткая ПНД | Y5: 1 | AE5: =AG5&" ("&AH5&"х"&AI5&") "&AJ5 -> ВВГнг(А)-LS (2х1,5) 2 | AF5: МСК002 | AG5: ВВГнг(А)-LS | AH5: 2 | AI5: 1.5 | AJ5: 2
B6: 1.5 | C6: 0.11 | D6: 0.0175 | F6: 9 | G6: 16 | I6: 25 | J6: 4 | L6: ютп | M6: FTP-Cat.6-4х2х0.52 | N6: 2 | P6: От ИБП | Q6: Питание от ИБП | R6: 5 | S6: 1 | T6: 1 | V6: гпв | W6: Труба гофрированная ПВХ | Y6: 2 | Z6: Второй этаж | AE6: =AG6&" ("&AH6&"х"&AI6&") "&AJ6 -> ВВГнг(А)-LS (2х2,5) 1 | AF6: МСК003 | AG6: ВВГнг(А)-LS | AH6: 2 | AI6: 2.5 | AJ6: 1
B7: 2.5 | C7: 0.1 | D7: 0.0175 | F7: 14.4 | G7: 20 | I7: 33 | J7: 6 | L7: ре | M7: ПуГВ | N7: 1 | P7: R | Q7: Розеточная группа | R7: 2 | S7: 1 | T7: 1 | V7: гпн | W7: Труба гофрированная ПНД | Y7: 3 | Z7: Третий этаж | AE7: =AG7&" ("&AH7&"х"&AI7&") "&AJ7 -> ВВГнг(А)-LS (2х2,5) 2 | AF7: МСК004 | AG7: ВВГнг(А)-LS | AH7: 2 | AI7: 2.5 | AJ7: 2
B8: 4 | C8: 0.095 | D8: 0.0175 | F8: 18 | G8: 25 | I8: 42 | J8: 10 | L8: мб | M8: ВБШвнг(А)-LS | N8: 1 | P8: L | Q8: Группа освещения | R8: 1 | S8: 1 | T8: 1 | AE8: =AG8&" ("&AH8&"х"&AI8&") "&AJ8 -> ВВГнг(А)-LS (3х1,5) 1 | AF8: МСК005 | AG8: ВВГнг(А)-LS | AH8: 3 | AI8: 1.5 | AJ8: 1
B9: 6 | C9: 0.09 | D9: 0.0175 | F9: 22.5 | G9: 32 | I9: 58 | J9: 16 | L9: кмс | M9: КГВВнг(А)-LS | N9: 1 | P9: LED | Q9: Светодиодное освещение | R9: 1 | S9: 1 | T9: 1 | AE9: =AG9&" ("&AH9&"х"&AI9&") "&AJ9 -> ВВГнг(А)-LS (3х1,5) 2 | AF9: МСК006 | AG9: ВВГнг(А)-LS | AH9: 3 | AI9: 1.5 | AJ9: 2
B10: 10 | C10: 0.073 | D10: 0.0175 | F10: 28.8 | G10: 40 | I10: 78 | J10: 25 | L10: кмб | M10: КВБбШвнг(А)-LS 14x2.5 | N10: 2 | P10: R.ШТК | Q10: Шкаф слаботочных систем | R10: 2 | S10: 1 | T10: 1 | AE10: =AG10&" ("&AH10&"х"&AI10&") "&AJ10 -> ВВГнг(А)-LS (3х2,5) 1 | AF10: МСК007 | AG10: ВВГнг(А)-LS | AH10: 3 | AI10: 2.5 | AJ10: 1
B11: 16 | C11: 0.0675 | D11: 0.0175 | F11: 36 | G11: 50 | I11: 104 | J11: 35 | L11: мфр | M11: ППГнг(А)-FRHF | N11: 1 | P11: R.ЩОПС | Q11: Щит охранно-пожарной сигнализации | R11: 2 | S11: 1 | T11: 1 | AE11: =AG11&" ("&AH11&"х"&AI11&") "&AJ11 -> ВВГнг(А)-LS (3х2,5) 2 | AF11: МСК008 | AG11: ВВГнг(А)-LS | AH11: 3 | AI11: 2.5 | AJ11: 2
B12: 25 | C12: 0.0662 | D12: 0.0175 | F12: 45 | G12: 63 | I12: 127 | J12: 50 | L12: мшф | M12: ППГнг(А)-HF | N12: 1 | P12: АСУ | Q12: Питание системы автоматизации | R12: 1 | S12: 1 | T12: 1 | AE12: =AG12&" ("&AH12&"х"&AI12&") "&AJ12 -> ВВГнг(А)-LS (3х4) 1 | AF12: МСК009 | AG12: ВВГнг(А)-LS | AH12: 3 | AI12: 4 | AJ12: 1
B13: 35 | C13: 0.0637 | D13: 0.0175 | F13: 56.7 | G13: Не исп | I13: 155 | J13: 70 | L13: кн | M13: J-Y(St)Y 2х2х0.8 | N13: 2 | P13: PS-KNX | Q13: Блок питания шины KNX | R13: 1 | S13: 1 | T13: 1 | AE13: =AG13&" ("&AH13&"х"&AI13&") "&AJ13 -> ВВГнг(А)-LS (3х4) 2 | AF13: МСК010 | AG13: ВВГнг(А)-LS | AH13: 3 | AI13: 4 | AJ13: 2
B14: 50 | C14: 0.0625 | D14: 0.0175 | I14: 196 | J14: 95 | L14: кф | M14: КИПЭВ 2х2х0.6 | N14: 2 | P14: В | Q14: Вытяжной вентилятор | R14: 1 | S14: 1 | T14: 1 | AE14: =AG14&" ("&AH14&"х"&AI14&") "&AJ14 -> ВВГнг(А)-LS (3х6) 1 | AF14: МСК011 | AG14: ВВГнг(А)-LS | AH14: 3 | AI14: 6 | AJ14: 1
B15: 70 | C15: 0.0612 | D15: 0.0175 | I15: 242 | J15: 120 | L15: кс | M15: КСПВГ 4х0.35 | N15: 2 | P15: ТП | Q15: Теплый пол | R15: 2 | S15: 1 | T15: 1 | AE15: =AG15&" ("&AH15&"х"&AI15&") "&AJ15 -> ВВГнг(А)-LS (3х6) 2 | AF15: МСК012 | AG15: ВВГнг(А)-LS | AH15: 3 | AI15: 6 | AJ15: 2
B16: 95 | C16: 0.0602 | D16: 0.0175 | I16: 280 | J16: 150 | L16: кмс1 | M16: КГВВнг(А)-LS (5х1) | P16: ЭK | Q16: Шаровый электрокран | R16: 1 | S16: 1 | T16: 1 | AE16: =AG16&" ("&AH16&"х"&AI16&") "&AJ16 -> ВВГнг(А)-LS (5х1,5) 1 | AF16: МСК013 | AG16: ВВГнг(А)-LS | AH16: 5 | AI16: 1.5 | AJ16: 1
B17: 150 | C17: 0.0596 | D17: 0.0175 | I17: 321 | J17: 185 | P17: TE-O | Q17: Управление сервоприводом отопления | R17: 1 | S17: 1 | T17: 1 | AE17: =AG17&" ("&AH17&"х"&AI17&") "&AJ17 -> ВВГнг(А)-LS (5х1,5) 2 | AF17: МСК014 | AG17: ВВГнг(А)-LS | AH17: 5 | AI17: 1.5 | AJ17: 2
B18: 185 | C18: 0.0596 | D18: 0.0175 | I18: 369 | J18: 240 | P18: SH | Q18: Моторзированная нагрузка | R18: 1 | S18: 1 | T18: 1 | AE18: =AG18&" ("&AH18&"х"&AI18&") "&AJ18 -> ВВГнг(А)-LS (5х2,5) 1 | AF18: МСК015 | AG18: ВВГнг(А)-LS | AH18: 5 | AI18: 2.5 | AJ18: 1
B19: 240 | C19: 0.0587 | D19: 0.0175 | I19: 438 | J19: Не исп | P19: DALI | Q19: Контролер DALI | R19: 1 | S19: 2 | T19: 1 | AE19: =AG19&" ("&AH19&"х"&AI19&") "&AJ19 -> ВВГнг(А)-LS (5х2,5) 2 | AF19: МСК016 | AG19: ВВГнг(А)-LS | AH19: 5 | AI19: 2.5 | AJ19: 2
P20: LED | Q20: Группа светодиодного освещения | R20: 1 | S20: 1 | T20: 3 | AE20: =AG20&" ("&AH20&"х"&AI20&") "&AJ20 -> ВВГнг(А)-LS (5х4) 1 | AF20: МСК017 | AG20: ВВГнг(А)-LS | AH20: 5 | AI20: 4 | AJ20: 1
P21: АПС | Q21: Реле АПС | R21: 1 | S21: 1 | T21: 1 | AE21: =AG21&" ("&AH21&"х"&AI21&") "&AJ21 -> ВВГнг(А)-LS (5х4) 2 | AF21: МСК018 | AG21: ВВГнг(А)-LS | AH21: 5 | AI21: 4 | AJ21: 2
P22: K | Q22: Внутренний блок кондиционера | R22: 1 | S22: 1 | T22: 1 | AE22: =AG22&" ("&AH22&"х"&AI22&") "&AJ22 -> ВВГнг(А)-LS (5х6) 1 | AF22: МСК019 | AG22: ВВГнг(А)-LS | AH22: 5 | AI22: 6 | AJ22: 1
P23: ПВ | Q23: Приточно-вытяжная установка | R23: 1 | S23: 1 | T23: 1 | AE23: =AG23&" ("&AH23&"х"&AI23&") "&AJ23 -> ВВГнг(А)-LS (5х6) 2 | AF23: МСК020 | AG23: ВВГнг(А)-LS | AH23: 5 | AI23: 6 | AJ23: 2
P24: УВ | Q24: Увлажнитель | R24: 1 | S24: 1 | T24: 1 | AE24: =AG24&" ("&AH24&"х"&AI24&") "&AJ24 -> ВВГнг(А)-LS (5х10) 1 | AF24: МСК021 | AG24: ВВГнг(А)-LS | AH24: 5 | AI24: 10 | AJ24: 1
P25: ПН | Q25: Проточный водонагреватель | R25: 1 | S25: 1 | T25: 1 | AE25: =AG25&" ("&AH25&"х"&AI25&") "&AJ25 -> ВВГнг(А)-LS (5х10) 2 | AF25: МСК022 | AG25: ВВГнг(А)-LS | AH25: 5 | AI25: 10 | AJ25: 2
P26: WD | Q26: Датчик протечки | R26: 0 | S26: 1 | T26: 1 | AE26: =AG26&" ("&AH26&"х"&AI26&") "&AJ26 -> ВВГнг(А)-LS (5х16) 1 | AF26: МСК023 | AG26: ВВГнг(А)-LS | AH26: 5 | AI26: 16 | AJ26: 1
P27: VK | Q27: Выключатель нажимной | R27: 0 | S27: 1 | T27: 1 | AE27: =AG27&" ("&AH27&"х"&AI27&") "&AJ27 -> ВВГнг(А)-LS (5х16) 2 | AF27: МСК024 | AG27: ВВГнг(А)-LS | AH27: 5 | AI27: 16 | AJ27: 2
P28: КУП | Q28: Коробка уравнивания потенциалов | R28: 1 | S28: 1 | T28: 1 | AE28: =AG28&" ("&AH28&"х"&AI28&") "&AJ28 -> ВВГнг(А)-LS (5х25) 1 | AF28: МСК025 | AG28: ВВГнг(А)-LS | AH28: 5 | AI28: 25 | AJ28: 1
P29: PE | Q29: Заземляющая шина | R29: 1 | S29: 1 | T29: 1 | AE29: =AG29&" ("&AH29&"х"&AI29&") "&AJ29 -> ВВГнг(А)-LS (5х25) 2 | AF29: МСК026 | AG29: ВВГнг(А)-LS | AH29: 5 | AI29: 25 | AJ29: 2
P30: R.GSM | Q30: Щит усиления соловой связи | R30: 1 | S30: 1 | T30: 1 | AE30: =AG30&" ("&AH30&"х"&AI30&") "&AJ30 -> ВВГнг(А)-LS (5х35) 1 | AF30: МСК027 | AG30: ВВГнг(А)-LS | AH30: 5 | AI30: 35 | AJ30: 1
P31: TE-ТП | Q31: Управление сервоприводом теплого пола | R31: 1 | S31: 1 | T31: 1 | AE31: =AG31&" ("&AH31&"х"&AI31&") "&AJ31 -> ВВГнг(А)-LS (5х35) 2 | AF31: МСК028 | AG31: ВВГнг(А)-LS | AH31: 5 | AI31: 35 | AJ31: 2
... P34: КМН | Q34: Электрокамин | R34: 1 | S34: 1 | T34: 1 | AE34: =AG34&" ("&AH34&"х"&AI34&") "&AJ34 -> ВВГнг(А)-LS (5х95) 1 | AF34: МСК031 | AG34: ВВГнг(А)-LS | AH34: 5 | AI34: 95 | AJ34: 1
AE35: =AG35&" ("&AH35&"х"&AI35&") "&AJ35 -> ВВГнг(А)-LS (5х95) 2 | AF35: МСК032 | AG35: ВВГнг(А)-LS | AH35: 5 | AI35: 95 | AJ35: 2
AE36: =AG36&" ("&AH36&"х"&AI36&") "&AJ36 -> ВВГнг(А)-LS (5х120) 1 | AF36: МСК033 | AG36: ВВГнг(А)-LS | AH36: 5 | AI36: 120 | AJ36: 1
AE37: =AG37&" ("&AH37&"х"&AI37&") "&AJ37 -> ВВГнг(А)-LS (5х120) 2 | AF37: МСК034 | AG37: ВВГнг(А)-LS | AH37: 5 | AI37: 120 | AJ37: 2
AE38: =AG38&" ("&AH38&"х"&AI38&") "&AJ38 -> ВВГнг(А)-LS (5х95) 1 | AF38: МСК035 | AG38: ВВГнг(А)-LS | AH38: 5 | AI38: 95 | AJ38: 1
AE39: =AG39&" ("&AH39&"х"&AI39&") "&AJ39 -> ВВГнг(А)-LS (5х95) 2 | AF39: МСК036 | AG39: ВВГнг(А)-LS | AH39: 5 | AI39: 95 | AJ39: 2
AE40: =AG40&" ("&AH40&"х"&AI40&") "&AJ40 -> ВВГнг(А)-LS (5х120) 1 | AF40: МСК037 | AG40: ВВГнг(А)-LS | AH40: 5 | AI40: 120 | AJ40: 1
AE41: =AG41&" ("&AH41&"х"&AI41&") "&AJ41 -> ВВГнг(А)-LS (5х120) 2 | AF41: МСК038 | AG41: ВВГнг(А)-LS | AH41: 5 | AI41: 120 | AJ41: 2
AE42: =AG42&" ("&AH42&"х"&AI42&") "&AJ42 -> ВБШВнг(А)-LS (5х10) 1 | AF42: МСК040 | AG42: ВБШВнг(А)-LS | AH42: 5 | AI42: 10 | AJ42: 1
AE43: =AG43&" ("&AH43&"х"&AI43&") "&AJ43 -> ВБШВнг(А)-LS (5х10) 2 | AF43: МСК041 | AG43: ВБШВнг(А)-LS | AH43: 5 | AI43: 10 | AJ43: 2
AE44: =AG44&" ("&AH44&"х"&AI44&") "&AJ44 -> ВБШВнг(А)-LS (5х16) 1 | AF44: МСК042 | AG44: ВБШВнг(А)-LS | AH44: 5 | AI44: 16 | AJ44: 1
AE45: =AG45&" ("&AH45&"х"&AI45&") "&AJ45 -> ВБШВнг(А)-LS (5х16) 2 | AF45: МСК043 | AG45: ВБШВнг(А)-LS | AH45: 5 | AI45: 16 | AJ45: 2
AE46: =AG46&" ("&AH46&"х"&AI46&") "&AJ46 -> ВБШВнг(А)-LS (5х25) 1 | AF46: МСК044 | AG46: ВБШВнг(А)-LS | AH46: 5 | AI46: 25 | AJ46: 1
... AE193: =AG193&" ("&AH193&"х"&AI193&") "&AJ193 -> ВВГнг(А)-FRLS (5х120) 2 | AF193: МСК038 | AG193: ВВГнг(А)-FRLS | AH193: 5 | AI193: 120 | AJ193: 2

Sheet Исходные данные
A1: 1 | B1: 2 | C1: 3 | D1: 4 | E1: 5 | F1: 6 | G1: 7 | H1: 8 | I1: 9 | J1: 10 | K1: 11 | L1: 12 | M1: 13 | N1: 14 | O1: 15 | P1: 16 | Q1: 17 | R1: 18 | S1: 19 | T1: 20 | U1: 21 | V1: 22 | W1: 23 | X1: 24 | Y1: 25 | Z1: 26 | AA1: 27 | AB1: 28 | AC1: 29 | AD1: 30 | AE1: 31 | AF1: 32 | AG1: 33 | AH1: 34 | AI1: 35 | AJ1: 36 | AK1: 37 | AL1: 38 | AM1: 39 | AN1: 40 | AO1: 41 | AP1: 42 | AQ1: 43 | AR1: 44 | AS1: 45 | AT1: 46
B2: Наименование | C2: Наименование (ручное) | D2: Номер линии | E2: Мощность, кВт | F2: Напряжение | G2: Кол-во потребителей (для длины) | H2: Кол-во фаз | I2: Длина линии (по плану) | J2: Лоток | K2: Гофра ПВХ | L2: Гофра ПНД | M2: Длина линии (Итог) | N2: Марку кабеля | O2: Кол-во жил | P2: Косинус | Q2: Сечение (ручное) | R2: автомат (ручное) | S2: Потолок - 1/Пол - 2 | T2: Ток | U2: Автомат | V2: Сечение | W2: Активное сопротивление | X2: Индуктивное сопротивление | Y2: Коэффициент фазности | Z2: Синус | AA2: Потери, В | AB2: Потери, % | AC2: Уровень напряжения | AD2: Кабель | AE2: Кабель проиежуточный | AF2: Для потерь | AG2: Помещение | AH2: Потребитель | AI2: Этаж/Шлейф | AJ2: Наименование | AK2: ток | AL2: мощность | AM2: номер линии | AN2: УГО (заполняется в двг!) | AO2: Кабель | AP2: Для наименования | AQ2: Для наименования | AR2: Iпуск 1 | AS2: Iпуск 2 | AT2: Iпуск | AU2: DWG: гофра ПВХ по плану, м | AV2: DWG: гофра ПНД по плану, м | AW2: DWG: хэндлы полилиний | AX2: DWG: примечание
A3: =D3 -> 0 | B3: =IFERROR(IF(VLOOKUP(AH3,Потребители_обозначение,4,FALSE)=1,VLOOKUP(AH3,Потребители_обозначение,2,FALSE)&" "&VLOOKUP(AI3,Этаж_обозначение,2,FALSE)&" Пом. №"&AG3,VLOOKUP(AH3,Потребители_обозначение,2,FALSE)&" Шлейф №"&AI3),VLOOKUP(D3,Потребители_обозначение,2,FALSE)) -> #N/A | D3: R.1.01.1 | G3: 1 | I3: =IF(COUNT(AU3:AV3)=0,"",ROUNDUP(SUM(AU3:AV3),0)) | K3: =IF(OR(I3="",S3=""),"",IF(S3=1,MAX(0,M3-ROUNDUP(N(AV3),0)-4),ROUNDUP(N(AU3),0))) | L3: =IF(OR(I3="",S3=""),"",IF(S3=2,MAX(0,M3-ROUNDUP(N(AU3),0)-4),ROUNDUP(N(AV3),0))) | M3: =IFERROR(IF(VLOOKUP(AH3,Потребители_обозначение,4,FALSE)=1,VLOOKUP(AH3,Потребители_обозначение,3,FALSE)*(G3*2-1)+I3+VLOOKUP(AI3,Этаж_обозначение,3,FALSE)+VLOOKUP(AI3,Этаж_обозначение,4,FALSE),VLOOKUP(AH3,Потребители_обозначение,3,FALSE)*(G3*2-1)+I3),I3) -> 0 | P3: =IF(VLOOKUP(AH3,Потребители_обозначение,5,FALSE)=2,_xlfn.IFS(H3=3,VLOOKUP(E3,Справочная_двигатели,8,FALSE),H3=1,VLOOKUP(E3,Справочная_двигатели,10,TRUE)),0.95) -> #N/A | S3: 2 | T3: =_xlfn.IFS(H3=1,E3*1000/220,H3=3,E3/0.38/1.732) -> #N/A | U3: =IF(R3=0,VLOOKUP(T3,Автомат_номиналы,2,TRUE),R3) -> #N/A | V3: =IF(VLOOKUP(N3,Кабель_обозначение,3,FALSE)=1,IF(Q3=0,VLOOKUP(U3,Кабель_номиналы,2,TRUE),Q3),0) -> #N/A | W3: =VLOOKUP(V3,Кабель_сопротивление,3,FALSE) -> #N/A | X3: =VLOOKUP(V3,Кабель_сопротивление,2,FALSE) -> #N/A | Y3: {=_xlfn.IFS(H3=1,2,H3=3,1)} -> #N/A | Z3: =ROUND(SIN(ACOS(P3)),2) -> #N/A | AA3: =Y3*(W3*I3/V3+X3*I3*Z3/1000)*T3 -> #N/A | AB3: =ROUNDUP(AA3/220*100,2) -> #N/A | AC3: =_xlfn.IFS(H3=3,380,H3=1,220) -> #N/A | AD3: =VLOOKUP(N3,Кабель_обозначение,2,FALSE) -> #N/A | AE3: =IF(VLOOKUP(N3,Кабель_обозначение,3,FALSE)=1,AD3&" ("&O3&"х"&V3&")",AD3) -> #N/A | AF3: =IFERROR(IF(AB3>4.5,1,2),0) -> 0 | AG3: =IFERROR(LEFT(AQ3,SEARCH(".",AQ3)-1),AQ3) | AH3: =IFERROR(LEFT(A3,SEARCH(".",A3)-1),A3) -> 0 | AI3: =IFERROR(LEFT(AP3,SEARCH(".",AP3)-1),AP3) -> #VALUE! | AJ3: =IF(C3=0,B3,C3) -> #N/A | AK3: =ROUNDUP(T3,2) -> #N/A | AL3: =E3 -> 0 | AM3: =D3 -> 0 | AO3: =IF(V3=0,AD3,AE3&" L="&M3&"-"&AB3&"%") -> #N/A | AP3: =RIGHT(A3,LEN(A3)-SEARCH(".",A3)) -> #VALUE! | AQ3: =IFERROR(RIGHT(AP3,LEN(AP3)-SEARCH(".",AP3)),"") | AR3: =IFERROR(IF(VLOOKUP(AH3,Потребители_обозначение,5,FALSE)=2,_xlfn.IFS(H3=3,VLOOKUP(E3,Справочная_двигатели,3,FALSE),H3=1,VLOOKUP(E3,Справочная_двигатели,5,TRUE)),0),0) -> 0 | AS3: =IFERROR(IF(VLOOKUP(AH3,Потребители_обозначение,5,FALSE)=3,VLOOKUP(E3,Справочная_ЛЭД,2,TRUE),0),0) -> 0 | AT3: =IF(AR3=0,AS3,AR3) -> 0 | AV3: 7.29 | AW3: 830AB6
A4: =D4 -> Ввод.1 | B4: =IFERROR(IF(VLOOKUP(AH4,Потребители_обозначение,4,FALSE)=1,VLOOKUP(AH4,Потребители_обозначение,2,FALSE)&" "&VLOOKUP(AI4,Этаж_обозначение,2,FALSE)&" Пом. №"&AG4,VLOOKUP(AH4,Потребители_обозначение,2,FALSE)&" Шлейф №"&AI4),VLOOKUP(D4,Потребители_обозначение,2,FALSE)) -> Ввод питающей линии Пом. № | D4: R.1.02.1 | G4: 1 | I4: =IF(COUNT(AU4:AV4)=0,"",ROUNDUP(SUM(AU4:AV4),0)) | K4: =IF(OR(I4="",S4=""),"",IF(S4=1,MAX(0,M4-ROUNDUP(N(AV4),0)-4),ROUNDUP(N(AU4),0))) | L4: =IF(OR(I4="",S4=""),"",IF(S4=2,MAX(0,M4-ROUNDUP(N(AU4),0)-4),ROUNDUP(N(AV4),0))) | M4: =IFERROR(IF(VLOOKUP(AH4,Потребители_обозначение,4,FALSE)=1,VLOOKUP(AH4,Потребители_обозначение,3,FALSE)*(G4*2-1)+I4+VLOOKUP(AI4,Этаж_обозначение,3,FALSE)+VLOOKUP(AI4,Этаж_обозначение,4,FALSE),VLOOKUP(AH4,Потребители_обозначение,3,FALSE)*(G4*2-1)+I4),I4) -> 19 | P4: =IF(VLOOKUP(AH4,Потребители_обозначение,5,FALSE)=2,_xlfn.IFS(H4=3,VLOOKUP(E4,Справочная_двигатели,8,FALSE),H4=1,VLOOKUP(E4,Справочная_двигатели,10,TRUE)),0.95) -> 0.95 | S4: 2 | T4: =_xlfn.IFS(H4=1,E4*1000/220,H4=3,E4/0.38/1.732) -> 128.25605 | U4: =IF(R4=0,VLOOKUP(T4,Автомат_номиналы,2,TRUE),R4) -> 63 | V4: =IF(VLOOKUP(N4,Кабель_обозначение,3,FALSE)=1,IF(Q4=0,VLOOKUP(U4,Кабель_номиналы,2,TRUE),Q4),0) -> 16 | W4: =VLOOKUP(V4,Кабель_сопротивление,3,FALSE) -> 0.0175 | X4: =VLOOKUP(V4,Кабель_сопротивление,2,FALSE) -> 0.0675 | Y4: {=_xlfn.IFS(H4=1,2,H4=3,1)} -> 1 | Z4: =ROUND(SIN(ACOS(P4)),2) -> 0.31 | AA4: =Y4*(W4*I4/V4+X4*I4*Z4/1000)*T4 -> 2.0014933 | AB4: =ROUNDUP(AA4/220*100,2) -> 0.91 | AC4: =_xlfn.IFS(H4=3,380,H4=1,220) -> 380 | AD4: =VLOOKUP(N4,Кабель_обозначение,2,FALSE) -> ВВГнг(А)-LS | AE4: =IF(VLOOKUP(N4,Кабель_обозначение,3,FALSE)=1,AD4&" ("&O4&"х"&V4&")",AD4) -> ВВГнг(А)-LS (5х16) | AF4: =IFERROR(IF(AB4>4.5,1,2),0) -> 2 | AG4: =IFERROR(LEFT(AQ4,SEARCH(".",AQ4)-1),AQ4) | AH4: =IFERROR(LEFT(A4,SEARCH(".",A4)-1),A4) -> Ввод | AI4: =IFERROR(LEFT(AP4,SEARCH(".",AP4)-1),AP4) -> 1 | AJ4: =IF(C4=0,B4,C4) -> Основной ввод | AK4: =ROUNDUP(T4,2) -> 128.26 | AL4: =E4 -> 84.413 | AM4: =D4 -> Ввод.1 | AO4: =IF(V4=0,AD4,AE4&" L="&M4&"-"&AB4&"%") -> ВВГнг(А)-LS (5х16) L=19-0,91% | AP4: =RIGHT(A4,LEN(A4)-SEARCH(".",A4)) -> 1 | AQ4: =IFERROR(RIGHT(AP4,LEN(AP4)-SEARCH(".",AP4)),"") | AR4: =IFERROR(IF(VLOOKUP(AH4,Потребители_обозначение,5,FALSE)=2,_xlfn.IFS(H4=3,VLOOKUP(E4,Справочная_двигатели,3,FALSE),H4=1,VLOOKUP(E4,Справочная_двигатели,5,TRUE)),0),0) -> 0 | AS4: =IFERROR(IF(VLOOKUP(AH4,Потребители_обозначение,5,FALSE)=3,VLOOKUP(E4,Справочная_ЛЭД,2,TRUE),0),0) -> 0 | AT4: =IF(AR4=0,AS4,AR4) -> 0 | AV4: 4.86 | AW4: 83114A
A5: =D5 -> 0 | B5: =IFERROR(IF(VLOOKUP(AH5,Потребители_обозначение,4,FALSE)=1,VLOOKUP(AH5,Потребители_обозначение,2,FALSE)&" "&VLOOKUP(AI5,Этаж_обозначение,2,FALSE)&" Пом. №"&AG5,VLOOKUP(AH5,Потребители_обозначение,2,FALSE)&" Шлейф №"&AI5),VLOOKUP(D5,Потребители_обозначение,2,FALSE)) -> #N/A | D5: R.1.03.1 | G5: 1 | I5: =IF(COUNT(AU5:AV5)=0,"",ROUNDUP(SUM(AU5:AV5),0)) | K5: =IF(OR(I5="",S5=""),"",IF(S5=1,MAX(0,M5-ROUNDUP(N(AV5),0)-4),ROUNDUP(N(AU5),0))) | L5: =IF(OR(I5="",S5=""),"",IF(S5=2,MAX(0,M5-ROUNDUP(N(AU5),0)-4),ROUNDUP(N(AV5),0))) | M5: =IFERROR(IF(VLOOKUP(AH5,Потребители_обозначение,4,FALSE)=1,VLOOKUP(AH5,Потребители_обозначение,3,FALSE)*(G5*2-1)+I5+VLOOKUP(AI5,Этаж_обозначение,3,FALSE)+VLOOKUP(AI5,Этаж_обозначение,4,FALSE),VLOOKUP(AH5,Потребители_обозначение,3,FALSE)*(G5*2-1)+I5),I5) -> 0 | P5: =IF(VLOOKUP(AH5,Потребители_обозначение,5,FALSE)=2,_xlfn.IFS(H5=3,VLOOKUP(E5,Справочная_двигатели,8,FALSE),H5=1,VLOOKUP(E5,Справочная_двигатели,10,TRUE)),0.95) -> #N/A | S5: 2 | T5: =_xlfn.IFS(H5=1,E5*1000/220,H5=3,E5/0.38/1.732) -> #N/A | U5: =IF(R5=0,VLOOKUP(T5,Автомат_номиналы,2,TRUE),R5) -> #N/A | V5: =IF(VLOOKUP(N5,Кабель_обозначение,3,FALSE)=1,IF(Q5=0,VLOOKUP(U5,Кабель_номиналы,2,TRUE),Q5),0) -> #N/A | W5: =VLOOKUP(V5,Кабель_сопротивление,3,FALSE) -> #N/A | X5: =VLOOKUP(V5,Кабель_сопротивление,2,FALSE) -> #N/A | Y5: {=_xlfn.IFS(H5=1,2,H5=3,1)} -> #N/A | Z5: =ROUND(SIN(ACOS(P5)),2) -> #N/A | AA5: =Y5*(W5*I5/V5+X5*I5*Z5/1000)*T5 -> #N/A | AB5: =ROUNDUP(AA5/220*100,2) -> #N/A | AC5: =_xlfn.IFS(H5=3,380,H5=1,220) -> #N/A | AD5: =VLOOKUP(N5,Кабель_обозначение,2,FALSE) -> #N/A | AE5: =IF(VLOOKUP(N5,Кабель_обозначение,3,FALSE)=1,AD5&" ("&O5&"х"&V5&")",AD5) -> #N/A | AF5: =IFERROR(IF(AB5>4.5,1,2),0) -> 0 | AG5: =IFERROR(LEFT(AQ5,SEARCH(".",AQ5)-1),AQ5) | AH5: =IFERROR(LEFT(A5,SEARCH(".",A5)-1),A5) -> 0 | AI5: =IFERROR(LEFT(AP5,SEARCH(".",AP5)-1),AP5) -> #VALUE! | AJ5: =IF(C5=0,B5,C5) -> #N/A | AK5: =ROUNDUP(T5,2) -> #N/A | AL5: =E5 -> 0 | AM5: =D5 -> 0 | AO5: =IF(V5=0,AD5,AE5&" L="&M5&"-"&AB5&"%") -> #N/A | AP5: =RIGHT(A5,LEN(A5)-SEARCH(".",A5)) -> #VALUE! | AQ5: =IFERROR(RIGHT(AP5,LEN(AP5)-SEARCH(".",AP5)),"") | AR5: =IFERROR(IF(VLOOKUP(AH5,Потребители_обозначение,5,FALSE)=2,_xlfn.IFS(H5=3,VLOOKUP(E5,Справочная_двигатели,3,FALSE),H5=1,VLOOKUP(E5,Справочная_двигатели,5,TRUE)),0),0) -> 0 | AS5: =IFERROR(IF(VLOOKUP(AH5,Потребители_обозначение,5,FALSE)=3,VLOOKUP(E5,Справочная_ЛЭД,2,TRUE),0),0) -> 0 | AT5: =IF(AR5=0,AS5,AR5) -> 0 | AV5: 9.34 | AW5: 830D8A
A6: =D6 -> Ввод.2 | B6: =IFERROR(IF(VLOOKUP(AH6,Потребители_обозначение,4,FALSE)=1,VLOOKUP(AH6,Потребители_обозначение,2,FALSE)&" "&VLOOKUP(AI6,Этаж_обозначение,2,FALSE)&" Пом. №"&AG6,VLOOKUP(AH6,Потребители_обозначение,2,FALSE)&" Шлейф №"&AI6),VLOOKUP(D6,Потребители_обозначение,2,FALSE)) -> Ввод питающей линии Второй этаж Пом. № | D6: R.1.03.2 | G6: 1 | I6: =IF(COUNT(AU6:AV6)=0,"",ROUNDUP(SUM(AU6:AV6),0)) | K6: =IF(OR(I6="",S6=""),"",IF(S6=1,MAX(0,M6-ROUNDUP(N(AV6),0)-4),ROUNDUP(N(AU6),0))) | L6: =IF(OR(I6="",S6=""),"",IF(S6=2,MAX(0,M6-ROUNDUP(N(AU6),0)-4),ROUNDUP(N(AV6),0))) | M6: =IFERROR(IF(VLOOKUP(AH6,Потребители_обозначение,4,FALSE)=1,VLOOKUP(AH6,Потребители_обозначение,3,FALSE)*(G6*2-1)+I6+VLOOKUP(AI6,Этаж_обозначение,3,FALSE)+VLOOKUP(AI6,Этаж_обозначение,4,FALSE),VLOOKUP(AH6,Потребители_обозначение,3,FALSE)*(G6*2-1)+I6),I6) -> 18 | P6: =IF(VLOOKUP(AH6,Потребители_обозначение,5,FALSE)=2,_xlfn.IFS(H6=3,VLOOKUP(E6,Справочная_двигатели,8,FALSE),H6=1,VLOOKUP(E6,Справочная_двигатели,10,TRUE)),0.95) -> 0.95 | S6: 2 | T6: =_xlfn.IFS(H6=1,E6*1000/220,H6=3,E6/0.38/1.732) -> 0.015193874 | U6: =IF(R6=0,VLOOKUP(T6,Автомат_номиналы,2,TRUE),R6) -> 63 | V6: =IF(VLOOKUP(N6,Кабель_обозначение,3,FALSE)=1,IF(Q6=0,VLOOKUP(U6,Кабель_номиналы,2,TRUE),Q6),0) -> 10 | W6: =VLOOKUP(V6,Кабель_сопротивление,3,FALSE) -> 0.0175 | X6: =VLOOKUP(V6,Кабель_сопротивление,2,FALSE) -> 0.073 | Y6: {=_xlfn.IFS(H6=1,2,H6=3,1)} -> 1 | Z6: =ROUND(SIN(ACOS(P6)),2) -> 0.31 | AA6: =Y6*(W6*I6/V6+X6*I6*Z6/1000)*T6 -> 0.00035013052 | AB6: =ROUNDUP(AA6/220*100,2) -> 0.01 | AC6: =_xlfn.IFS(H6=3,380,H6=1,220) -> 380 | AD6: =VLOOKUP(N6,Кабель_обозначение,2,FALSE) -> ВВГнг(А)-LS | AE6: =IF(VLOOKUP(N6,Кабель_обозначение,3,FALSE)=1,AD6&" ("&O6&"х"&V6&")",AD6) -> ВВГнг(А)-LS (5х10) | AF6: =IFERROR(IF(AB6>4.5,1,2),0) -> 2 | AG6: =IFERROR(LEFT(AQ6,SEARCH(".",AQ6)-1),AQ6) | AH6: =IFERROR(LEFT(A6,SEARCH(".",A6)-1),A6) -> Ввод | AI6: =IFERROR(LEFT(AP6,SEARCH(".",AP6)-1),AP6) -> 2 | AJ6: =IF(C6=0,B6,C6) -> Дополнительный ввод | AK6: =ROUNDUP(T6,2) -> 0.02 | AL6: =E6 -> 0.01 | AM6: =D6 -> Ввод.2 | AO6: =IF(V6=0,AD6,AE6&" L="&M6&"-"&AB6&"%") -> ВВГнг(А)-LS (5х10) L=18-0,01% | AP6: =RIGHT(A6,LEN(A6)-SEARCH(".",A6)) -> 2 | AQ6: =IFERROR(RIGHT(AP6,LEN(AP6)-SEARCH(".",AP6)),"") | AR6: =IFERROR(IF(VLOOKUP(AH6,Потребители_обозначение,5,FALSE)=2,_xlfn.IFS(H6=3,VLOOKUP(E6,Справочная_двигатели,3,FALSE),H6=1,VLOOKUP(E6,Справочная_двигатели,5,TRUE)),0),0) -> 0 | AS6: =IFERROR(IF(VLOOKUP(AH6,Потребители_обозначение,5,FALSE)=3,VLOOKUP(E6,Справочная_ЛЭД,2,TRUE),0),0) -> 0 | AT6: =IF(AR6=0,AS6,AR6) -> 0 | AV6: 11.89 | AW6: 830D89
A7: =D7 -> 0 | B7: =IFERROR(IF(VLOOKUP(AH7,Потребители_обозначение,4,FALSE)=1,VLOOKUP(AH7,Потребители_обозначение,2,FALSE)&" "&VLOOKUP(AI7,Этаж_обозначение,2,FALSE)&" Пом. №"&AG7,VLOOKUP(AH7,Потребители_обозначение,2,FALSE)&" Шлейф №"&AI7),VLOOKUP(D7,Потребители_обозначение,2,FALSE)) -> #N/A | D7: R.1.03.3 | G7: 1 | I7: =IF(COUNT(AU7:AV7)=0,"",ROUNDUP(SUM(AU7:AV7),0)) | K7: =IF(OR(I7="",S7=""),"",IF(S7=1,MAX(0,M7-ROUNDUP(N(AV7),0)-4),ROUNDUP(N(AU7),0))) | L7: =IF(OR(I7="",S7=""),"",IF(S7=2,MAX(0,M7-ROUNDUP(N(AU7),0)-4),ROUNDUP(N(AV7),0))) | M7: =IFERROR(IF(VLOOKUP(AH7,Потребители_обозначение,4,FALSE)=1,VLOOKUP(AH7,Потребители_обозначение,3,FALSE)*(G7*2-1)+I7+VLOOKUP(AI7,Этаж_обозначение,3,FALSE)+VLOOKUP(AI7,Этаж_обозначение,4,FALSE),VLOOKUP(AH7,Потребители_обозначение,3,FALSE)*(G7*2-1)+I7),I7) -> 0 | P7: =IF(VLOOKUP(AH7,Потребители_обозначение,5,FALSE)=2,_xlfn.IFS(H7=3,VLOOKUP(E7,Справочная_двигатели,8,FALSE),H7=1,VLOOKUP(E7,Справочная_двигатели,10,TRUE)),0.95) -> #N/A | S7: 2 | T7: =_xlfn.IFS(H7=1,E7*1000/220,H7=3,E7/0.38/1.732) -> #N/A | U7: =IF(R7=0,VLOOKUP(T7,Автомат_номиналы,2,TRUE),R7) -> #N/A | V7: =IF(Q7=0,VLOOKUP(U7,Кабель_номиналы,2,TRUE),Q7) -> #N/A | W7: =VLOOKUP(V7,Кабель_сопротивление,3,FALSE) -> #N/A | X7: =VLOOKUP(V7,Кабель_сопротивление,2,FALSE) -> #N/A | Y7: {=_xlfn.IFS(H7=1,2,H7=3,1)} -> #N/A | Z7: =ROUND(SIN(ACOS(P7)),2) -> #N/A | AA7: =Y7*(W7*I7/V7+X7*I7*Z7/1000)*T7 -> #N/A | AB7: =ROUNDUP(AA7/220*100,2) -> #N/A | AC7: =_xlfn.IFS(H7=3,380,H7=1,220) -> #N/A | AD7: =VLOOKUP(N7,Кабель_обозначение,2,FALSE) -> #N/A | AE7: =IF(VLOOKUP(N7,Кабель_обозначение,3,FALSE)=1,AD7&" ("&O7&"х"&V7&")",AD7) -> #N/A | AF7: =IFERROR(IF(AB7>4.5,1,2),0) -> 0 | AG7: =IFERROR(LEFT(AQ7,SEARCH(".",AQ7)-1),AQ7) | AH7: =IFERROR(LEFT(A7,SEARCH(".",A7)-1),A7) -> 0 | AI7: =IFERROR(LEFT(AP7,SEARCH(".",AP7)-1),AP7) -> #VALUE! | AJ7: =IF(C7=0,B7,C7) -> #N/A | AK7: =ROUNDUP(T7,2) -> #N/A | AL7: =E7 -> 0 | AM7: =D7 -> 0 | AO7: =IF(V7=0,AD7,AE7&" L="&M7&"-"&AB7&"%") -> #N/A | AP7: =RIGHT(A7,LEN(A7)-SEARCH(".",A7)) -> #VALUE! | AQ7: =IFERROR(RIGHT(AP7,LEN(AP7)-SEARCH(".",AP7)),"") | AR7: =IFERROR(IF(VLOOKUP(AH7,Потребители_обозначение,5,FALSE)=2,_xlfn.IFS(H7=3,VLOOKUP(E7,Справочная_двигатели,3,FALSE),H7=1,VLOOKUP(E7,Справочная_двигатели,5,TRUE)),0),0) -> 0 | AS7: =IFERROR(IF(VLOOKUP(AH7,Потребители_обозначение,5,FALSE)=3,VLOOKUP(E7,Справочная_ЛЭД,2,TRUE),0),0) -> 0 | AT7: =IF(AR7=0,AS7,AR7) -> 0 | AV7: 12.11 | AW7: 830D86
A8: =D8 -> Ввод.3 | B8: =IFERROR(IF(VLOOKUP(AH8,Потребители_обозначение,4,FALSE)=1,VLOOKUP(AH8,Потребители_обозначение,2,FALSE)&" "&VLOOKUP(AI8,Этаж_обозначение,2,FALSE)&" Пом. №"&AG8,VLOOKUP(AH8,Потребители_обозначение,2,FALSE)&" Шлейф №"&AI8),VLOOKUP(D8,Потребители_обозначение,2,FALSE)) -> Ввод питающей линии Третий этаж Пом. № | D8: R.1.03.4 | G8: 1 | I8: =IF(COUNT(AU8:AV8)=0,"",ROUNDUP(SUM(AU8:AV8),0)) | K8: =IF(OR(I8="",S8=""),"",IF(S8=1,MAX(0,M8-ROUNDUP(N(AV8),0)-4),ROUNDUP(N(AU8),0))) | L8: =IF(OR(I8="",S8=""),"",IF(S8=2,MAX(0,M8-ROUNDUP(N(AU8),0)-4),ROUNDUP(N(AV8),0))) | M8: =IFERROR(IF(VLOOKUP(AH8,Потребители_обозначение,4,FALSE)=1,VLOOKUP(AH8,Потребители_обозначение,3,FALSE)*(G8*2-1)+I8+VLOOKUP(AI8,Этаж_обозначение,3,FALSE)+VLOOKUP(AI8,Этаж_обозначение,4,FALSE),VLOOKUP(AH8,Потребители_обозначение,3,FALSE)*(G8*2-1)+I8),I8) -> 29 | P8: =IF(VLOOKUP(AH8,Потребители_обозначение,5,FALSE)=2,_xlfn.IFS(H8=3,VLOOKUP(E8,Справочная_двигатели,8,FALSE),H8=1,VLOOKUP(E8,Справочная_двигатели,10,TRUE)),0.95) -> 0.95 | S8: 2 | T8: =_xlfn.IFS(H8=1,E8*1000/220,H8=3,E8/0.38/1.732) -> 0.015193874 | U8: =IF(R8=0,VLOOKUP(T8,Автомат_номиналы,2,TRUE),R8) -> 63 | V8: =IF(Q8=0,VLOOKUP(U8,Кабель_номиналы,2,TRUE),Q8) -> 10 | W8: =VLOOKUP(V8,Кабель_сопротивление,3,FALSE) -> 0.0175 | X8: =VLOOKUP(V8,Кабель_сопротивление,2,FALSE) -> 0.073 | Y8: {=_xlfn.IFS(H8=1,2,H8=3,1)} -> 1 | Z8: =ROUND(SIN(ACOS(P8)),2) -> 0.31 | AA8: =Y8*(W8*I8/V8+X8*I8*Z8/1000)*T8 -> 0.0006463948 | AB8: =ROUNDUP(AA8/220*100,2) -> 0.01 | AC8: =_xlfn.IFS(H8=3,380,H8=1,220) -> 380 | AD8: =VLOOKUP(N8,Кабель_обозначение,2,FALSE) -> ВВГнг(А)-LS | AE8: =IF(VLOOKUP(N8,Кабель_обозначение,3,FALSE)=1,AD8&" ("&O8&"х"&V8&")",AD8) -> ВВГнг(А)-LS (5х10) | AF8: =IFERROR(IF(AB8>4.5,1,2),0) -> 2 | AG8: =IFERROR(LEFT(AQ8,SEARCH(".",AQ8)-1),AQ8) | AH8: =IFERROR(LEFT(A8,SEARCH(".",A8)-1),A8) -> Ввод | AI8: =IFERROR(LEFT(AP8,SEARCH(".",AP8)-1),AP8) -> 3 | AJ8: =IF(C8=0,B8,C8) -> Дополнительный ввод | AK8: =ROUNDUP(T8,2) -> 0.02 | AL8: =E8 -> 0.01 | AM8: =D8 -> Ввод.3 | AO8: =IF(V8=0,AD8,AE8&" L="&M8&"-"&AB8&"%") -> ВВГнг(А)-LS (5х10) L=29-0,01% | AP8: =RIGHT(A8,LEN(A8)-SEARCH(".",A8)) -> 3 | AQ8: =IFERROR(RIGHT(AP8,LEN(AP8)-SEARCH(".",AP8)),"") | AR8: =IFERROR(IF(VLOOKUP(AH8,Потребители_обозначение,5,FALSE)=2,_xlfn.IFS(H8=3,VLOOKUP(E8,Справочная_двигатели,3,FALSE),H8=1,VLOOKUP(E8,Справочная_двигатели,5,TRUE)),0),0) -> 0 | AS8: =IFERROR(IF(VLOOKUP(AH8,Потребители_обозначение,5,FALSE)=3,VLOOKUP(E8,Справочная_ЛЭД,2,TRUE),0),0) -> 0 | AT8: =IF(AR8=0,AS8,AR8) -> 0 | AV8: 11.73 | AW8: 830D88
A9: =D9 -> 0 | B9: =IFERROR(IF(VLOOKUP(AH9,Потребители_обозначение,4,FALSE)=1,VLOOKUP(AH9,Потребители_обозначение,2,FALSE)&" "&VLOOKUP(AI9,Этаж_обозначение,2,FALSE)&" Пом. №"&AG9,VLOOKUP(AH9,Потребители_обозначение,2,FALSE)&" Шлейф №"&AI9),VLOOKUP(D9,Потребители_обозначение,2,FALSE)) -> #N/A | D9: R.1.05.1 | G9: 1 | I9: =IF(COUNT(AU9:AV9)=0,"",ROUNDUP(SUM(AU9:AV9),0)) | K9: =IF(OR(I9="",S9=""),"",IF(S9=1,MAX(0,M9-ROUNDUP(N(AV9),0)-4),ROUNDUP(N(AU9),0))) | L9: =IF(OR(I9="",S9=""),"",IF(S9=2,MAX(0,M9-ROUNDUP(N(AU9),0)-4),ROUNDUP(N(AV9),0))) | M9: =IFERROR(IF(VLOOKUP(AH9,Потребители_обозначение,4,FALSE)=1,VLOOKUP(AH9,Потребители_обозначение,3,FALSE)*(G9*2-1)+I9+VLOOKUP(AI9,Этаж_обозначение,3,FALSE)+VLOOKUP(AI9,Этаж_обозначение,4,FALSE),VLOOKUP(AH9,Потребители_обозначение,3,FALSE)*(G9*2-1)+I9),I9) -> 0 | P9: =IF(VLOOKUP(AH9,Потребители_обозначение,5,FALSE)=2,_xlfn.IFS(H9=3,VLOOKUP(E9,Справочная_двигатели,8,FALSE),H9=1,VLOOKUP(E9,Справочная_двигатели,10,TRUE)),0.95) -> #N/A | S9: 2 | T9: =_xlfn.IFS(H9=1,E9*1000/220,H9=3,E9/0.38/1.732) -> #N/A | U9: =IF(R9=0,VLOOKUP(T9,Автомат_номиналы,2,TRUE),R9) -> #N/A | V9: =IF(Q9=0,VLOOKUP(U9,Кабель_номиналы,2,TRUE),Q9) -> #N/A | W9: =VLOOKUP(V9,Кабель_сопротивление,3,FALSE) -> #N/A | X9: =VLOOKUP(V9,Кабель_сопротивление,2,FALSE) -> #N/A | Y9: {=_xlfn.IFS(H9=1,2,H9=3,1)} -> #N/A | Z9: =ROUND(SIN(ACOS(P9)),2) -> #N/A | AA9: =Y9*(W9*I9/V9+X9*I9*Z9/1000)*T9 -> #N/A | AB9: =ROUNDUP(AA9/220*100,2) -> #N/A | AC9: =_xlfn.IFS(H9=3,380,H9=1,220) -> #N/A | AD9: =VLOOKUP(N9,Кабель_обозначение,2,FALSE) -> #N/A | AE9: =IF(VLOOKUP(N9,Кабель_обозначение,3,FALSE)=1,AD9&" ("&O9&"х"&V9&")",AD9) -> #N/A | AF9: =IFERROR(IF(AB9>4.5,1,2),0) -> 0 | AG9: =IFERROR(LEFT(AQ9,SEARCH(".",AQ9)-1),AQ9) | AH9: =IFERROR(LEFT(A9,SEARCH(".",A9)-1),A9) -> 0 | AI9: =IFERROR(LEFT(AP9,SEARCH(".",AP9)-1),AP9) -> #VALUE! | AJ9: =IF(C9=0,B9,C9) -> #N/A | AK9: =ROUNDUP(T9,2) -> #N/A | AL9: =E9 -> 0 | AM9: =D9 -> 0 | AO9: =IF(V9=0,AD9,AE9&" L="&M9&"-"&AB9&"%") -> #N/A | AP9: =RIGHT(A9,LEN(A9)-SEARCH(".",A9)) -> #VALUE! | AQ9: =IFERROR(RIGHT(AP9,LEN(AP9)-SEARCH(".",AP9)),"") | AR9: =IFERROR(IF(VLOOKUP(AH9,Потребители_обозначение,5,FALSE)=2,_xlfn.IFS(H9=3,VLOOKUP(E9,Справочная_двигатели,3,FALSE),H9=1,VLOOKUP(E9,Справочная_двигатели,5,TRUE)),0),0) -> 0 | AS9: =IFERROR(IF(VLOOKUP(AH9,Потребители_обозначение,5,FALSE)=3,VLOOKUP(E9,Справочная_ЛЭД,2,TRUE),0),0) -> 0 | AT9: =IF(AR9=0,AS9,AR9) -> 0 | AV9: 20.49 | AW9: 830A6D
A10: =D10 -> KV-1 | B10: =IFERROR(IF(VLOOKUP(AH10,Потребители_обозначение,4,FALSE)=1,VLOOKUP(AH10,Потребители_обозначение,2,FALSE)&" "&VLOOKUP(AI10,Этаж_обозначение,2,FALSE)&" Пом. №"&AG10,VLOOKUP(AH10,Потребители_обозначение,2,FALSE)&" Шлейф №"&AI10),VLOOKUP(D10,Потребители_обозначение,2,FALSE)) -> #N/A | D10: R.1.05.2 | G10: 1 | I10: =IF(COUNT(AU10:AV10)=0,"",ROUNDUP(SUM(AU10:AV10),0)) | K10: =IF(OR(I10="",S10=""),"",IF(S10=1,MAX(0,M10-ROUNDUP(N(AV10),0)-4),ROUNDUP(N(AU10),0))) | L10: =IF(OR(I10="",S10=""),"",IF(S10=2,MAX(0,M10-ROUNDUP(N(AU10),0)-4),ROUNDUP(N(AV10),0))) | M10: =IFERROR(IF(VLOOKUP(AH10,Потребители_обозначение,4,FALSE)=1,VLOOKUP(AH10,Потребители_обозначение,3,FALSE)*(G10*2-1)+I10+VLOOKUP(AI10,Этаж_обозначение,3,FALSE)+VLOOKUP(AI10,Этаж_обозначение,4,FALSE),VLOOKUP(AH10,Потребители_обозначение,3,FALSE)*(G10*2-1)+I10),I10) -> 0 | P10: =IF(VLOOKUP(AH10,Потребители_обозначение,5,FALSE)=2,_xlfn.IFS(H10=3,VLOOKUP(E10,Справочная_двигатели,8,FALSE),H10=1,VLOOKUP(E10,Справочная_двигатели,10,TRUE)),0.95) -> #N/A | S10: 2 | T10: =_xlfn.IFS(H10=1,E10*1000/220,H10=3,E10/0.38/1.732) -> 0.015193874 | U10: =IF(R10=0,VLOOKUP(T10,Автомат_номиналы,2,TRUE),R10) -> 6 | V10: =IF(Q10=0,VLOOKUP(U10,Кабель_номиналы,2,TRUE),Q10) -> 2.5 | W10: =VLOOKUP(V10,Кабель_сопротивление,3,FALSE) -> 0.0175 | X10: =VLOOKUP(V10,Кабель_сопротивление,2,FALSE) -> 0.1 | Y10: {=_xlfn.IFS(H10=1,2,H10=3,1)} -> 1 | Z10: =ROUND(SIN(ACOS(P10)),2) -> #N/A | AA10: =Y10*(W10*I10/V10+X10*I10*Z10/1000)*T10 -> #N/A | AB10: =ROUNDUP(AA10/220*100,2) -> #N/A | AC10: =_xlfn.IFS(H10=3,380,H10=1,220) -> 380 | AD10: =VLOOKUP(N10,Кабель_обозначение,2,FALSE) -> #N/A | AE10: =IF(VLOOKUP(N10,Кабель_обозначение,3,FALSE)=1,AD10&" ("&O10&"х"&V10&")",AD10) -> #N/A | AF10: =IFERROR(IF(AB10>4.5,1,2),0) -> 0 | AG10: =IFERROR(LEFT(AQ10,SEARCH(".",AQ10)-1),AQ10) | AH10: =IFERROR(LEFT(A10,SEARCH(".",A10)-1),A10) -> KV-1 | AI10: =IFERROR(LEFT(AP10,SEARCH(".",AP10)-1),AP10) -> #VALUE! | AJ10: =IF(C10=0,B10,C10) -> Реле напряжения | AK10: =ROUNDUP(T10,2) -> 0.02 | AL10: =E10 -> 0.01 | AM10: =D10 -> KV-1 | AO10: =IF(V10=0,AD10,AE10&" L="&M10&"-"&AB10&"%") -> #N/A | AP10: =RIGHT(A10,LEN(A10)-SEARCH(".",A10)) -> #VALUE! | AQ10: =IFERROR(RIGHT(AP10,LEN(AP10)-SEARCH(".",AP10)),"") | AR10: =IFERROR(IF(VLOOKUP(AH10,Потребители_обозначение,5,FALSE)=2,_xlfn.IFS(H10=3,VLOOKUP(E10,Справочная_двигатели,3,FALSE),H10=1,VLOOKUP(E10,Справочная_двигатели,5,TRUE)),0),0) -> 0 | AS10: =IFERROR(IF(VLOOKUP(AH10,Потребители_обозначение,5,FALSE)=3,VLOOKUP(E10,Справочная_ЛЭД,2,TRUE),0),0) -> 0 | AT10: =IF(AR10=0,AS10,AR10) -> 0 | AV10: 19.45 | AW10: 830C24
A11: =D11 -> 0 | B11: =IFERROR(IF(VLOOKUP(AH11,Потребители_обозначение,4,FALSE)=1,VLOOKUP(AH11,Потребители_обозначение,2,FALSE)&" "&VLOOKUP(AI11,Этаж_обозначение,2,FALSE)&" Пом. №"&AG11,VLOOKUP(AH11,Потребители_обозначение,2,FALSE)&" Шлейф №"&AI11),VLOOKUP(D11,Потребители_обозначение,2,FALSE)) -> #N/A | D11: R.1.05.3 | G11: 1 | I11: =IF(COUNT(AU11:AV11)=0,"",ROUNDUP(SUM(AU11:AV11),0)) | K11: =IF(OR(I11="",S11=""),"",IF(S11=1,MAX(0,M11-ROUNDUP(N(AV11),0)-4),ROUNDUP(N(AU11),0))) | L11: =IF(OR(I11="",S11=""),"",IF(S11=2,MAX(0,M11-ROUNDUP(N(AU11),0)-4),ROUNDUP(N(AV11),0))) | M11: =IFERROR(IF(VLOOKUP(AH11,Потребители_обозначение,4,FALSE)=1,VLOOKUP(AH11,Потребители_обозначение,3,FALSE)*(G11*2-1)+I11+VLOOKUP(AI11,Этаж_обозначение,3,FALSE)+VLOOKUP(AI11,Этаж_обозначение,4,FALSE),VLOOKUP(AH11,Потребители_обозначение,3,FALSE)*(G11*2-1)+I11),I11) -> 0 | P11: =IF(VLOOKUP(AH11,Потребители_обозначение,5,FALSE)=2,_xlfn.IFS(H11=3,VLOOKUP(E11,Справочная_двигатели,8,FALSE),H11=1,VLOOKUP(E11,Справочная_двигатели,10,TRUE)),0.95) -> #N/A | S11: 2 | T11: =_xlfn.IFS(H11=1,E11*1000/220,H11=3,E11/0.38/1.732) -> #N/A | U11: =IF(R11=0,VLOOKUP(T11,Автомат_номиналы,2,TRUE),R11) -> #N/A | V11: =IF(Q11=0,VLOOKUP(U11,Кабель_номиналы,2,TRUE),Q11) -> #N/A | W11: =VLOOKUP(V11,Кабель_сопротивление,3,FALSE) -> #N/A | X11: =VLOOKUP(V11,Кабель_сопротивление,2,FALSE) -> #N/A | Y11: {=_xlfn.IFS(H11=1,2,H11=3,1)} -> #N/A | Z11: =ROUND(SIN(ACOS(P11)),2) -> #N/A | AA11: =Y11*(W11*I11/V11+X11*I11*Z11/1000)*T11 -> #N/A | AB11: =ROUNDUP(AA11/220*100,2) -> #N/A | AC11: =_xlfn.IFS(H11=3,380,H11=1,220) -> #N/A | AD11: =VLOOKUP(N11,Кабель_обозначение,2,FALSE) -> #N/A | AE11: =IF(VLOOKUP(N11,Кабель_обозначение,3,FALSE)=1,AD11&" ("&O11&"х"&V11&")",AD11) -> #N/A | AF11: =IFERROR(IF(AB11>4.5,1,2),0) -> 0 | AG11: =IFERROR(LEFT(AQ11,SEARCH(".",AQ11)-1),AQ11) | AH11: =IFERROR(LEFT(A11,SEARCH(".",A11)-1),A11) -> 0 | AI11: =IFERROR(LEFT(AP11,SEARCH(".",AP11)-1),AP11) -> #VALUE! | AJ11: =IF(C11=0,B11,C11) -> #N/A | AK11: =ROUNDUP(T11,2) -> #N/A | AL11: =E11 -> 0 | AM11: =D11 -> 0 | AO11: =IF(V11=0,AD11,AE11&" L="&M11&"-"&AB11&"%") -> #N/A | AP11: =RIGHT(A11,LEN(A11)-SEARCH(".",A11)) -> #VALUE! | AQ11: =IFERROR(RIGHT(AP11,LEN(AP11)-SEARCH(".",AP11)),"") | AR11: =IFERROR(IF(VLOOKUP(AH11,Потребители_обозначение,5,FALSE)=2,_xlfn.IFS(H11=3,VLOOKUP(E11,Справочная_двигатели,3,FALSE),H11=1,VLOOKUP(E11,Справочная_двигатели,5,TRUE)),0),0) -> 0 | AS11: =IFERROR(IF(VLOOKUP(AH11,Потребители_обозначение,5,FALSE)=3,VLOOKUP(E11,Справочная_ЛЭД,2,TRUE),0),0) -> 0 | AT11: =IF(AR11=0,AS11,AR11) -> 0 | AV11: 22.01 | AW11: 830C23
A12: =D12 -> 0 | B12: =IFERROR(IF(VLOOKUP(AH12,Потребители_обозначение,4,FALSE)=1,VLOOKUP(AH12,Потребители_обозначение,2,FALSE)&" "&VLOOKUP(AI12,Этаж_обозначение,2,FALSE)&" Пом. №"&AG12,VLOOKUP(AH12,Потребители_обозначение,2,FALSE)&" Шлейф №"&AI12),VLOOKUP(D12,Потребители_обозначение,2,FALSE)) -> #N/A | D12: R.1.05.4 | G12: 1 | I12: =IF(COUNT(AU12:AV12)=0,"",ROUNDUP(SUM(AU12:AV12),0)) | K12: =IF(OR(I12="",S12=""),"",IF(S12=1,MAX(0,M12-ROUNDUP(N(AV12),0)-4),ROUNDUP(N(AU12),0))) | L12: =IF(OR(I12="",S12=""),"",IF(S12=2,MAX(0,M12-ROUNDUP(N(AU12),0)-4),ROUNDUP(N(AV12),0))) | M12: =IFERROR(IF(VLOOKUP(AH12,Потребители_обозначение,4,FALSE)=1,VLOOKUP(AH12,Потребители_обозначение,3,FALSE)*(G12*2-1)+I12+VLOOKUP(AI12,Этаж_обозначение,3,FALSE)+VLOOKUP(AI12,Этаж_обозначение,4,FALSE),VLOOKUP(AH12,Потребители_обозначение,3,FALSE)*(G12*2-1)+I12),I12) -> 0 | P12: =IF(VLOOKUP(AH12,Потребители_обозначение,5,FALSE)=2,_xlfn.IFS(H12=3,VLOOKUP(E12,Справочная_двигатели,8,FALSE),H12=1,VLOOKUP(E12,Справочная_двигатели,10,TRUE)),0.95) -> #N/A | S12: 2 | T12: =_xlfn.IFS(H12=1,E12*1000/220,H12=3,E12/0.38/1.732) -> #N/A | U12: =IF(R12=0,VLOOKUP(T12,Автомат_номиналы,2,TRUE),R12) -> #N/A | V12: =IF(Q12=0,VLOOKUP(U12,Кабель_номиналы,2,TRUE),Q12) -> #N/A | W12: =VLOOKUP(V12,Кабель_сопротивление,3,FALSE) -> #N/A | X12: =VLOOKUP(V12,Кабель_сопротивление,2,FALSE) -> #N/A | Y12: {=_xlfn.IFS(H12=1,2,H12=3,1)} -> #N/A | Z12: =ROUND(SIN(ACOS(P12)),2) -> #N/A | AA12: =Y12*(W12*I12/V12+X12*I12*Z12/1000)*T12 -> #N/A | AB12: =ROUNDUP(AA12/220*100,2) -> #N/A | AC12: =_xlfn.IFS(H12=3,380,H12=1,220) -> #N/A | AD12: =VLOOKUP(N12,Кабель_обозначение,2,FALSE) -> #N/A | AE12: =IF(VLOOKUP(N12,Кабель_обозначение,3,FALSE)=1,AD12&" ("&O12&"х"&V12&")",AD12) -> #N/A | AF12: =IFERROR(IF(AB12>4.5,1,2),0) -> 0 | AG12: =IFERROR(LEFT(AQ12,SEARCH(".",AQ12)-1),AQ12) | AH12: =IFERROR(LEFT(A12,SEARCH(".",A12)-1),A12) -> 0 | AI12: =IFERROR(LEFT(AP12,SEARCH(".",AP12)-1),AP12) -> #VALUE! | AJ12: =IF(C12=0,B12,C12) -> #N/A | AK12: =ROUNDUP(T12,2) -> #N/A | AL12: =E12 -> 0 | AM12: =D12 -> 0 | AO12: =IF(V12=0,AD12,AE12&" L="&M12&"-"&AB12&"%") -> #N/A | AP12: =RIGHT(A12,LEN(A12)-SEARCH(".",A12)) -> #VALUE! | AQ12: =IFERROR(RIGHT(AP12,LEN(AP12)-SEARCH(".",AP12)),"") | AR12: =IFERROR(IF(VLOOKUP(AH12,Потребители_обозначение,5,FALSE)=2,_xlfn.IFS(H12=3,VLOOKUP(E12,Справочная_двигатели,3,FALSE),H12=1,VLOOKUP(E12,Справочная_двигатели,5,TRUE)),0),0) -> 0 | AS12: =IFERROR(IF(VLOOKUP(AH12,Потребители_обозначение,5,FALSE)=3,VLOOKUP(E12,Справочная_ЛЭД,2,TRUE),0),0) -> 0 | AT12: =IF(AR12=0,AS12,AR12) -> 0 | AV12: 15.22 | AW12: 830B49
A13: =D13 -> На ИБП | B13: =IFERROR(IF(VLOOKUP(AH13,Потребители_обозначение,4,FALSE)=1,VLOOKUP(AH13,Потребители_обозначение,2,FALSE)&" "&VLOOKUP(AI13,Этаж_обозначение,2,FALSE)&" Пом. №"&AG13,VLOOKUP(AH13,Потребители_обозначение,2,FALSE)&" Шлейф №"&AI13),VLOOKUP(D13,Потребители_обозначение,2,FALSE)) -> Питание на ИБП | D13: R.1.05.5 | G13: 1 | I13: =IF(COUNT(AU13:AV13)=0,"",ROUNDUP(SUM(AU13:AV13),0)) | K13: =IF(OR(I13="",S13=""),"",IF(S13=1,MAX(0,M13-ROUNDUP(N(AV13),0)-4),ROUNDUP(N(AU13),0))) | L13: =IF(OR(I13="",S13=""),"",IF(S13=2,MAX(0,M13-ROUNDUP(N(AU13),0)-4),ROUNDUP(N(AV13),0))) | M13: =IFERROR(IF(VLOOKUP(AH13,Потребители_обозначение,4,FALSE)=1,VLOOKUP(AH13,Потребители_обозначение,3,FALSE)*(G13*2-1)+I13+VLOOKUP(AI13,Этаж_обозначение,3,FALSE)+VLOOKUP(AI13,Этаж_обозначение,4,FALSE),VLOOKUP(AH13,Потребители_обозначение,3,FALSE)*(G13*2-1)+I13),I13) -> 22 | P13: =IF(VLOOKUP(AH13,Потребители_обозначение,5,FALSE)=2,_xlfn.IFS(H13=3,VLOOKUP(E13,Справочная_двигатели,8,FALSE),H13=1,VLOOKUP(E13,Справочная_двигатели,10,TRUE)),0.95) -> 0.95 | S13: 2 | T13: =_xlfn.IFS(H13=1,E13*1000/220,H13=3,E13/0.38/1.732) -> 9.0909091 | U13: =IF(R13=0,VLOOKUP(T13,Автомат_номиналы,2,TRUE),R13) -> 16 | V13: =IF(Q13=0,VLOOKUP(U13,Кабель_номиналы,2,TRUE),Q13) -> 2.5 | W13: =VLOOKUP(V13,Кабель_сопротивление,3,FALSE) -> 0.0175 | X13: =VLOOKUP(V13,Кабель_сопротивление,2,FALSE) -> 0.1 | Y13: {=_xlfn.IFS(H13=1,2,H13=3,1)} -> 2 | Z13: =ROUND(SIN(ACOS(P13)),2) -> 0.31 | AA13: =Y13*(W13*I13/V13+X13*I13*Z13/1000)*T13 -> 2.8124 | AB13: =ROUNDUP(AA13/220*100,2) -> 1.28 | AC13: =_xlfn.IFS(H13=3,380,H13=1,220) -> 220 | AD13: =VLOOKUP(N13,Кабель_обозначение,2,FALSE) -> ВВГнг(А)-LS | AE13: =IF(VLOOKUP(N13,Кабель_обозначение,3,FALSE)=1,AD13&" ("&O13&"х"&V13&")",AD13) -> ВВГнг(А)-LS (3х2,5) | AF13: =IFERROR(IF(AB13>4.5,1,2),0) -> 2 | AG13: =IFERROR(LEFT(AQ13,SEARCH(".",AQ13)-1),AQ13) | AH13: =IFERROR(LEFT(A13,SEARCH(".",A13)-1),A13) -> На ИБП | AI13: =IFERROR(LEFT(AP13,SEARCH(".",AP13)-1),AP13) -> #VALUE! | AJ13: =IF(C13=0,B13,C13) -> Питание на ИБП | AK13: =ROUNDUP(T13,2) -> 9.1 | AL13: =E13 -> 2 | AM13: =D13 -> На ИБП | AO13: =IF(V13=0,AD13,AE13&" L="&M13&"-"&AB13&"%") -> ВВГнг(А)-LS (3х2,5) L=22-1,28% | AP13: =RIGHT(A13,LEN(A13)-SEARCH(".",A13)) -> #VALUE! | AQ13: =IFERROR(RIGHT(AP13,LEN(AP13)-SEARCH(".",AP13)),"") | AR13: =IFERROR(IF(VLOOKUP(AH13,Потребители_обозначение,5,FALSE)=2,_xlfn.IFS(H13=3,VLOOKUP(E13,Справочная_двигатели,3,FALSE),H13=1,VLOOKUP(E13,Справочная_двигатели,5,TRUE)),0),0) -> 0 | AS13: =IFERROR(IF(VLOOKUP(AH13,Потребители_обозначение,5,FALSE)=3,VLOOKUP(E13,Справочная_ЛЭД,2,TRUE),0),0) -> 0 | AT13: =IF(AR13=0,AS13,AR13) -> 0 | AV13: 15.05 | AW13: 830B48
A14: =D14 -> 0 | B14: =IFERROR(IF(VLOOKUP(AH14,Потребители_обозначение,4,FALSE)=1,VLOOKUP(AH14,Потребители_обозначение,2,FALSE)&" "&VLOOKUP(AI14,Этаж_обозначение,2,FALSE)&" Пом. №"&AG14,VLOOKUP(AH14,Потребители_обозначение,2,FALSE)&" Шлейф №"&AI14),VLOOKUP(D14,Потребители_обозначение,2,FALSE)) -> #N/A | D14: R.1.05.6 | G14: 1 | I14: =IF(COUNT(AU14:AV14)=0,"",ROUNDUP(SUM(AU14:AV14),0)) | K14: =IF(OR(I14="",S14=""),"",IF(S14=1,MAX(0,M14-ROUNDUP(N(AV14),0)-4),ROUNDUP(N(AU14),0))) | L14: =IF(OR(I14="",S14=""),"",IF(S14=2,MAX(0,M14-ROUNDUP(N(AU14),0)-4),ROUNDUP(N(AV14),0))) | M14: =IFERROR(IF(VLOOKUP(AH14,Потребители_обозначение,4,FALSE)=1,VLOOKUP(AH14,Потребители_обозначение,3,FALSE)*(G14*2-1)+I14+VLOOKUP(AI14,Этаж_обозначение,3,FALSE)+VLOOKUP(AI14,Этаж_обозначение,4,FALSE),VLOOKUP(AH14,Потребители_обозначение,3,FALSE)*(G14*2-1)+I14),I14) -> 0 | P14: =IF(VLOOKUP(AH14,Потребители_обозначение,5,FALSE)=2,_xlfn.IFS(H14=3,VLOOKUP(E14,Справочная_двигатели,8,FALSE),H14=1,VLOOKUP(E14,Справочная_двигатели,10,TRUE)),0.95) -> #N/A | S14: 2 | T14: =_xlfn.IFS(H14=1,E14*1000/220,H14=3,E14/0.38/1.732) -> #N/A | U14: =IF(R14=0,VLOOKUP(T14,Автомат_номиналы,2,TRUE),R14) -> #N/A | V14: =IF(Q14=0,VLOOKUP(U14,Кабель_номиналы,2,TRUE),Q14) -> #N/A | W14: =VLOOKUP(V14,Кабель_сопротивление,3,FALSE) -> #N/A | X14: =VLOOKUP(V14,Кабель_сопротивление,2,FALSE) -> #N/A | Y14: {=_xlfn.IFS(H14=1,2,H14=3,1)} -> #N/A | Z14: =ROUND(SIN(ACOS(P14)),2) -> #N/A | AA14: =Y14*(W14*I14/V14+X14*I14*Z14/1000)*T14 -> #N/A | AB14: =ROUNDUP(AA14/220*100,2) -> #N/A | AC14: =_xlfn.IFS(H14=3,380,H14=1,220) -> #N/A | AD14: =VLOOKUP(N14,Кабель_обозначение,2,FALSE) -> #N/A | AE14: =IF(VLOOKUP(N14,Кабель_обозначение,3,FALSE)=1,AD14&" ("&O14&"х"&V14&")",AD14) -> #N/A | AF14: =IFERROR(IF(AB14>4.5,1,2),0) -> 0 | AG14: =IFERROR(LEFT(AQ14,SEARCH(".",AQ14)-1),AQ14) | AH14: =IFERROR(LEFT(A14,SEARCH(".",A14)-1),A14) -> 0 | AI14: =IFERROR(LEFT(AP14,SEARCH(".",AP14)-1),AP14) -> #VALUE! | AJ14: =IF(C14=0,B14,C14) -> #N/A | AK14: =ROUNDUP(T14,2) -> #N/A | AL14: =E14 -> 0 | AM14: =D14 -> 0 | AO14: =IF(V14=0,AD14,AE14&" L="&M14&"-"&AB14&"%") -> #N/A | AP14: =RIGHT(A14,LEN(A14)-SEARCH(".",A14)) -> #VALUE! | AQ14: =IFERROR(RIGHT(AP14,LEN(AP14)-SEARCH(".",AP14)),"") | AR14: =IFERROR(IF(VLOOKUP(AH14,Потребители_обозначение,5,FALSE)=2,_xlfn.IFS(H14=3,VLOOKUP(E14,Справочная_двигатели,3,FALSE),H14=1,VLOOKUP(E14,Справочная_двигатели,5,TRUE)),0),0) -> 0 | AS14: =IFERROR(IF(VLOOKUP(AH14,Потребители_обозначение,5,FALSE)=3,VLOOKUP(E14,Справочная_ЛЭД,2,TRUE),0),0) -> 0 | AT14: =IF(AR14=0,AS14,AR14) -> 0 | AV14: 14.92 | AW14: 830C22
A15: =D15 -> От ИБП | B15: =IFERROR(IF(VLOOKUP(AH15,Потребители_обозначение,4,FALSE)=1,VLOOKUP(AH15,Потребители_обозначение,2,FALSE)&" "&VLOOKUP(AI15,Этаж_обозначение,2,FALSE)&" Пом. №"&AG15,VLOOKUP(AH15,Потребители_обозначение,2,FALSE)&" Шлейф №"&AI15),VLOOKUP(D15,Потребители_обозначение,2,FALSE)) -> Питание от ИБП | D15: R.1.05.7 | G15: 1 | I15: =IF(COUNT(AU15:AV15)=0,"",ROUNDUP(SUM(AU15:AV15),0)) | K15: =IF(OR(I15="",S15=""),"",IF(S15=1,MAX(0,M15-ROUNDUP(N(AV15),0)-4),ROUNDUP(N(AU15),0))) | L15: =IF(OR(I15="",S15=""),"",IF(S15=2,MAX(0,M15-ROUNDUP(N(AU15),0)-4),ROUNDUP(N(AV15),0))) | M15: =IFERROR(IF(VLOOKUP(AH15,Потребители_обозначение,4,FALSE)=1,VLOOKUP(AH15,Потребители_обозначение,3,FALSE)*(G15*2-1)+I15+VLOOKUP(AI15,Этаж_обозначение,3,FALSE)+VLOOKUP(AI15,Этаж_обозначение,4,FALSE),VLOOKUP(AH15,Потребители_обозначение,3,FALSE)*(G15*2-1)+I15),I15) -> 22 | P15: =IF(VLOOKUP(AH15,Потребители_обозначение,5,FALSE)=2,_xlfn.IFS(H15=3,VLOOKUP(E15,Справочная_двигатели,8,FALSE),H15=1,VLOOKUP(E15,Справочная_двигатели,10,TRUE)),0.95) -> 0.95 | S15: 2 | T15: =_xlfn.IFS(H15=1,E15*1000/220,H15=3,E15/0.38/1.732) -> 9.0909091 | U15: =IF(R15=0,VLOOKUP(T15,Автомат_номиналы,2,TRUE),R15) -> 16 | V15: =IF(Q15=0,VLOOKUP(U15,Кабель_номиналы,2,TRUE),Q15) -> 2.5 | W15: =VLOOKUP(V15,Кабель_сопротивление,3,FALSE) -> 0.0175 | X15: =VLOOKUP(V15,Кабель_сопротивление,2,FALSE) -> 0.1 | Y15: {=_xlfn.IFS(H15=1,2,H15=3,1)} -> 2 | Z15: =ROUND(SIN(ACOS(P15)),2) -> 0.31 | AA15: =Y15*(W15*I15/V15+X15*I15*Z15/1000)*T15 -> 2.8124 | AB15: =ROUNDUP(AA15/220*100,2) -> 1.28 | AC15: =_xlfn.IFS(H15=3,380,H15=1,220) -> 220 | AD15: =VLOOKUP(N15,Кабель_обозначение,2,FALSE) -> ВВГнг(А)-LS | AE15: =IF(VLOOKUP(N15,Кабель_обозначение,3,FALSE)=1,AD15&" ("&O15&"х"&V15&")",AD15) -> ВВГнг(А)-LS (3х2,5) | AF15: =IFERROR(IF(AB15>4.5,1,2),0) -> 2 | AG15: =IFERROR(LEFT(AQ15,SEARCH(".",AQ15)-1),AQ15) | AH15: =IFERROR(LEFT(A15,SEARCH(".",A15)-1),A15) -> От ИБП | AI15: =IFERROR(LEFT(AP15,SEARCH(".",AP15)-1),AP15) -> #VALUE! | AJ15: =IF(C15=0,B15,C15) -> Питание от ИБП | AK15: =ROUNDUP(T15,2) -> 9.1 | AL15: =E15 -> 2 | AM15: =D15 -> От ИБП | AO15: =IF(V15=0,AD15,AE15&" L="&M15&"-"&AB15&"%") -> ВВГнг(А)-LS (3х2,5) L=22-1,28% | AP15: =RIGHT(A15,LEN(A15)-SEARCH(".",A15)) -> #VALUE! | AQ15: =IFERROR(RIGHT(AP15,LEN(AP15)-SEARCH(".",AP15)),"") | AR15: =IFERROR(IF(VLOOKUP(AH15,Потребители_обозначение,5,FALSE)=2,_xlfn.IFS(H15=3,VLOOKUP(E15,Справочная_двигатели,3,FALSE),H15=1,VLOOKUP(E15,Справочная_двигатели,5,TRUE)),0),0) -> 0 | AS15: =IFERROR(IF(VLOOKUP(AH15,Потребители_обозначение,5,FALSE)=3,VLOOKUP(E15,Справочная_ЛЭД,2,TRUE),0),0) -> 0 | AT15: =IF(AR15=0,AS15,AR15) -> 0 | AV15: 14.81 | AW15: 830AB9
A16: =D16 -> 0 | B16: =IFERROR(IF(VLOOKUP(AH16,Потребители_обозначение,4,FALSE)=1,VLOOKUP(AH16,Потребители_обозначение,2,FALSE)&" "&VLOOKUP(AI16,Этаж_обозначение,2,FALSE)&" Пом. №"&AG16,VLOOKUP(AH16,Потребители_обозначение,2,FALSE)&" Шлейф №"&AI16),VLOOKUP(D16,Потребители_обозначение,2,FALSE)) -> #N/A | D16: R.1.05.8 | G16: 1 | M16: =IFERROR(IF(VLOOKUP(AH16,Потребители_обозначение,4,FALSE)=1,VLOOKUP(AH16,Потребители_обозначение,3,FALSE)*(G16*2-1)+I16+VLOOKUP(AI16,Этаж_обозначение,3,FALSE)+VLOOKUP(AI16,Этаж_обозначение,4,FALSE),VLOOKUP(AH16,Потребители_обозначение,3,FALSE)*(G16*2-1)+I16),I16) -> 0 | P16: =IF(VLOOKUP(AH16,Потребители_обозначение,5,FALSE)=2,_xlfn.IFS(H16=3,VLOOKUP(E16,Справочная_двигатели,8,FALSE),H16=1,VLOOKUP(E16,Справочная_двигатели,10,TRUE)),0.95) -> #N/A | T16: =_xlfn.IFS(H16=1,E16*1000/220,H16=3,E16/0.38/1.732) -> #N/A | U16: =IF(R16=0,VLOOKUP(T16,Автомат_номиналы,2,TRUE),R16) -> #N/A | V16: =IF(Q16=0,VLOOKUP(U16,Кабель_номиналы,2,TRUE),Q16) -> #N/A | W16: =VLOOKUP(V16,Кабель_сопротивление,3,FALSE) -> #N/A | X16: =VLOOKUP(V16,Кабель_сопротивление,2,FALSE) -> #N/A | Y16: {=_xlfn.IFS(H16=1,2,H16=3,1)} -> #N/A | Z16: =ROUND(SIN(ACOS(P16)),2) -> #N/A | AA16: =Y16*(W16*I16/V16+X16*I16*Z16/1000)*T16 -> #N/A | AB16: =ROUNDUP(AA16/220*100,2) -> #N/A | AC16: =_xlfn.IFS(H16=3,380,H16=1,220) -> #N/A | AD16: =VLOOKUP(N16,Кабель_обозначение,2,FALSE) -> #N/A | AE16: =IF(VLOOKUP(N16,Кабель_обозначение,3,FALSE)=1,AD16&" ("&O16&"х"&V16&")",AD16) -> #N/A | AF16: =IFERROR(IF(AB16>4.5,1,2),0) -> 0 | AG16: =IFERROR(LEFT(AQ16,SEARCH(".",AQ16)-1),AQ16) | AH16: =IFERROR(LEFT(A16,SEARCH(".",A16)-1),A16) -> 0 | AI16: =IFERROR(LEFT(AP16,SEARCH(".",AP16)-1),AP16) -> #VALUE! | AJ16: =IF(C16=0,B16,C16) -> #N/A | AK16: =ROUNDUP(T16,2) -> #N/A | AL16: =E16 -> 0 | AM16: =D16 -> 0 | AO16: =IF(V16=0,AD16,AE16&" L="&M16&"-"&AB16&"%") -> #N/A | AP16: =RIGHT(A16,LEN(A16)-SEARCH(".",A16)) -> #VALUE! | AQ16: =IFERROR(RIGHT(AP16,LEN(AP16)-SEARCH(".",AP16)),"") | AR16: =IFERROR(IF(VLOOKUP(AH16,Потребители_обозначение,5,FALSE)=2,_xlfn.IFS(H16=3,VLOOKUP(E16,Справочная_двигатели,3,FALSE),H16=1,VLOOKUP(E16,Справочная_двигатели,5,TRUE)),0),0) -> 0 | AS16: =IFERROR(IF(VLOOKUP(AH16,Потребители_обозначение,5,FALSE)=3,VLOOKUP(E16,Справочная_ЛЭД,2,TRUE),0),0) -> 0 | AT16: =IF(AR16=0,AS16,AR16) -> 0 | AX16: полилиния 830ABB (13.3 м) общая с R.1.05.9 — не засчитана
A17: =D17 -> R.ЩР | B17: =IFERROR(IF(VLOOKUP(AH17,Потребители_обозначение,4,FALSE)=1,VLOOKUP(AH17,Потребители_обозначение,2,FALSE)&" "&VLOOKUP(AI17,Этаж_обозначение,2,FALSE)&" Пом. №"&AG17,VLOOKUP(AH17,Потребители_обозначение,2,FALSE)&" Шлейф №"&AI17),VLOOKUP(D17,Потребители_обозначение,2,FALSE)) -> #N/A | D17: R.1.05.9 | G17: 1 | M17: =IFERROR(IF(VLOOKUP(AH17,Потребители_обозначение,4,FALSE)=1,VLOOKUP(AH17,Потребители_обозначение,3,FALSE)*(G17*2-1)+I17+VLOOKUP(AI17,Этаж_обозначение,3,FALSE)+VLOOKUP(AI17,Этаж_обозначение,4,FALSE),VLOOKUP(AH17,Потребители_обозначение,3,FALSE)*(G17*2-1)+I17),I17) -> 4 | P17: =IF(VLOOKUP(AH17,Потребители_обозначение,5,FALSE)=2,_xlfn.IFS(H17=3,VLOOKUP(E17,Справочная_двигатели,8,FALSE),H17=1,VLOOKUP(E17,Справочная_двигатели,10,TRUE)),0.95) -> 0.95 | T17: =_xlfn.IFS(H17=1,E17*1000/220,H17=3,E17/0.38/1.732) -> 0.45454545 | U17: =IF(R17=0,VLOOKUP(T17,Автомат_номиналы,2,TRUE),R17) -> 6 | V17: =IF(Q17=0,VLOOKUP(U17,Кабель_номиналы,2,TRUE),Q17) -> 1.5 | W17: =VLOOKUP(V17,Кабель_сопротивление,3,FALSE) -> 0.0175 | X17: =VLOOKUP(V17,Кабель_сопротивление,2,FALSE) -> 0.11 | Y17: {=_xlfn.IFS(H17=1,2,H17=3,1)} -> 2 | Z17: =ROUND(SIN(ACOS(P17)),2) -> 0.31 | AA17: =Y17*(W17*I17/V17+X17*I17*Z17/1000)*T17 -> 0.042548242 | AB17: =ROUNDUP(AA17/220*100,2) -> 0.02 | AC17: =_xlfn.IFS(H17=3,380,H17=1,220) -> 220 | AD17: =VLOOKUP(N17,Кабель_обозначение,2,FALSE) -> #N/A | AE17: =IF(VLOOKUP(N17,Кабель_обозначение,3,FALSE)=1,AD17&" ("&O17&"х"&V17&")",AD17) -> #N/A | AF17: =IFERROR(IF(AB17>4.5,1,2),0) -> 2 | AG17: =IFERROR(LEFT(AQ17,SEARCH(".",AQ17)-1),AQ17) | AH17: =IFERROR(LEFT(A17,SEARCH(".",A17)-1),A17) -> R | AI17: =IFERROR(LEFT(AP17,SEARCH(".",AP17)-1),AP17) -> ЩР | AJ17: =IF(C17=0,B17,C17) -> Розетка щитовая | AK17: =ROUNDUP(T17,2) -> 0.46 | AL17: =E17 -> 0.1 | AM17: =D17 -> R.ЩР | AO17: =IF(V17=0,AD17,AE17&" L="&M17&"-"&AB17&"%") -> #N/A | AP17: =RIGHT(A17,LEN(A17)-SEARCH(".",A17)) -> ЩР | AQ17: =IFERROR(RIGHT(AP17,LEN(AP17)-SEARCH(".",AP17)),"") | AR17: =IFERROR(IF(VLOOKUP(AH17,Потребители_обозначение,5,FALSE)=2,_xlfn.IFS(H17=3,VLOOKUP(E17,Справочная_двигатели,3,FALSE),H17=1,VLOOKUP(E17,Справочная_двигатели,5,TRUE)),0),0) -> 0 | AS17: =IFERROR(IF(VLOOKUP(AH17,Потребители_обозначение,5,FALSE)=3,VLOOKUP(E17,Справочная_ЛЭД,2,TRUE),0),0) -> 0 | AT17: =IF(AR17=0,AS17,AR17) -> 0 | AX17: полилиния 830ABB (13.3 м) общая с R.1.05.8 — не засчитана
A18: =D18 -> 0 | B18: =IFERROR(IF(VLOOKUP(AH18,Потребители_обозначение,4,FALSE)=1,VLOOKUP(AH18,Потребители_обозначение,2,FALSE)&" "&VLOOKUP(AI18,Этаж_обозначение,2,FALSE)&" Пом. №"&AG18,VLOOKUP(AH18,Потребители_обозначение,2,FALSE)&" Шлейф №"&AI18),VLOOKUP(D18,Потребители_обозначение,2,FALSE)) -> #N/A | D18: R.1.05.10 | G18: 1 | I18: =IF(COUNT(AU18:AV18)=0,"",ROUNDUP(SUM(AU18:AV18),0)) | K18: =IF(OR(I18="",S18=""),"",IF(S18=1,MAX(0,M18-ROUNDUP(N(AV18),0)-4),ROUNDUP(N(AU18),0))) | L18: =IF(OR(I18="",S18=""),"",IF(S18=2,MAX(0,M18-ROUNDUP(N(AU18),0)-4),ROUNDUP(N(AV18),0))) | M18: =IFERROR(IF(VLOOKUP(AH18,Потребители_обозначение,4,FALSE)=1,VLOOKUP(AH18,Потребители_обозначение,3,FALSE)*(G18*2-1)+I18+VLOOKUP(AI18,Этаж_обозначение,3,FALSE)+VLOOKUP(AI18,Этаж_обозначение,4,FALSE),VLOOKUP(AH18,Потребители_обозначение,3,FALSE)*(G18*2-1)+I18),I18) -> 0 | P18: =IF(VLOOKUP(AH18,Потребители_обозначение,5,FALSE)=2,_xlfn.IFS(H18=3,VLOOKUP(E18,Справочная_двигатели,8,FALSE),H18=1,VLOOKUP(E18,Справочная_двигатели,10,TRUE)),0.95) -> #N/A | S18: 2 | T18: =_xlfn.IFS(H18=1,E18*1000/220,H18=3,E18/0.38/1.732) -> #N/A | U18: =IF(R18=0,VLOOKUP(T18,Автомат_номиналы,2,TRUE),R18) -> #N/A | V18: =IF(Q18=0,VLOOKUP(U18,Кабель_номиналы,2,TRUE),Q18) -> #N/A | W18: =VLOOKUP(V18,Кабель_сопротивление,3,FALSE) -> #N/A | X18: =VLOOKUP(V18,Кабель_сопротивление,2,FALSE) -> #N/A | Y18: {=_xlfn.IFS(H18=1,2,H18=3,1)} -> #N/A | Z18: =ROUND(SIN(ACOS(P18)),2) -> #N/A | AA18: =Y18*(W18*I18/V18+X18*I18*Z18/1000)*T18 -> #N/A | AB18: =ROUNDUP(AA18/220*100,2) -> #N/A | AC18: =_xlfn.IFS(H18=3,380,H18=1,220) -> #N/A | AD18: =VLOOKUP(N18,Кабель_обозначение,2,FALSE) -> #N/A | AE18: =IF(VLOOKUP(N18,Кабель_обозначение,3,FALSE)=1,AD18&" ("&O18&"х"&V18&")",AD18) -> #N/A | AF18: =IFERROR(IF(AB18>4.5,1,2),0) -> 0 | AG18: =IFERROR(LEFT(AQ18,SEARCH(".",AQ18)-1),AQ18) | AH18: =IFERROR(LEFT(A18,SEARCH(".",A18)-1),A18) -> 0 | AI18: =IFERROR(LEFT(AP18,SEARCH(".",AP18)-1),AP18) -> #VALUE! | AJ18: =IF(C18=0,B18,C18) -> #N/A | AK18: =ROUNDUP(T18,2) -> #N/A | AL18: =E18 -> 0 | AM18: =D18 -> 0 | AO18: =IF(V18=0,AD18,AE18&" L="&M18&"-"&AB18&"%") -> #N/A | AP18: =RIGHT(A18,LEN(A18)-SEARCH(".",A18)) -> #VALUE! | AQ18: =IFERROR(RIGHT(AP18,LEN(AP18)-SEARCH(".",AP18)),"") | AR18: =IFERROR(IF(VLOOKUP(AH18,Потребители_обозначение,5,FALSE)=2,_xlfn.IFS(H18=3,VLOOKUP(E18,Справочная_двигатели,3,FALSE),H18=1,VLOOKUP(E18,Справочная_двигатели,5,TRUE)),0),0) -> 0 | AS18: =IFERROR(IF(VLOOKUP(AH18,Потребители_обозначение,5,FALSE)=3,VLOOKUP(E18,Справочная_ЛЭД,2,TRUE),0),0) -> 0 | AT18: =IF(AR18=0,AS18,AR18) -> 0 | AV18: 9.84 | AW18: 830AB8
A19: =D19 -> 0 | B19: =IFERROR(IF(VLOOKUP(AH19,Потребители_обозначение,4,FALSE)=1,VLOOKUP(AH19,Потребители_обозначение,2,FALSE)&" "&VLOOKUP(AI19,Этаж_обозначение,2,FALSE)&" Пом. №"&AG19,VLOOKUP(AH19,Потребители_обозначение,2,FALSE)&" Шлейф №"&AI19),VLOOKUP(D19,Потребители_обозначение,2,FALSE)) -> #N/A | D19: R.1.06.1 | G19: 1 | I19: =IF(COUNT(AU19:AV19)=0,"",ROUNDUP(SUM(AU19:AV19),0)) | K19: =IF(OR(I19="",S19=""),"",IF(S19=1,MAX(0,M19-ROUNDUP(N(AV19),0)-4),ROUNDUP(N(AU19),0))) | L19: =IF(OR(I19="",S19=""),"",IF(S19=2,MAX(0,M19-ROUNDUP(N(AU19),0)-4),ROUNDUP(N(AV19),0))) | M19: =IFERROR(IF(VLOOKUP(AH19,Потребители_обозначение,4,FALSE)=1,VLOOKUP(AH19,Потребители_обозначение,3,FALSE)*(G19*2-1)+I19+VLOOKUP(AI19,Этаж_обозначение,3,FALSE)+VLOOKUP(AI19,Этаж_обозначение,4,FALSE),VLOOKUP(AH19,Потребители_обозначение,3,FALSE)*(G19*2-1)+I19),I19) -> 0 | P19: =IF(VLOOKUP(AH19,Потребители_обозначение,5,FALSE)=2,_xlfn.IFS(H19=3,VLOOKUP(E19,Справочная_двигатели,8,FALSE),H19=1,VLOOKUP(E19,Справочная_двигатели,10,TRUE)),0.95) -> #N/A | S19: 2 | T19: =_xlfn.IFS(H19=1,E19*1000/220,H19=3,E19/0.38/1.732) -> #N/A | U19: =IF(R19=0,VLOOKUP(T19,Автомат_номиналы,2,TRUE),R19) -> #N/A | V19: =IF(Q19=0,VLOOKUP(U19,Кабель_номиналы,2,TRUE),Q19) -> #N/A | W19: =VLOOKUP(V19,Кабель_сопротивление,3,FALSE) -> #N/A | X19: =VLOOKUP(V19,Кабель_сопротивление,2,FALSE) -> #N/A | Y19: {=_xlfn.IFS(H19=1,2,H19=3,1)} -> #N/A | Z19: =ROUND(SIN(ACOS(P19)),2) -> #N/A | AA19: =Y19*(W19*I19/V19+X19*I19*Z19/1000)*T19 -> #N/A | AB19: =ROUNDUP(AA19/220*100,2) -> #N/A | AC19: =_xlfn.IFS(H19=3,380,H19=1,220) -> #N/A | AD19: =VLOOKUP(N19,Кабель_обозначение,2,FALSE) -> #N/A | AE19: =IF(VLOOKUP(N19,Кабель_обозначение,3,FALSE)=1,AD19&" ("&O19&"х"&V19&")",AD19) -> #N/A | AF19: =IFERROR(IF(AB19>4.5,1,2),0) -> 0 | AG19: =IFERROR(LEFT(AQ19,SEARCH(".",AQ19)-1),AQ19) | AH19: =IFERROR(LEFT(A19,SEARCH(".",A19)-1),A19) -> 0 | AI19: =IFERROR(LEFT(AP19,SEARCH(".",AP19)-1),AP19) -> #VALUE! | AJ19: =IF(C19=0,B19,C19) -> #N/A | AK19: =ROUNDUP(T19,2) -> #N/A | AL19: =E19 -> 0 | AM19: =D19 -> 0 | AO19: =IF(V19=0,AD19,AE19&" L="&M19&"-"&AB19&"%") -> #N/A | AP19: =RIGHT(A19,LEN(A19)-SEARCH(".",A19)) -> #VALUE! | AQ19: =IFERROR(RIGHT(AP19,LEN(AP19)-SEARCH(".",AP19)),"") | AR19: =IFERROR(IF(VLOOKUP(AH19,Потребители_обозначение,5,FALSE)=2,_xlfn.IFS(H19=3,VLOOKUP(E19,Справочная_двигатели,3,FALSE),H19=1,VLOOKUP(E19,Справочная_двигатели,5,TRUE)),0),0) -> 0 | AS19: =IFERROR(IF(VLOOKUP(AH19,Потребители_обозначение,5,FALSE)=3,VLOOKUP(E19,Справочная_ЛЭД,2,TRUE),0),0) -> 0 | AT19: =IF(AR19=0,AS19,AR19) -> 0 | AV19: 23.68 | AW19: 830B4A
A20: =D20 -> 0 | B20: =IFERROR(IF(VLOOKUP(AH20,Потребители_обозначение,4,FALSE)=1,VLOOKUP(AH20,Потребители_обозначение,2,FALSE)&" "&VLOOKUP(AI20,Этаж_обозначение,2,FALSE)&" Пом. №"&AG20,VLOOKUP(AH20,Потребители_обозначение,2,FALSE)&" Шлейф №"&AI20),VLOOKUP(D20,Потребители_обозначение,2,FALSE)) -> #N/A | D20: R.1.06.2 | G20: 1 | I20: =IF(COUNT(AU20:AV20)=0,"",ROUNDUP(SUM(AU20:AV20),0)) | K20: =IF(OR(I20="",S20=""),"",IF(S20=1,MAX(0,M20-ROUNDUP(N(AV20),0)-4),ROUNDUP(N(AU20),0))) | L20: =IF(OR(I20="",S20=""),"",IF(S20=2,MAX(0,M20-ROUNDUP(N(AU20),0)-4),ROUNDUP(N(AV20),0))) | M20: =IFERROR(IF(VLOOKUP(AH20,Потребители_обозначение,4,FALSE)=1,VLOOKUP(AH20,Потребители_обозначение,3,FALSE)*(G20*2-1)+I20+VLOOKUP(AI20,Этаж_обозначение,3,FALSE)+VLOOKUP(AI20,Этаж_обозначение,4,FALSE),VLOOKUP(AH20,Потребители_обозначение,3,FALSE)*(G20*2-1)+I20),I20) -> 0 | P20: =IF(VLOOKUP(AH20,Потребители_обозначение,5,FALSE)=2,_xlfn.IFS(H20=3,VLOOKUP(E20,Справочная_двигатели,8,FALSE),H20=1,VLOOKUP(E20,Справочная_двигатели,10,TRUE)),0.95) -> #N/A | S20: 2 | T20: =_xlfn.IFS(H20=1,E20*1000/220,H20=3,E20/0.38/1.732) -> #N/A | U20: =IF(R20=0,VLOOKUP(T20,Автомат_номиналы,2,TRUE),R20) -> #N/A | V20: =IF(Q20=0,VLOOKUP(U20,Кабель_номиналы,2,TRUE),Q20) -> #N/A | W20: =VLOOKUP(V20,Кабель_сопротивление,3,FALSE) -> #N/A | X20: =VLOOKUP(V20,Кабель_сопротивление,2,FALSE) -> #N/A | Y20: {=_xlfn.IFS(H20=1,2,H20=3,1)} -> #N/A | Z20: =ROUND(SIN(ACOS(P20)),2) -> #N/A | AA20: =Y20*(W20*I20/V20+X20*I20*Z20/1000)*T20 -> #N/A | AB20: =ROUNDUP(AA20/220*100,2) -> #N/A | AC20: =_xlfn.IFS(H20=3,380,H20=1,220) -> #N/A | AD20: =VLOOKUP(N20,Кабель_обозначение,2,FALSE) -> #N/A | AE20: =IF(VLOOKUP(N20,Кабель_обозначение,3,FALSE)=1,AD20&" ("&O20&"х"&V20&")",AD20) -> #N/A | AF20: =IFERROR(IF(AB20>4.5,1,2),0) -> 0 | AG20: =IFERROR(LEFT(AQ20,SEARCH(".",AQ20)-1),AQ20) | AH20: =IFERROR(LEFT(A20,SEARCH(".",A20)-1),A20) -> 0 | AI20: =IFERROR(LEFT(AP20,SEARCH(".",AP20)-1),AP20) -> #VALUE! | AJ20: =IF(C20=0,B20,C20) -> #N/A | AK20: =ROUNDUP(T20,2) -> #N/A | AL20: =E20 -> 0 | AM20: =D20 -> 0 | AO20: =IF(V20=0,AD20,AE20&" L="&M20&"-"&AB20&"%") -> #N/A | AP20: =RIGHT(A20,LEN(A20)-SEARCH(".",A20)) -> #VALUE! | AQ20: =IFERROR(RIGHT(AP20,LEN(AP20)-SEARCH(".",AP20)),"") | AR20: =IFERROR(IF(VLOOKUP(AH20,Потребители_обозначение,5,FALSE)=2,_xlfn.IFS(H20=3,VLOOKUP(E20,Справочная_двигатели,3,FALSE),H20=1,VLOOKUP(E20,Справочная_двигатели,5,TRUE)),0),0) -> 0 | AS20: =IFERROR(IF(VLOOKUP(AH20,Потребители_обозначение,5,FALSE)=3,VLOOKUP(E20,Справочная_ЛЭД,2,TRUE),0),0) -> 0 | AT20: =IF(AR20=0,AS20,AR20) -> 0 | AV20: 24.4 | AW20: 830B91
A21: =D21 -> R.1.01.1 | B21: =IFERROR(IF(VLOOKUP(AH21,Потребители_обозначение,4,FALSE)=1,VLOOKUP(AH21,Потребители_обозначение,2,FALSE)&" "&VLOOKUP(AI21,Этаж_обозначение,2,FALSE)&" Пом. №"&AG21,VLOOKUP(AH21,Потребители_обозначение,2,FALSE)&" Шлейф №"&AI21),VLOOKUP(D21,Потребители_обозначение,2,FALSE)) -> Розеточная группа Пом. №01 | D21: R.1.07.1 | G21: 1 | I21: =IF(COUNT(AU21:AV21)=0,"",ROUNDUP(SUM(AU21:AV21),0)) | K21: =IF(OR(I21="",S21=""),"",IF(S21=1,MAX(0,M21-ROUNDUP(N(AV21),0)-4),ROUNDUP(N(AU21),0))) | L21: =IF(OR(I21="",S21=""),"",IF(S21=2,MAX(0,M21-ROUNDUP(N(AU21),0)-4),ROUNDUP(N(AV21),0))) | M21: =IFERROR(IF(VLOOKUP(AH21,Потребители_обозначение,4,FALSE)=1,VLOOKUP(AH21,Потребители_обозначение,3,FALSE)*(G21*2-1)+I21+VLOOKUP(AI21,Этаж_обозначение,3,FALSE)+VLOOKUP(AI21,Этаж_обозначение,4,FALSE),VLOOKUP(AH21,Потребители_обозначение,3,FALSE)*(G21*2-1)+I21),I21) -> 20 | P21: =IF(VLOOKUP(AH21,Потребители_обозначение,5,FALSE)=2,_xlfn.IFS(H21=3,VLOOKUP(E21,Справочная_двигатели,8,FALSE),H21=1,VLOOKUP(E21,Справочная_двигатели,10,TRUE)),0.95) -> 0.95 | S21: 2 | T21: =_xlfn.IFS(H21=1,E21*1000/220,H21=3,E21/0.38/1.732) -> 0.54545455 | U21: =IF(R21=0,VLOOKUP(T21,Автомат_номиналы,2,TRUE),R21) -> 16 | V21: =IF(Q21=0,VLOOKUP(U21,Кабель_номиналы,2,TRUE),Q21) -> 2.5 | W21: =VLOOKUP(V21,Кабель_сопротивление,3,FALSE) -> 0.0175 | X21: =VLOOKUP(V21,Кабель_сопротивление,2,FALSE) -> 0.1 | Y21: {=_xlfn.IFS(H21=1,2,H21=3,1)} -> 2 | Z21: =ROUND(SIN(ACOS(P21)),2) -> 0.31 | AA21: =Y21*(W21*I21/V21+X21*I21*Z21/1000)*T21 -> 0.10738255 | AB21: =ROUNDUP(AA21/220*100,2) -> 0.05 | AC21: =_xlfn.IFS(H21=3,380,H21=1,220) -> 220 | AD21: =VLOOKUP(N21,Кабель_обозначение,2,FALSE) -> ВВГнг(А)-LS | AE21: =IF(VLOOKUP(N21,Кабель_обозначение,3,FALSE)=1,AD21&" ("&O21&"х"&V21&")",AD21) -> ВВГнг(А)-LS (3х2,5) | AF21: =IFERROR(IF(AB21>4.5,1,2),0) -> 2 | AG21: =IFERROR(LEFT(AQ21,SEARCH(".",AQ21)-1),AQ21) -> 01 | AH21: =IFERROR(LEFT(A21,SEARCH(".",A21)-1),A21) -> R | AI21: =IFERROR(LEFT(AP21,SEARCH(".",AP21)-1),AP21) -> 1 | AJ21: =IF(C21=0,B21,C21) -> Розеточная группа Пом. №01 | AK21: =ROUNDUP(T21,2) -> 0.55 | AL21: =E21 -> 0.12 | AM21: =D21 -> R.1.01.1 | AO21: =IF(V21=0,AD21,AE21&" L="&M21&"-"&AB21&"%") -> ВВГнг(А)-LS (3х2,5) L=20-0,05% | AP21: =RIGHT(A21,LEN(A21)-SEARCH(".",A21)) -> 1.01.1 | AQ21: =IFERROR(RIGHT(AP21,LEN(AP21)-SEARCH(".",AP21)),"") -> 01.1 | AR21: =IFERROR(IF(VLOOKUP(AH21,Потребители_обозначение,5,FALSE)=2,_xlfn.IFS(H21=3,VLOOKUP(E21,Справочная_двигатели,3,FALSE),H21=1,VLOOKUP(E21,Справочная_двигатели,5,TRUE)),0),0) -> 0 | AS21: =IFERROR(IF(VLOOKUP(AH21,Потребители_обозначение,5,FALSE)=3,VLOOKUP(E21,Справочная_ЛЭД,2,TRUE),0),0) -> 0 | AT21: =IF(AR21=0,AS21,AR21) -> 0 | AV21: 22.07 | AW21: 830B92
A22: =D22 -> R.1.03.1 | B22: =IFERROR(IF(VLOOKUP(AH22,Потребители_обозначение,4,FALSE)=1,VLOOKUP(AH22,Потребители_обозначение,2,FALSE)&" "&VLOOKUP(AI22,Этаж_обозначение,2,FALSE)&" Пом. №"&AG22,VLOOKUP(AH22,Потребители_обозначение,2,FALSE)&" Шлейф №"&AI22),VLOOKUP(D22,Потребители_обозначение,2,FALSE)) -> Розеточная группа Пом. №03 | D22: R.1.07.2 | G22: 1 | I22: =IF(COUNT(AU22:AV22)=0,"",ROUNDUP(SUM(AU22:AV22),0)) | K22: =IF(OR(I22="",S22=""),"",IF(S22=1,MAX(0,M22-ROUNDUP(N(AV22),0)-4),ROUNDUP(N(AU22),0))) | L22: =IF(OR(I22="",S22=""),"",IF(S22=2,MAX(0,M22-ROUNDUP(N(AU22),0)-4),ROUNDUP(N(AV22),0))) | M22: =IFERROR(IF(VLOOKUP(AH22,Потребители_обозначение,4,FALSE)=1,VLOOKUP(AH22,Потребители_обозначение,3,FALSE)*(G22*2-1)+I22+VLOOKUP(AI22,Этаж_обозначение,3,FALSE)+VLOOKUP(AI22,Этаж_обозначение,4,FALSE),VLOOKUP(AH22,Потребители_обозначение,3,FALSE)*(G22*2-1)+I22),I22) -> 25 | P22: =IF(VLOOKUP(AH22,Потребители_обозначение,5,FALSE)=2,_xlfn.IFS(H22=3,VLOOKUP(E22,Справочная_двигатели,8,FALSE),H22=1,VLOOKUP(E22,Справочная_двигатели,10,TRUE)),0.95) -> 0.95 | S22: 2 | T22: =_xlfn.IFS(H22=1,E22*1000/220,H22=3,E22/0.38/1.732) -> 1.0909091 | U22: =IF(R22=0,VLOOKUP(T22,Автомат_номиналы,2,TRUE),R22) -> 16 | V22: =IF(Q22=0,VLOOKUP(U22,Кабель_номиналы,2,TRUE),Q22) -> 2.5 | W22: =VLOOKUP(V22,Кабель_сопротивление,3,FALSE) -> 0.0175 | X22: =VLOOKUP(V22,Кабель_сопротивление,2,FALSE) -> 0.1 | Y22: {=_xlfn.IFS(H22=1,2,H22=3,1)} -> 2 | Z22: =ROUND(SIN(ACOS(P22)),2) -> 0.31 | AA22: =Y22*(W22*I22/V22+X22*I22*Z22/1000)*T22 -> 0.168744 | AB22: =ROUNDUP(AA22/220*100,2) -> 0.08 | AC22: =_xlfn.IFS(H22=3,380,H22=1,220) -> 220 | AD22: =VLOOKUP(N22,Кабель_обозначение,2,FALSE) -> ВВГнг(А)-LS | AE22: =IF(VLOOKUP(N22,Кабель_обозначение,3,FALSE)=1,AD22&" ("&O22&"х"&V22&")",AD22) -> ВВГнг(А)-LS (3х2,5) | AF22: =IFERROR(IF(AB22>4.5,1,2),0) -> 2 | AG22: =IFERROR(LEFT(AQ22,SEARCH(".",AQ22)-1),AQ22) -> 03 | AH22: =IFERROR(LEFT(A22,SEARCH(".",A22)-1),A22) -> R | AI22: =IFERROR(LEFT(AP22,SEARCH(".",AP22)-1),AP22) -> 1 | AJ22: =IF(C22=0,B22,C22) -> Розеточная группа Пом. №03 | AK22: =ROUNDUP(T22,2) -> 1.1 | AL22: =E22 -> 0.24 | AM22: =D22 -> R.1.03.1 | AO22: =IF(V22=0,AD22,AE22&" L="&M22&"-"&AB22&"%") -> ВВГнг(А)-LS (3х2,5) L=25-0,08% | AP22: =RIGHT(A22,LEN(A22)-SEARCH(".",A22)) -> 1.03.1 | AQ22: =IFERROR(RIGHT(AP22,LEN(AP22)-SEARCH(".",AP22)),"") -> 03.1 | AR22: =IFERROR(IF(VLOOKUP(AH22,Потребители_обозначение,5,FALSE)=2,_xlfn.IFS(H22=3,VLOOKUP(E22,Справочная_двигатели,3,FALSE),H22=1,VLOOKUP(E22,Справочная_двигатели,5,TRUE)),0),0) -> 0 | AS22: =IFERROR(IF(VLOOKUP(AH22,Потребители_обозначение,5,FALSE)=3,VLOOKUP(E22,Справочная_ЛЭД,2,TRUE),0),0) -> 0 | AT22: =IF(AR22=0,AS22,AR22) -> 0 | AV22: 21.77 | AW22: 830B94
A23: =D23 -> R.1.04.1 | B23: =IFERROR(IF(VLOOKUP(AH23,Потребители_обозначение,4,FALSE)=1,VLOOKUP(AH23,Потребители_обозначение,2,FALSE)&" "&VLOOKUP(AI23,Этаж_обозначение,2,FALSE)&" Пом. №"&AG23,VLOOKUP(AH23,Потребители_обозначение,2,FALSE)&" Шлейф №"&AI23),VLOOKUP(D23,Потребители_обозначение,2,FALSE)) -> Розеточная группа Пом. №04 | D23: R.1.07.3 | G23: 1 | I23: =IF(COUNT(AU23:AV23)=0,"",ROUNDUP(SUM(AU23:AV23),0)) | K23: =IF(OR(I23="",S23=""),"",IF(S23=1,MAX(0,M23-ROUNDUP(N(AV23),0)-4),ROUNDUP(N(AU23),0))) | L23: =IF(OR(I23="",S23=""),"",IF(S23=2,MAX(0,M23-ROUNDUP(N(AU23),0)-4),ROUNDUP(N(AV23),0))) | M23: =IFERROR(IF(VLOOKUP(AH23,Потребители_обозначение,4,FALSE)=1,VLOOKUP(AH23,Потребители_обозначение,3,FALSE)*(G23*2-1)+I23+VLOOKUP(AI23,Этаж_обозначение,3,FALSE)+VLOOKUP(AI23,Этаж_обозначение,4,FALSE),VLOOKUP(AH23,Потребители_обозначение,3,FALSE)*(G23*2-1)+I23),I23) -> 22 | P23: =IF(VLOOKUP(AH23,Потребители_обозначение,5,FALSE)=2,_xlfn.IFS(H23=3,VLOOKUP(E23,Справочная_двигатели,8,FALSE),H23=1,VLOOKUP(E23,Справочная_двигатели,10,TRUE)),0.95) -> 0.95 | S23: 2 | T23: =_xlfn.IFS(H23=1,E23*1000/220,H23=3,E23/0.38/1.732) -> 0.54545455 | U23: =IF(R23=0,VLOOKUP(T23,Автомат_номиналы,2,TRUE),R23) -> 16 | V23: =IF(Q23=0,VLOOKUP(U23,Кабель_номиналы,2,TRUE),Q23) -> 2.5 | W23: =VLOOKUP(V23,Кабель_сопротивление,3,FALSE) -> 0.0175 | X23: =VLOOKUP(V23,Кабель_сопротивление,2,FALSE) -> 0.1 | Y23: {=_xlfn.IFS(H23=1,2,H23=3,1)} -> 2 | Z23: =ROUND(SIN(ACOS(P23)),2) -> 0.31 | AA23: =Y23*(W23*I23/V23+X23*I23*Z23/1000)*T23 -> 0.12272291 | AB23: =ROUNDUP(AA23/220*100,2) -> 0.06 | AC23: =_xlfn.IFS(H23=3,380,H23=1,220) -> 220 | AD23: =VLOOKUP(N23,Кабель_обозначение,2,FALSE) -> ВВГнг(А)-LS | AE23: =IF(VLOOKUP(N23,Кабель_обозначение,3,FALSE)=1,AD23&" ("&O23&"х"&V23&")",AD23) -> ВВГнг(А)-LS (3х2,5) | AF23: =IFERROR(IF(AB23>4.5,1,2),0) -> 2 | AG23: =IFERROR(LEFT(AQ23,SEARCH(".",AQ23)-1),AQ23) -> 04 | AH23: =IFERROR(LEFT(A23,SEARCH(".",A23)-1),A23) -> R | AI23: =IFERROR(LEFT(AP23,SEARCH(".",AP23)-1),AP23) -> 1 | AJ23: =IF(C23=0,B23,C23) -> Розеточная группа Пом. №04 | AK23: =ROUNDUP(T23,2) -> 0.55 | AL23: =E23 -> 0.12 | AM23: =D23 -> R.1.04.1 | AO23: =IF(V23=0,AD23,AE23&" L="&M23&"-"&AB23&"%") -> ВВГнг(А)-LS (3х2,5) L=22-0,06% | AP23: =RIGHT(A23,LEN(A23)-SEARCH(".",A23)) -> 1.04.1 | AQ23: =IFERROR(RIGHT(AP23,LEN(AP23)-SEARCH(".",AP23)),"") -> 04.1 | AR23: =IFERROR(IF(VLOOKUP(AH23,Потребители_обозначение,5,FALSE)=2,_xlfn.IFS(H23=3,VLOOKUP(E23,Справочная_двигатели,3,FALSE),H23=1,VLOOKUP(E23,Справочная_двигатели,5,TRUE)),0),0) -> 0 | AS23: =IFERROR(IF(VLOOKUP(AH23,Потребители_обозначение,5,FALSE)=3,VLOOKUP(E23,Справочная_ЛЭД,2,TRUE),0),0) -> 0 | AT23: =IF(AR23=0,AS23,AR23) -> 0 | AV23: 21.94 | AW23: 8321B3
A24: =D24 -> R.1.05.1 | B24: =IFERROR(IF(VLOOKUP(AH24,Потребители_обозначение,4,FALSE)=1,VLOOKUP(AH24,Потребители_обозначение,2,FALSE)&" "&VLOOKUP(AI24,Этаж_обозначение,2,FALSE)&" Пом. №"&AG24,VLOOKUP(AH24,Потребители_обозначение,2,FALSE)&" Шлейф №"&AI24),VLOOKUP(D24,Потребители_обозначение,2,FALSE)) -> Розеточная группа Пом. №05 | D24: R.1.08.1 | G24: 1 | I24: =IF(COUNT(AU24:AV24)=0,"",ROUNDUP(SUM(AU24:AV24),0)) | K24: =IF(OR(I24="",S24=""),"",IF(S24=1,MAX(0,M24-ROUNDUP(N(AV24),0)-4),ROUNDUP(N(AU24),0))) | L24: =IF(OR(I24="",S24=""),"",IF(S24=2,MAX(0,M24-ROUNDUP(N(AU24),0)-4),ROUNDUP(N(AV24),0))) | M24: =IFERROR(IF(VLOOKUP(AH24,Потребители_обозначение,4,FALSE)=1,VLOOKUP(AH24,Потребители_обозначение,3,FALSE)*(G24*2-1)+I24+VLOOKUP(AI24,Этаж_обозначение,3,FALSE)+VLOOKUP(AI24,Этаж_обозначение,4,FALSE),VLOOKUP(AH24,Потребители_обозначение,3,FALSE)*(G24*2-1)+I24),I24) -> 20 | P24: =IF(VLOOKUP(AH24,Потребители_обозначение,5,FALSE)=2,_xlfn.IFS(H24=3,VLOOKUP(E24,Справочная_двигатели,8,FALSE),H24=1,VLOOKUP(E24,Справочная_двигатели,10,TRUE)),0.95) -> 0.95 | S24: 2 | T24: =_xlfn.IFS(H24=1,E24*1000/220,H24=3,E24/0.38/1.732) -> 0.54545455 | U24: =IF(R24=0,VLOOKUP(T24,Автомат_номиналы,2,TRUE),R24) -> 16 | V24: =IF(Q24=0,VLOOKUP(U24,Кабель_номиналы,2,TRUE),Q24) -> 2.5 | W24: =VLOOKUP(V24,Кабель_сопротивление,3,FALSE) -> 0.0175 | X24: =VLOOKUP(V24,Кабель_сопротивление,2,FALSE) -> 0.1 | Y24: {=_xlfn.IFS(H24=1,2,H24=3,1)} -> 2 | Z24: =ROUND(SIN(ACOS(P24)),2) -> 0.31 | AA24: =Y24*(W24*I24/V24+X24*I24*Z24/1000)*T24 -> 0.10738255 | AB24: =ROUNDUP(AA24/220*100,2) -> 0.05 | AC24: =_xlfn.IFS(H24=3,380,H24=1,220) -> 220 | AD24: =VLOOKUP(N24,Кабель_обозначение,2,FALSE) -> ВВГнг(А)-LS | AE24: =IF(VLOOKUP(N24,Кабель_обозначение,3,FALSE)=1,AD24&" ("&O24&"х"&V24&")",AD24) -> ВВГнг(А)-LS (3х2,5) | AF24: =IFERROR(IF(AB24>4.5,1,2),0) -> 2 | AG24: =IFERROR(LEFT(AQ24,SEARCH(".",AQ24)-1),AQ24) -> 05 | AH24: =IFERROR(LEFT(A24,SEARCH(".",A24)-1),A24) -> R | AI24: =IFERROR(LEFT(AP24,SEARCH(".",AP24)-1),AP24) -> 1 | AJ24: =IF(C24=0,B24,C24) -> Розеточная группа Пом. №05 | AK24: =ROUNDUP(T24,2) -> 0.55 | AL24: =E24 -> 0.12 | AM24: =D24 -> R.1.05.1 | AO24: =IF(V24=0,AD24,AE24&" L="&M24&"-"&AB24&"%") -> ВВГнг(А)-LS (3х2,5) L=20-0,05% | AP24: =RIGHT(A24,LEN(A24)-SEARCH(".",A24)) -> 1.05.1 | AQ24: =IFERROR(RIGHT(AP24,LEN(AP24)-SEARCH(".",AP24)),"") -> 05.1 | AR24: =IFERROR(IF(VLOOKUP(AH24,Потребители_обозначение,5,FALSE)=2,_xlfn.IFS(H24=3,VLOOKUP(E24,Справочная_двигатели,3,FALSE),H24=1,VLOOKUP(E24,Справочная_двигатели,5,TRUE)),0),0) -> 0 | AS24: =IFERROR(IF(VLOOKUP(AH24,Потребители_обозначение,5,FALSE)=3,VLOOKUP(E24,Справочная_ЛЭД,2,TRUE),0),0) -> 0 | AT24: =IF(AR24=0,AS24,AR24) -> 0 | AV24: 15.24 | AW24: 830A74
A25: =D25 -> R.1.05.2 | B25: =IFERROR(IF(VLOOKUP(AH25,Потребители_обозначение,4,FALSE)=1,VLOOKUP(AH25,Потребители_обозначение,2,FALSE)&" "&VLOOKUP(AI25,Этаж_обозначение,2,FALSE)&" Пом. №"&AG25,VLOOKUP(AH25,Потребители_обозначение,2,FALSE)&" Шлейф №"&AI25),VLOOKUP(D25,Потребители_обозначение,2,FALSE)) -> Розеточная группа Пом. №05 | D25: R.1.08.2 | G25: 1 | I25: =IF(COUNT(AU25:AV25)=0,"",ROUNDUP(SUM(AU25:AV25),0)) | K25: =IF(OR(I25="",S25=""),"",IF(S25=1,MAX(0,M25-ROUNDUP(N(AV25),0)-4),ROUNDUP(N(AU25),0))) | L25: =IF(OR(I25="",S25=""),"",IF(S25=2,MAX(0,M25-ROUNDUP(N(AU25),0)-4),ROUNDUP(N(AV25),0))) | M25: =IFERROR(IF(VLOOKUP(AH25,Потребители_обозначение,4,FALSE)=1,VLOOKUP(AH25,Потребители_обозначение,3,FALSE)*(G25*2-1)+I25+VLOOKUP(AI25,Этаж_обозначение,3,FALSE)+VLOOKUP(AI25,Этаж_обозначение,4,FALSE),VLOOKUP(AH25,Потребители_обозначение,3,FALSE)*(G25*2-1)+I25),I25) -> 17 | P25: =IF(VLOOKUP(AH25,Потребители_обозначение,5,FALSE)=2,_xlfn.IFS(H25=3,VLOOKUP(E25,Справочная_двигатели,8,FALSE),H25=1,VLOOKUP(E25,Справочная_двигатели,10,TRUE)),0.95) -> 0.95 | S25: 2 | T25: =_xlfn.IFS(H25=1,E25*1000/220,H25=3,E25/0.38/1.732) -> 0.45454545 | U25: =IF(R25=0,VLOOKUP(T25,Автомат_номиналы,2,TRUE),R25) -> 16 | V25: =IF(Q25=0,VLOOKUP(U25,Кабель_номиналы,2,TRUE),Q25) -> 2.5 | W25: =VLOOKUP(V25,Кабель_сопротивление,3,FALSE) -> 0.0175 | X25: =VLOOKUP(V25,Кабель_сопротивление,2,FALSE) -> 0.1 | Y25: {=_xlfn.IFS(H25=1,2,H25=3,1)} -> 2 | Z25: =ROUND(SIN(ACOS(P25)),2) -> 0.31 | AA25: =Y25*(W25*I25/V25+X25*I25*Z25/1000)*T25 -> 0.095877273 | AB25: =ROUNDUP(AA25/220*100,2) -> 0.05 | AC25: =_xlfn.IFS(H25=3,380,H25=1,220) -> 220 | AD25: =VLOOKUP(N25,Кабель_обозначение,2,FALSE) -> ВВГнг(А)-LS | AE25: =IF(VLOOKUP(N25,Кабель_обозначение,3,FALSE)=1,AD25&" ("&O25&"х"&V25&")",AD25) -> ВВГнг(А)-LS (3х2,5) | AF25: =IFERROR(IF(AB25>4.5,1,2),0) -> 2 | AG25: =IFERROR(LEFT(AQ25,SEARCH(".",AQ25)-1),AQ25) -> 05 | AH25: =IFERROR(LEFT(A25,SEARCH(".",A25)-1),A25) -> R | AI25: =IFERROR(LEFT(AP25,SEARCH(".",AP25)-1),AP25) -> 1 | AJ25: =IF(C25=0,B25,C25) -> Розеточная группа Пом. №05 Полотенцесушитель | AK25: =ROUNDUP(T25,2) -> 0.46 | AL25: =E25 -> 0.1 | AM25: =D25 -> R.1.05.2 | AO25: =IF(V25=0,AD25,AE25&" L="&M25&"-"&AB25&"%") -> ВВГнг(А)-LS (3х2,5) L=17-0,05% | AP25: =RIGHT(A25,LEN(A25)-SEARCH(".",A25)) -> 1.05.2 | AQ25: =IFERROR(RIGHT(AP25,LEN(AP25)-SEARCH(".",AP25)),"") -> 05.2 | AR25: =IFERROR(IF(VLOOKUP(AH25,Потребители_обозначение,5,FALSE)=2,_xlfn.IFS(H25=3,VLOOKUP(E25,Справочная_двигатели,3,FALSE),H25=1,VLOOKUP(E25,Справочная_двигатели,5,TRUE)),0),0) -> 0 | AS25: =IFERROR(IF(VLOOKUP(AH25,Потребители_обозначение,5,FALSE)=3,VLOOKUP(E25,Справочная_ЛЭД,2,TRUE),0),0) -> 0 | AT25: =IF(AR25=0,AS25,AR25) -> 0 | AV25: 14.99 | AW25: 830A73
A26: =D26 -> R.1.06.1 | B26: =IFERROR(IF(VLOOKUP(AH26,Потребители_обозначение,4,FALSE)=1,VLOOKUP(AH26,Потребители_обозначение,2,FALSE)&" "&VLOOKUP(AI26,Этаж_обозначение,2,FALSE)&" Пом. №"&AG26,VLOOKUP(AH26,Потребители_обозначение,2,FALSE)&" Шлейф №"&AI26),VLOOKUP(D26,Потребители_обозначение,2,FALSE)) -> Розеточная группа Пом. №06 | D26: R.1.09.1 | G26: 1 | I26: =IF(COUNT(AU26:AV26)=0,"",ROUNDUP(SUM(AU26:AV26),0)) | K26: =IF(OR(I26="",S26=""),"",IF(S26=1,MAX(0,M26-ROUNDUP(N(AV26),0)-4),ROUNDUP(N(AU26),0))) | L26: =IF(OR(I26="",S26=""),"",IF(S26=2,MAX(0,M26-ROUNDUP(N(AU26),0)-4),ROUNDUP(N(AV26),0))) | M26: =IFERROR(IF(VLOOKUP(AH26,Потребители_обозначение,4,FALSE)=1,VLOOKUP(AH26,Потребители_обозначение,3,FALSE)*(G26*2-1)+I26+VLOOKUP(AI26,Этаж_обозначение,3,FALSE)+VLOOKUP(AI26,Этаж_обозначение,4,FALSE),VLOOKUP(AH26,Потребители_обозначение,3,FALSE)*(G26*2-1)+I26),I26) -> 23 | P26: =IF(VLOOKUP(AH26,Потребители_обозначение,5,FALSE)=2,_xlfn.IFS(H26=3,VLOOKUP(E26,Справочная_двигатели,8,FALSE),H26=1,VLOOKUP(E26,Справочная_двигатели,10,TRUE)),0.95) -> 0.95 | S26: 2 | T26: =_xlfn.IFS(H26=1,E26*1000/220,H26=3,E26/0.38/1.732) -> 0.54545455 | U26: =IF(R26=0,VLOOKUP(T26,Автомат_номиналы,2,TRUE),R26) -> 16 | V26: =IF(Q26=0,VLOOKUP(U26,Кабель_номиналы,2,TRUE),Q26) -> 2.5 | W26: =VLOOKUP(V26,Кабель_сопротивление,3,FALSE) -> 0.0175 | X26: =VLOOKUP(V26,Кабель_сопротивление,2,FALSE) -> 0.1 | Y26: {=_xlfn.IFS(H26=1,2,H26=3,1)} -> 2 | Z26: =ROUND(SIN(ACOS(P26)),2) -> 0.31 | AA26: =Y26*(W26*I26/V26+X26*I26*Z26/1000)*T26 -> 0.13039309 | AB26: =ROUNDUP(AA26/220*100,2) -> 0.06 | AC26: =_xlfn.IFS(H26=3,380,H26=1,220) -> 220 | AD26: =VLOOKUP(N26,Кабель_обозначение,2,FALSE) -> ВВГнг(А)-LS | AE26: =IF(VLOOKUP(N26,Кабель_обозначение,3,FALSE)=1,AD26&" ("&O26&"х"&V26&")",AD26) -> ВВГнг(А)-LS (3х2,5) | AF26: =IFERROR(IF(AB26>4.5,1,2),0) -> 2 | AG26: =IFERROR(LEFT(AQ26,SEARCH(".",AQ26)-1),AQ26) -> 06 | AH26: =IFERROR(LEFT(A26,SEARCH(".",A26)-1),A26) -> R | AI26: =IFERROR(LEFT(AP26,SEARCH(".",AP26)-1),AP26) -> 1 | AJ26: =IF(C26=0,B26,C26) -> Розеточная группа Пом. №06 | AK26: =ROUNDUP(T26,2) -> 0.55 | AL26: =E26 -> 0.12 | AM26: =D26 -> R.1.06.1 | AO26: =IF(V26=0,AD26,AE26&" L="&M26&"-"&AB26&"%") -> ВВГнг(А)-LS (3х2,5) L=23-0,06% | AP26: =RIGHT(A26,LEN(A26)-SEARCH(".",A26)) -> 1.06.1 | AQ26: =IFERROR(RIGHT(AP26,LEN(AP26)-SEARCH(".",AP26)),"") -> 06.1 | AR26: =IFERROR(IF(VLOOKUP(AH26,Потребители_обозначение,5,FALSE)=2,_xlfn.IFS(H26=3,VLOOKUP(E26,Справочная_двигатели,3,FALSE),H26=1,VLOOKUP(E26,Справочная_двигатели,5,TRUE)),0),0) -> 0 | AS26: =IFERROR(IF(VLOOKUP(AH26,Потребители_обозначение,5,FALSE)=3,VLOOKUP(E26,Справочная_ЛЭД,2,TRUE),0),0) -> 0 | AT26: =IF(AR26=0,AS26,AR26) -> 0 | AV26: 11.7 | AW26: 830A6F
A27: =D27 -> R.1.07.1 | B27: =IFERROR(IF(VLOOKUP(AH27,Потребители_обозначение,4,FALSE)=1,VLOOKUP(AH27,Потребители_обозначение,2,FALSE)&" "&VLOOKUP(AI27,Этаж_обозначение,2,FALSE)&" Пом. №"&AG27,VLOOKUP(AH27,Потребители_обозначение,2,FALSE)&" Шлейф №"&AI27),VLOOKUP(D27,Потребители_обозначение,2,FALSE)) -> Розеточная группа Пом. №07 | D27: R.1.09.2 | G27: 1 | I27: =IF(COUNT(AU27:AV27)=0,"",ROUNDUP(SUM(AU27:AV27),0)) | K27: =IF(OR(I27="",S27=""),"",IF(S27=1,MAX(0,M27-ROUNDUP(N(AV27),0)-4),ROUNDUP(N(AU27),0))) | L27: =IF(OR(I27="",S27=""),"",IF(S27=2,MAX(0,M27-ROUNDUP(N(AU27),0)-4),ROUNDUP(N(AV27),0))) | M27: =IFERROR(IF(VLOOKUP(AH27,Потребители_обозначение,4,FALSE)=1,VLOOKUP(AH27,Потребители_обозначение,3,FALSE)*(G27*2-1)+I27+VLOOKUP(AI27,Этаж_обозначение,3,FALSE)+VLOOKUP(AI27,Этаж_обозначение,4,FALSE),VLOOKUP(AH27,Потребители_обозначение,3,FALSE)*(G27*2-1)+I27),I27) -> 34 | P27: =IF(VLOOKUP(AH27,Потребители_обозначение,5,FALSE)=2,_xlfn.IFS(H27=3,VLOOKUP(E27,Справочная_двигатели,8,FALSE),H27=1,VLOOKUP(E27,Справочная_двигатели,10,TRUE)),0.95) -> 0.95 | S27: 2 | T27: =_xlfn.IFS(H27=1,E27*1000/220,H27=3,E27/0.38/1.732) -> 1.0909091 | U27: =IF(R27=0,VLOOKUP(T27,Автомат_номиналы,2,TRUE),R27) -> 16 | V27: =IF(Q27=0,VLOOKUP(U27,Кабель_номиналы,2,TRUE),Q27) -> 2.5 | W27: =VLOOKUP(V27,Кабель_сопротивление,3,FALSE) -> 0.0175 | X27: =VLOOKUP(V27,Кабель_сопротивление,2,FALSE) -> 0.1 | Y27: {=_xlfn.IFS(H27=1,2,H27=3,1)} -> 2 | Z27: =ROUND(SIN(ACOS(P27)),2) -> 0.31 | AA27: =Y27*(W27*I27/V27+X27*I27*Z27/1000)*T27 -> 0.30680727 | AB27: =ROUNDUP(AA27/220*100,2) -> 0.14 | AC27: =_xlfn.IFS(H27=3,380,H27=1,220) -> 220 | AD27: =VLOOKUP(N27,Кабель_обозначение,2,FALSE) -> ВВГнг(А)-LS | AE27: =IF(VLOOKUP(N27,Кабель_обозначение,3,FALSE)=1,AD27&" ("&O27&"х"&V27&")",AD27) -> ВВГнг(А)-LS (3х2,5) | AF27: =IFERROR(IF(AB27>4.5,1,2),0) -> 2 | AG27: =IFERROR(LEFT(AQ27,SEARCH(".",AQ27)-1),AQ27) -> 07 | AH27: =IFERROR(LEFT(A27,SEARCH(".",A27)-1),A27) -> R | AI27: =IFERROR(LEFT(AP27,SEARCH(".",AP27)-1),AP27) -> 1 | AJ27: =IF(C27=0,B27,C27) -> Розеточная группа Пом. №07 | AK27: =ROUNDUP(T27,2) -> 1.1 | AL27: =E27 -> 0.24 | AM27: =D27 -> R.1.07.1 | AO27: =IF(V27=0,AD27,AE27&" L="&M27&"-"&AB27&"%") -> ВВГнг(А)-LS (3х2,5) L=34-0,14% | AP27: =RIGHT(A27,LEN(A27)-SEARCH(".",A27)) -> 1.07.1 | AQ27: =IFERROR(RIGHT(AP27,LEN(AP27)-SEARCH(".",AP27)),"") -> 07.1 | AR27: =IFERROR(IF(VLOOKUP(AH27,Потребители_обозначение,5,FALSE)=2,_xlfn.IFS(H27=3,VLOOKUP(E27,Справочная_двигатели,3,FALSE),H27=1,VLOOKUP(E27,Справочная_двигатели,5,TRUE)),0),0) -> 0 | AS27: =IFERROR(IF(VLOOKUP(AH27,Потребители_обозначение,5,FALSE)=3,VLOOKUP(E27,Справочная_ЛЭД,2,TRUE),0),0) -> 0 | AT27: =IF(AR27=0,AS27,AR27) -> 0 | AV27: 14.68 | AW27: 830A6E
A28: =D28 -> R.1.07.2 | B28: =IFERROR(IF(VLOOKUP(AH28,Потребители_обозначение,4,FALSE)=1,VLOOKUP(AH28,Потребители_обозначение,2,FALSE)&" "&VLOOKUP(AI28,Этаж_обозначение,2,FALSE)&" Пом. №"&AG28,VLOOKUP(AH28,Потребители_обозначение,2,FALSE)&" Шлейф №"&AI28),VLOOKUP(D28,Потребители_обозначение,2,FALSE)) -> Розеточная группа Пом. №07 | D28: R.1.10.1 | G28: 1 | I28: =IF(COUNT(AU28:AV28)=0,"",ROUNDUP(SUM(AU28:AV28),0)) | K28: =IF(OR(I28="",S28=""),"",IF(S28=1,MAX(0,M28-ROUNDUP(N(AV28),0)-4),ROUNDUP(N(AU28),0))) | L28: =IF(OR(I28="",S28=""),"",IF(S28=2,MAX(0,M28-ROUNDUP(N(AU28),0)-4),ROUNDUP(N(AV28),0))) | M28: =IFERROR(IF(VLOOKUP(AH28,Потребители_обозначение,4,FALSE)=1,VLOOKUP(AH28,Потребители_обозначение,3,FALSE)*(G28*2-1)+I28+VLOOKUP(AI28,Этаж_обозначение,3,FALSE)+VLOOKUP(AI28,Этаж_обозначение,4,FALSE),VLOOKUP(AH28,Потребители_обозначение,3,FALSE)*(G28*2-1)+I28),I28) -> 31 | P28: =IF(VLOOKUP(AH28,Потребители_обозначение,5,FALSE)=2,_xlfn.IFS(H28=3,VLOOKUP(E28,Справочная_двигатели,8,FALSE),H28=1,VLOOKUP(E28,Справочная_двигатели,10,TRUE)),0.95) -> 0.95 | S28: 2 | T28: =_xlfn.IFS(H28=1,E28*1000/220,H28=3,E28/0.38/1.732) -> 0.81818182 | U28: =IF(R28=0,VLOOKUP(T28,Автомат_номиналы,2,TRUE),R28) -> 16 | V28: =IF(Q28=0,VLOOKUP(U28,Кабель_номиналы,2,TRUE),Q28) -> 2.5 | W28: =VLOOKUP(V28,Кабель_сопротивление,3,FALSE) -> 0.0175 | X28: =VLOOKUP(V28,Кабель_сопротивление,2,FALSE) -> 0.1 | Y28: {=_xlfn.IFS(H28=1,2,H28=3,1)} -> 2 | Z28: =ROUND(SIN(ACOS(P28)),2) -> 0.31 | AA28: =Y28*(W28*I28/V28+X28*I28*Z28/1000)*T28 -> 0.24161073 | AB28: =ROUNDUP(AA28/220*100,2) -> 0.11 | AC28: =_xlfn.IFS(H28=3,380,H28=1,220) -> 220 | AD28: =VLOOKUP(N28,Кабель_обозначение,2,FALSE) -> ВВГнг(А)-LS | AE28: =IF(VLOOKUP(N28,Кабель_обозначение,3,FALSE)=1,AD28&" ("&O28&"х"&V28&")",AD28) -> ВВГнг(А)-LS (3х2,5) | AF28: =IFERROR(IF(AB28>4.5,1,2),0) -> 2 | AG28: =IFERROR(LEFT(AQ28,SEARCH(".",AQ28)-1),AQ28) -> 07 | AH28: =IFERROR(LEFT(A28,SEARCH(".",A28)-1),A28) -> R | AI28: =IFERROR(LEFT(AP28,SEARCH(".",AP28)-1),AP28) -> 1 | AJ28: =IF(C28=0,B28,C28) -> Розеточная группа Пом. №07 | AK28: =ROUNDUP(T28,2) -> 0.82 | AL28: =E28 -> 0.18 | AM28: =D28 -> R.1.07.2 | AO28: =IF(V28=0,AD28,AE28&" L="&M28&"-"&AB28&"%") -> ВВГнг(А)-LS (3х2,5) L=31-0,11% | AP28: =RIGHT(A28,LEN(A28)-SEARCH(".",A28)) -> 1.07.2 | AQ28: =IFERROR(RIGHT(AP28,LEN(AP28)-SEARCH(".",AP28)),"") -> 07.2 | AR28: =IFERROR(IF(VLOOKUP(AH28,Потребители_обозначение,5,FALSE)=2,_xlfn.IFS(H28=3,VLOOKUP(E28,Справочная_двигатели,3,FALSE),H28=1,VLOOKUP(E28,Справочная_двигатели,5,TRUE)),0),0) -> 0 | AS28: =IFERROR(IF(VLOOKUP(AH28,Потребители_обозначение,5,FALSE)=3,VLOOKUP(E28,Справочная_ЛЭД,2,TRUE),0),0) -> 0 | AT28: =IF(AR28=0,AS28,AR28) -> 0 | AV28: 17.29 | AW28: 830C6C
A29: =D29 -> R.1.07.3 | B29: =IFERROR(IF(VLOOKUP(AH29,Потребители_обозначение,4,FALSE)=1,VLOOKUP(AH29,Потребители_обозначение,2,FALSE)&" "&VLOOKUP(AI29,Этаж_обозначение,2,FALSE)&" Пом. №"&AG29,VLOOKUP(AH29,Потребители_обозначение,2,FALSE)&" Шлейф №"&AI29),VLOOKUP(D29,Потребители_обозначение,2,FALSE)) -> Розеточная группа Пом. №07 | D29: R.1.10.2 | G29: 1 | I29: =IF(COUNT(AU29:AV29)=0,"",ROUNDUP(SUM(AU29:AV29),0)) | K29: =IF(OR(I29="",S29=""),"",IF(S29=1,MAX(0,M29-ROUNDUP(N(AV29),0)-4),ROUNDUP(N(AU29),0))) | L29: =IF(OR(I29="",S29=""),"",IF(S29=2,MAX(0,M29-ROUNDUP(N(AU29),0)-4),ROUNDUP(N(AV29),0))) | M29: =IFERROR(IF(VLOOKUP(AH29,Потребители_обозначение,4,FALSE)=1,VLOOKUP(AH29,Потребители_обозначение,3,FALSE)*(G29*2-1)+I29+VLOOKUP(AI29,Этаж_обозначение,3,FALSE)+VLOOKUP(AI29,Этаж_обозначение,4,FALSE),VLOOKUP(AH29,Потребители_обозначение,3,FALSE)*(G29*2-1)+I29),I29) -> 33 | P29: =IF(VLOOKUP(AH29,Потребители_обозначение,5,FALSE)=2,_xlfn.IFS(H29=3,VLOOKUP(E29,Справочная_двигатели,8,FALSE),H29=1,VLOOKUP(E29,Справочная_двигатели,10,TRUE)),0.95) -> 0.95 | S29: 2 | T29: =_xlfn.IFS(H29=1,E29*1000/220,H29=3,E29/0.38/1.732) -> 0.81818182 | U29: =IF(R29=0,VLOOKUP(T29,Автомат_номиналы,2,TRUE),R29) -> 16 | V29: =IF(Q29=0,VLOOKUP(U29,Кабель_номиналы,2,TRUE),Q29) -> 2.5 | W29: =VLOOKUP(V29,Кабель_сопротивление,3,FALSE) -> 0.0175 | X29: =VLOOKUP(V29,Кабель_сопротивление,2,FALSE) -> 0.1 | Y29: {=_xlfn.IFS(H29=1,2,H29=3,1)} -> 2 | Z29: =ROUND(SIN(ACOS(P29)),2) -> 0.31 | AA29: =Y29*(W29*I29/V29+X29*I29*Z29/1000)*T29 -> 0.26462127 | AB29: =ROUNDUP(AA29/220*100,2) -> 0.13 | AC29: =_xlfn.IFS(H29=3,380,H29=1,220) -> 220 | AD29: =VLOOKUP(N29,Кабель_обозначение,2,FALSE) -> ВВГнг(А)-LS | AE29: =IF(VLOOKUP(N29,Кабель_обозначение,3,FALSE)=1,AD29&" ("&O29&"х"&V29&")",AD29) -> ВВГнг(А)-LS (3х2,5) | AF29: =IFERROR(IF(AB29>4.5,1,2),0) -> 2 | AG29: =IFERROR(LEFT(AQ29,SEARCH(".",AQ29)-1),AQ29) -> 07 | AH29: =IFERROR(LEFT(A29,SEARCH(".",A29)-1),A29) -> R | AI29: =IFERROR(LEFT(AP29,SEARCH(".",AP29)-1),AP29) -> 1 | AJ29: =IF(C29=0,B29,C29) -> Розеточная группа Пом. №07 | AK29: =ROUNDUP(T29,2) -> 0.82 | AL29: =E29 -> 0.18 | AM29: =D29 -> R.1.07.3 | AO29: =IF(V29=0,AD29,AE29&" L="&M29&"-"&AB29&"%") -> ВВГнг(А)-LS (3х2,5) L=33-0,13% | AP29: =RIGHT(A29,LEN(A29)-SEARCH(".",A29)) -> 1.07.3 | AQ29: =IFERROR(RIGHT(AP29,LEN(AP29)-SEARCH(".",AP29)),"") -> 07.3 | AR29: =IFERROR(IF(VLOOKUP(AH29,Потребители_обозначение,5,FALSE)=2,_xlfn.IFS(H29=3,VLOOKUP(E29,Справочная_двигатели,3,FALSE),H29=1,VLOOKUP(E29,Справочная_двигатели,5,TRUE)),0),0) -> 0 | AS29: =IFERROR(IF(VLOOKUP(AH29,Потребители_обозначение,5,FALSE)=3,VLOOKUP(E29,Справочная_ЛЭД,2,TRUE),0),0) -> 0 | AT29: =IF(AR29=0,AS29,AR29) -> 0 | AV29: 13.55 | AW29: 830C6D
A30: =D30 -> R.1.08.1 | B30: =IFERROR(IF(VLOOKUP(AH30,Потребители_обозначение,4,FALSE)=1,VLOOKUP(AH30,Потребители_обозначение,2,FALSE)&" "&VLOOKUP(AI30,Этаж_обозначение,2,FALSE)&" Пом. №"&AG30,VLOOKUP(AH30,Потребители_обозначение,2,FALSE)&" Шлейф №"&AI30),VLOOKUP(D30,Потребители_обозначение,2,FALSE)) -> Розеточная группа Пом. №08 | D30: R.1.14.1 | G30: 1 | I30: =IF(COUNT(AU30:AV30)=0,"",ROUNDUP(SUM(AU30:AV30),0)) | K30: =IF(OR(I30="",S30=""),"",IF(S30=1,MAX(0,M30-ROUNDUP(N(AV30),0)-4),ROUNDUP(N(AU30),0))) | L30: =IF(OR(I30="",S30=""),"",IF(S30=2,MAX(0,M30-ROUNDUP(N(AU30),0)-4),ROUNDUP(N(AV30),0))) | M30: =IFERROR(IF(VLOOKUP(AH30,Потребители_обозначение,4,FALSE)=1,VLOOKUP(AH30,Потребители_обозначение,3,FALSE)*(G30*2-1)+I30+VLOOKUP(AI30,Этаж_обозначение,3,FALSE)+VLOOKUP(AI30,Этаж_обозначение,4,FALSE),VLOOKUP(AH30,Потребители_обозначение,3,FALSE)*(G30*2-1)+I30),I30) -> 74 | P30: =IF(VLOOKUP(AH30,Потребители_обозначение,5,FALSE)=2,_xlfn.IFS(H30=3,VLOOKUP(E30,Справочная_двигатели,8,FALSE),H30=1,VLOOKUP(E30,Справочная_двигатели,10,TRUE)),0.95) -> 0.95 | S30: 2 | T30: =_xlfn.IFS(H30=1,E30*1000/220,H30=3,E30/0.38/1.732) -> 2.4545455 | U30: =IF(R30=0,VLOOKUP(T30,Автомат_номиналы,2,TRUE),R30) -> 16 | V30: =IF(Q30=0,VLOOKUP(U30,Кабель_номиналы,2,TRUE),Q30) -> 2.5 | W30: =VLOOKUP(V30,Кабель_сопротивление,3,FALSE) -> 0.0175 | X30: =VLOOKUP(V30,Кабель_сопротивление,2,FALSE) -> 0.1 | Y30: {=_xlfn.IFS(H30=1,2,H30=3,1)} -> 2 | Z30: =ROUND(SIN(ACOS(P30)),2) -> 0.31 | AA30: =Y30*(W30*I30/V30+X30*I30*Z30/1000)*T30 -> 1.3806327 | AB30: =ROUNDUP(AA30/220*100,2) -> 0.63 | AC30: =_xlfn.IFS(H30=3,380,H30=1,220) -> 220 | AD30: =VLOOKUP(N30,Кабель_обозначение,2,FALSE) -> ВВГнг(А)-LS | AE30: =IF(VLOOKUP(N30,Кабель_обозначение,3,FALSE)=1,AD30&" ("&O30&"х"&V30&")",AD30) -> ВВГнг(А)-LS (3х2,5) | AF30: =IFERROR(IF(AB30>4.5,1,2),0) -> 2 | AG30: =IFERROR(LEFT(AQ30,SEARCH(".",AQ30)-1),AQ30) -> 08 | AH30: =IFERROR(LEFT(A30,SEARCH(".",A30)-1),A30) -> R | AI30: =IFERROR(LEFT(AP30,SEARCH(".",AP30)-1),AP30) -> 1 | AJ30: =IF(C30=0,B30,C30) -> Розеточная группа Пом. №08 | AK30: =ROUNDUP(T30,2) -> 2.46 | AL30: =E30 -> 0.54 | AM30: =D30 -> R.1.08.1 | AO30: =IF(V30=0,AD30,AE30&" L="&M30&"-"&AB30&"%") -> ВВГнг(А)-LS (3х2,5) L=74-0,63% | AP30: =RIGHT(A30,LEN(A30)-SEARCH(".",A30)) -> 1.08.1 | AQ30: =IFERROR(RIGHT(AP30,LEN(AP30)-SEARCH(".",AP30)),"") -> 08.1 | AR30: =IFERROR(IF(VLOOKUP(AH30,Потребители_обозначение,5,FALSE)=2,_xlfn.IFS(H30=3,VLOOKUP(E30,Справочная_двигатели,3,FALSE),H30=1,VLOOKUP(E30,Справочная_двигатели,5,TRUE)),0),0) -> 0 | AS30: =IFERROR(IF(VLOOKUP(AH30,Потребители_обозначение,5,FALSE)=3,VLOOKUP(E30,Справочная_ЛЭД,2,TRUE),0),0) -> 0 | AT30: =IF(AR30=0,AS30,AR30) -> 0 | AV30: 49.05 | AW30: 830A6C, 830AB5, 830ABA
A31: =D31 -> R.1.08.2 | B31: =IFERROR(IF(VLOOKUP(AH31,Потребители_обозначение,4,FALSE)=1,VLOOKUP(AH31,Потребители_обозначение,2,FALSE)&" "&VLOOKUP(AI31,Этаж_обозначение,2,FALSE)&" Пом. №"&AG31,VLOOKUP(AH31,Потребители_обозначение,2,FALSE)&" Шлейф №"&AI31),VLOOKUP(D31,Потребители_обозначение,2,FALSE)) -> Розеточная группа Пом. №08 | D31: R.2.11.1 | G31: 1 | I31: =IF(COUNT(AU31:AV31)=0,"",ROUNDUP(SUM(AU31:AV31),0)) | K31: =IF(OR(I31="",S31=""),"",IF(S31=1,MAX(0,M31-ROUNDUP(N(AV31),0)-4),ROUNDUP(N(AU31),0))) | L31: =IF(OR(I31="",S31=""),"",IF(S31=2,MAX(0,M31-ROUNDUP(N(AU31),0)-4),ROUNDUP(N(AV31),0))) | M31: =IFERROR(IF(VLOOKUP(AH31,Потребители_обозначение,4,FALSE)=1,VLOOKUP(AH31,Потребители_обозначение,3,FALSE)*(G31*2-1)+I31+VLOOKUP(AI31,Этаж_обозначение,3,FALSE)+VLOOKUP(AI31,Этаж_обозначение,4,FALSE),VLOOKUP(AH31,Потребители_обозначение,3,FALSE)*(G31*2-1)+I31),I31) -> 43 | P31: =IF(VLOOKUP(AH31,Потребители_обозначение,5,FALSE)=2,_xlfn.IFS(H31=3,VLOOKUP(E31,Справочная_двигатели,8,FALSE),H31=1,VLOOKUP(E31,Справочная_двигатели,10,TRUE)),0.95) -> 0.95 | S31: 1 | T31: =_xlfn.IFS(H31=1,E31*1000/220,H31=3,E31/0.38/1.732) -> 1.0909091 | U31: =IF(R31=0,VLOOKUP(T31,Автомат_номиналы,2,TRUE),R31) -> 16 | V31: =IF(Q31=0,VLOOKUP(U31,Кабель_номиналы,2,TRUE),Q31) -> 2.5 | W31: =VLOOKUP(V31,Кабель_сопротивление,3,FALSE) -> 0.0175 | X31: =VLOOKUP(V31,Кабель_сопротивление,2,FALSE) -> 0.1 | Y31: {=_xlfn.IFS(H31=1,2,H31=3,1)} -> 2 | Z31: =ROUND(SIN(ACOS(P31)),2) -> 0.31 | AA31: =Y31*(W31*I31/V31+X31*I31*Z31/1000)*T31 -> 0.44487055 | AB31: =ROUNDUP(AA31/220*100,2) -> 0.21 | AC31: =_xlfn.IFS(H31=3,380,H31=1,220) -> 220 | AD31: =VLOOKUP(N31,Кабель_обозначение,2,FALSE) -> ВВГнг(А)-LS | AE31: =IF(VLOOKUP(N31,Кабель_обозначение,3,FALSE)=1,AD31&" ("&O31&"х"&V31&")",AD31) -> ВВГнг(А)-LS (3х2,5) | AF31: =IFERROR(IF(AB31>4.5,1,2),0) -> 2 | AG31: =IFERROR(LEFT(AQ31,SEARCH(".",AQ31)-1),AQ31) -> 08 | AH31: =IFERROR(LEFT(A31,SEARCH(".",A31)-1),A31) -> R | AI31: =IFERROR(LEFT(AP31,SEARCH(".",AP31)-1),AP31) -> 1 | AJ31: =IF(C31=0,B31,C31) -> Розеточная группа Пом. №08 | AK31: =ROUNDUP(T31,2) -> 1.1 | AL31: =E31 -> 0.24 | AM31: =D31 -> R.1.08.2 | AO31: =IF(V31=0,AD31,AE31&" L="&M31&"-"&AB31&"%") -> ВВГнг(А)-LS (3х2,5) L=43-0,21% | AP31: =RIGHT(A31,LEN(A31)-SEARCH(".",A31)) -> 1.08.2 | AQ31: =IFERROR(RIGHT(AP31,LEN(AP31)-SEARCH(".",AP31)),"") -> 08.2 | AR31: =IFERROR(IF(VLOOKUP(AH31,Потребители_обозначение,5,FALSE)=2,_xlfn.IFS(H31=3,VLOOKUP(E31,Справочная_двигатели,3,FALSE),H31=1,VLOOKUP(E31,Справочная_двигатели,5,TRUE)),0),0) -> 0 | AS31: =IFERROR(IF(VLOOKUP(AH31,Потребители_обозначение,5,FALSE)=3,VLOOKUP(E31,Справочная_ЛЭД,2,TRUE),0),0) -> 0 | AT31: =IF(AR31=0,AS31,AR31) -> 0 | AU31: 18.56 | AW31: 831052
A32: =D32 -> R.1.08.3 | B32: =IFERROR(IF(VLOOKUP(AH32,Потребители_обозначение,4,FALSE)=1,VLOOKUP(AH32,Потребители_обозначение,2,FALSE)&" "&VLOOKUP(AI32,Этаж_обозначение,2,FALSE)&" Пом. №"&AG32,VLOOKUP(AH32,Потребители_обозначение,2,FALSE)&" Шлейф №"&AI32),VLOOKUP(D32,Потребители_обозначение,2,FALSE)) -> Розеточная группа Пом. №08 | D32: R.2.11.2 | G32: 1 | I32: =IF(COUNT(AU32:AV32)=0,"",ROUNDUP(SUM(AU32:AV32),0)) | K32: =IF(OR(I32="",S32=""),"",IF(S32=1,MAX(0,M32-ROUNDUP(N(AV32),0)-4),ROUNDUP(N(AU32),0))) | L32: =IF(OR(I32="",S32=""),"",IF(S32=2,MAX(0,M32-ROUNDUP(N(AU32),0)-4),ROUNDUP(N(AV32),0))) | M32: =IFERROR(IF(VLOOKUP(AH32,Потребители_обозначение,4,FALSE)=1,VLOOKUP(AH32,Потребители_обозначение,3,FALSE)*(G32*2-1)+I32+VLOOKUP(AI32,Этаж_обозначение,3,FALSE)+VLOOKUP(AI32,Этаж_обозначение,4,FALSE),VLOOKUP(AH32,Потребители_обозначение,3,FALSE)*(G32*2-1)+I32),I32) -> 28 | P32: =IF(VLOOKUP(AH32,Потребители_обозначение,5,FALSE)=2,_xlfn.IFS(H32=3,VLOOKUP(E32,Справочная_двигатели,8,FALSE),H32=1,VLOOKUP(E32,Справочная_двигатели,10,TRUE)),0.95) -> 0.95 | S32: 2 | T32: =_xlfn.IFS(H32=1,E32*1000/220,H32=3,E32/0.38/1.732) -> 0.27272727 | U32: =IF(R32=0,VLOOKUP(T32,Автомат_номиналы,2,TRUE),R32) -> 10 | V32: =IF(Q32=0,VLOOKUP(U32,Кабель_номиналы,2,TRUE),Q32) -> 1.5 | W32: =VLOOKUP(V32,Кабель_сопротивление,3,FALSE) -> 0.0175 | X32: =VLOOKUP(V32,Кабель_сопротивление,2,FALSE) -> 0.11 | Y32: {=_xlfn.IFS(H32=1,2,H32=3,1)} -> 2 | Z32: =ROUND(SIN(ACOS(P32)),2) -> 0.31 | AA32: =Y32*(W32*I32/V32+X32*I32*Z32/1000)*T32 -> 0.16593815 | AB32: =ROUNDUP(AA32/220*100,2) -> 0.08 | AC32: =_xlfn.IFS(H32=3,380,H32=1,220) -> 220 | AD32: =VLOOKUP(N32,Кабель_обозначение,2,FALSE) -> ВВГнг(А)-LS | AE32: =IF(VLOOKUP(N32,Кабель_обозначение,3,FALSE)=1,AD32&" ("&O32&"х"&V32&")",AD32) -> ВВГнг(А)-LS (5х1,5) | AF32: =IFERROR(IF(AB32>4.5,1,2),0) -> 2 | AG32: =IFERROR(LEFT(AQ32,SEARCH(".",AQ32)-1),AQ32) -> 08 | AH32: =IFERROR(LEFT(A32,SEARCH(".",A32)-1),A32) -> R | AI32: =IFERROR(LEFT(AP32,SEARCH(".",AP32)-1),AP32) -> 1 | AJ32: =IF(C32=0,B32,C32) -> Розеточная группа Пом. №08 Экран | AK32: =ROUNDUP(T32,2) -> 0.28 | AL32: =E32 -> 0.06 | AM32: =D32 -> R.1.08.3 | AO32: =IF(V32=0,AD32,AE32&" L="&M32&"-"&AB32&"%") -> ВВГнг(А)-LS (5х1,5) L=28-0,08% | AP32: =RIGHT(A32,LEN(A32)-SEARCH(".",A32)) -> 1.08.3 | AQ32: =IFERROR(RIGHT(AP32,LEN(AP32)-SEARCH(".",AP32)),"") -> 08.3 | AR32: =IFERROR(IF(VLOOKUP(AH32,Потребители_обозначение,5,FALSE)=2,_xlfn.IFS(H32=3,VLOOKUP(E32,Справочная_двигатели,3,FALSE),H32=1,VLOOKUP(E32,Справочная_двигатели,5,TRUE)),0),0) -> 0 | AS32: =IFERROR(IF(VLOOKUP(AH32,Потребители_обозначение,5,FALSE)=3,VLOOKUP(E32,Справочная_ЛЭД,2,TRUE),0),0) -> 0 | AT32: =IF(AR32=0,AS32,AR32) -> 0 | AV32: 2.9 | AW32: 832FA8
A33: =D33 -> R.1.08.4 | B33: =IFERROR(IF(VLOOKUP(AH33,Потребители_обозначение,4,FALSE)=1,VLOOKUP(AH33,Потребители_обозначение,2,FALSE)&" "&VLOOKUP(AI33,Этаж_обозначение,2,FALSE)&" Пом. №"&AG33,VLOOKUP(AH33,Потребители_обозначение,2,FALSE)&" Шлейф №"&AI33),VLOOKUP(D33,Потребители_обозначение,2,FALSE)) -> Розеточная группа Пом. №08 | D33: R.2.12.1 | G33: 1 | I33: =IF(COUNT(AU33:AV33)=0,"",ROUNDUP(SUM(AU33:AV33),0)) | K33: =IF(OR(I33="",S33=""),"",IF(S33=1,MAX(0,M33-ROUNDUP(N(AV33),0)-4),ROUNDUP(N(AU33),0))) | L33: =IF(OR(I33="",S33=""),"",IF(S33=2,MAX(0,M33-ROUNDUP(N(AU33),0)-4),ROUNDUP(N(AV33),0))) | M33: =IFERROR(IF(VLOOKUP(AH33,Потребители_обозначение,4,FALSE)=1,VLOOKUP(AH33,Потребители_обозначение,3,FALSE)*(G33*2-1)+I33+VLOOKUP(AI33,Этаж_обозначение,3,FALSE)+VLOOKUP(AI33,Этаж_обозначение,4,FALSE),VLOOKUP(AH33,Потребители_обозначение,3,FALSE)*(G33*2-1)+I33),I33) -> 31 | P33: =IF(VLOOKUP(AH33,Потребители_обозначение,5,FALSE)=2,_xlfn.IFS(H33=3,VLOOKUP(E33,Справочная_двигатели,8,FALSE),H33=1,VLOOKUP(E33,Справочная_двигатели,10,TRUE)),0.95) -> 0.95 | S33: 1 | T33: =_xlfn.IFS(H33=1,E33*1000/220,H33=3,E33/0.38/1.732) -> 1.3636364 | U33: =IF(R33=0,VLOOKUP(T33,Автомат_номиналы,2,TRUE),R33) -> 16 | V33: =IF(Q33=0,VLOOKUP(U33,Кабель_номиналы,2,TRUE),Q33) -> 2.5 | W33: =VLOOKUP(V33,Кабель_сопротивление,3,FALSE) -> 0.0175 | X33: =VLOOKUP(V33,Кабель_сопротивление,2,FALSE) -> 0.1 | Y33: {=_xlfn.IFS(H33=1,2,H33=3,1)} -> 2 | Z33: =ROUND(SIN(ACOS(P33)),2) -> 0.31 | AA33: =Y33*(W33*I33/V33+X33*I33*Z33/1000)*T33 -> 0.55608818 | AB33: =ROUNDUP(AA33/220*100,2) -> 0.26 | AC33: =_xlfn.IFS(H33=3,380,H33=1,220) -> 220 | AD33: =VLOOKUP(N33,Кабель_обозначение,2,FALSE) -> ВВГнг(А)-LS | AE33: =IF(VLOOKUP(N33,Кабель_обозначение,3,FALSE)=1,AD33&" ("&O33&"х"&V33&")",AD33) -> ВВГнг(А)-LS (3х2,5) | AF33: =IFERROR(IF(AB33>4.5,1,2),0) -> 2 | AG33: =IFERROR(LEFT(AQ33,SEARCH(".",AQ33)-1),AQ33) -> 08 | AH33: =IFERROR(LEFT(A33,SEARCH(".",A33)-1),A33) -> R | AI33: =IFERROR(LEFT(AP33,SEARCH(".",AP33)-1),AP33) -> 1 | AJ33: =IF(C33=0,B33,C33) -> Розеточная группа Пом. №08 Проектор | AK33: =ROUNDUP(T33,2) -> 1.37 | AL33: =E33 -> 0.3 | AM33: =D33 -> R.1.08.4 | AO33: =IF(V33=0,AD33,AE33&" L="&M33&"-"&AB33&"%") -> ВВГнг(А)-LS (3х2,5) L=31-0,26% | AP33: =RIGHT(A33,LEN(A33)-SEARCH(".",A33)) -> 1.08.4 | AQ33: =IFERROR(RIGHT(AP33,LEN(AP33)-SEARCH(".",AP33)),"") -> 08.4 | AR33: =IFERROR(IF(VLOOKUP(AH33,Потребители_обозначение,5,FALSE)=2,_xlfn.IFS(H33=3,VLOOKUP(E33,Справочная_двигатели,3,FALSE),H33=1,VLOOKUP(E33,Справочная_двигатели,5,TRUE)),0),0) -> 0 | AS33: =IFERROR(IF(VLOOKUP(AH33,Потребители_обозначение,5,FALSE)=3,VLOOKUP(E33,Справочная_ЛЭД,2,TRUE),0),0) -> 0 | AT33: =IF(AR33=0,AS33,AR33) -> 0 | AU33: 19.43 | AW33: 830F81, 831053
A34: =D34 -> R.1.11.1 | B34: =IFERROR(IF(VLOOKUP(AH34,Потребители_обозначение,4,FALSE)=1,VLOOKUP(AH34,Потребители_обозначение,2,FALSE)&" "&VLOOKUP(AI34,Этаж_обозначение,2,FALSE)&" Пом. №"&AG34,VLOOKUP(AH34,Потребители_обозначение,2,FALSE)&" Шлейф №"&AI34),VLOOKUP(D34,Потребители_обозначение,2,FALSE)) -> Розеточная группа Пом. №11 | D34: R.2.13.1 | G34: 1 | I34: =IF(COUNT(AU34:AV34)=0,"",ROUNDUP(SUM(AU34:AV34),0)) | K34: =IF(OR(I34="",S34=""),"",IF(S34=1,MAX(0,M34-ROUNDUP(N(AV34),0)-4),ROUNDUP(N(AU34),0))) | L34: =IF(OR(I34="",S34=""),"",IF(S34=2,MAX(0,M34-ROUNDUP(N(AU34),0)-4),ROUNDUP(N(AV34),0))) | M34: =IFERROR(IF(VLOOKUP(AH34,Потребители_обозначение,4,FALSE)=1,VLOOKUP(AH34,Потребители_обозначение,3,FALSE)*(G34*2-1)+I34+VLOOKUP(AI34,Этаж_обозначение,3,FALSE)+VLOOKUP(AI34,Этаж_обозначение,4,FALSE),VLOOKUP(AH34,Потребители_обозначение,3,FALSE)*(G34*2-1)+I34),I34) -> 37 | P34: =IF(VLOOKUP(AH34,Потребители_обозначение,5,FALSE)=2,_xlfn.IFS(H34=3,VLOOKUP(E34,Справочная_двигатели,8,FALSE),H34=1,VLOOKUP(E34,Справочная_двигатели,10,TRUE)),0.95) -> 0.95 | S34: 1 | T34: =_xlfn.IFS(H34=1,E34*1000/220,H34=3,E34/0.38/1.732) -> 0.81818182 | U34: =IF(R34=0,VLOOKUP(T34,Автомат_номиналы,2,TRUE),R34) -> 16 | V34: =IF(Q34=0,VLOOKUP(U34,Кабель_номиналы,2,TRUE),Q34) -> 2.5 | W34: =VLOOKUP(V34,Кабель_сопротивление,3,FALSE) -> 0.0175 | X34: =VLOOKUP(V34,Кабель_сопротивление,2,FALSE) -> 0.1 | Y34: {=_xlfn.IFS(H34=1,2,H34=3,1)} -> 2 | Z34: =ROUND(SIN(ACOS(P34)),2) -> 0.31 | AA34: =Y34*(W34*I34/V34+X34*I34*Z34/1000)*T34 -> 0.31064236 | AB34: =ROUNDUP(AA34/220*100,2) -> 0.15 | AC34: =_xlfn.IFS(H34=3,380,H34=1,220) -> 220 | AD34: =VLOOKUP(N34,Кабель_обозначение,2,FALSE) -> ВВГнг(А)-LS | AE34: =IF(VLOOKUP(N34,Кабель_обозначение,3,FALSE)=1,AD34&" ("&O34&"х"&V34&")",AD34) -> ВВГнг(А)-LS (3х2,5) | AF34: =IFERROR(IF(AB34>4.5,1,2),0) -> 2 | AG34: =IFERROR(LEFT(AQ34,SEARCH(".",AQ34)-1),AQ34) -> 11 | AH34: =IFERROR(LEFT(A34,SEARCH(".",A34)-1),A34) -> R | AI34: =IFERROR(LEFT(AP34,SEARCH(".",AP34)-1),AP34) -> 1 | AJ34: =IF(C34=0,B34,C34) -> Розеточная группа Пом. №11 | AK34: =ROUNDUP(T34,2) -> 0.82 | AL34: =E34 -> 0.18 | AM34: =D34 -> R.1.11.1 | AO34: =IF(V34=0,AD34,AE34&" L="&M34&"-"&AB34&"%") -> ВВГнг(А)-LS (3х2,5) L=37-0,15% | AP34: =RIGHT(A34,LEN(A34)-SEARCH(".",A34)) -> 1.11.1 | AQ34: =IFERROR(RIGHT(AP34,LEN(AP34)-SEARCH(".",AP34)),"") -> 11.1 | AR34: =IFERROR(IF(VLOOKUP(AH34,Потребители_обозначение,5,FALSE)=2,_xlfn.IFS(H34=3,VLOOKUP(E34,Справочная_двигатели,3,FALSE),H34=1,VLOOKUP(E34,Справочная_двигатели,5,TRUE)),0),0) -> 0 | AS34: =IFERROR(IF(VLOOKUP(AH34,Потребители_обозначение,5,FALSE)=3,VLOOKUP(E34,Справочная_ЛЭД,2,TRUE),0),0) -> 0 | AT34: =IF(AR34=0,AS34,AR34) -> 0 | AU34: 14.79 | AW34: 831011
A35: =D35 -> R.1.11.2 | B35: =IFERROR(IF(VLOOKUP(AH35,Потребители_обозначение,4,FALSE)=1,VLOOKUP(AH35,Потребители_обозначение,2,FALSE)&" "&VLOOKUP(AI35,Этаж_обозначение,2,FALSE)&" Пом. №"&AG35,VLOOKUP(AH35,Потребители_обозначение,2,FALSE)&" Шлейф №"&AI35),VLOOKUP(D35,Потребители_обозначение,2,FALSE)) -> Розеточная группа Пом. №11 | D35: R.2.13.3 | G35: 1 | I35: =IF(COUNT(AU35:AV35)=0,"",ROUNDUP(SUM(AU35:AV35),0)) | K35: =IF(OR(I35="",S35=""),"",IF(S35=1,MAX(0,M35-ROUNDUP(N(AV35),0)-4),ROUNDUP(N(AU35),0))) | L35: =IF(OR(I35="",S35=""),"",IF(S35=2,MAX(0,M35-ROUNDUP(N(AU35),0)-4),ROUNDUP(N(AV35),0))) | M35: =IFERROR(IF(VLOOKUP(AH35,Потребители_обозначение,4,FALSE)=1,VLOOKUP(AH35,Потребители_обозначение,3,FALSE)*(G35*2-1)+I35+VLOOKUP(AI35,Этаж_обозначение,3,FALSE)+VLOOKUP(AI35,Этаж_обозначение,4,FALSE),VLOOKUP(AH35,Потребители_обозначение,3,FALSE)*(G35*2-1)+I35),I35) -> 28 | P35: =IF(VLOOKUP(AH35,Потребители_обозначение,5,FALSE)=2,_xlfn.IFS(H35=3,VLOOKUP(E35,Справочная_двигатели,8,FALSE),H35=1,VLOOKUP(E35,Справочная_двигатели,10,TRUE)),0.95) -> 0.95 | S35: 1 | T35: =_xlfn.IFS(H35=1,E35*1000/220,H35=3,E35/0.38/1.732) -> 0.27272727 | U35: =IF(R35=0,VLOOKUP(T35,Автомат_номиналы,2,TRUE),R35) -> 16 | V35: =IF(Q35=0,VLOOKUP(U35,Кабель_номиналы,2,TRUE),Q35) -> 2.5 | W35: =VLOOKUP(V35,Кабель_сопротивление,3,FALSE) -> 0.0175 | X35: =VLOOKUP(V35,Кабель_сопротивление,2,FALSE) -> 0.1 | Y35: {=_xlfn.IFS(H35=1,2,H35=3,1)} -> 2 | Z35: =ROUND(SIN(ACOS(P35)),2) -> 0.31 | AA35: =Y35*(W35*I35/V35+X35*I35*Z35/1000)*T35 -> 0.099712364 | AB35: =ROUNDUP(AA35/220*100,2) -> 0.05 | AC35: =_xlfn.IFS(H35=3,380,H35=1,220) -> 220 | AD35: =VLOOKUP(N35,Кабель_обозначение,2,FALSE) -> ВВГнг(А)-LS | AE35: =IF(VLOOKUP(N35,Кабель_обозначение,3,FALSE)=1,AD35&" ("&O35&"х"&V35&")",AD35) -> ВВГнг(А)-LS (3х2,5) | AF35: =IFERROR(IF(AB35>4.5,1,2),0) -> 2 | AG35: =IFERROR(LEFT(AQ35,SEARCH(".",AQ35)-1),AQ35) -> 11 | AH35: =IFERROR(LEFT(A35,SEARCH(".",A35)-1),A35) -> R | AI35: =IFERROR(LEFT(AP35,SEARCH(".",AP35)-1),AP35) -> 1 | AJ35: =IF(C35=0,B35,C35) -> Розеточная группа Пом. №11 Полотенцесушитель | AK35: =ROUNDUP(T35,2) -> 0.28 | AL35: =E35 -> 0.06 | AM35: =D35 -> R.1.11.2 | AO35: =IF(V35=0,AD35,AE35&" L="&M35&"-"&AB35&"%") -> ВВГнг(А)-LS (3х2,5) L=28-0,05% | AP35: =RIGHT(A35,LEN(A35)-SEARCH(".",A35)) -> 1.11.2 | AQ35: =IFERROR(RIGHT(AP35,LEN(AP35)-SEARCH(".",AP35)),"") -> 11.2 | AR35: =IFERROR(IF(VLOOKUP(AH35,Потребители_обозначение,5,FALSE)=2,_xlfn.IFS(H35=3,VLOOKUP(E35,Справочная_двигатели,3,FALSE),H35=1,VLOOKUP(E35,Справочная_двигатели,5,TRUE)),0),0) -> 0 | AS35: =IFERROR(IF(VLOOKUP(AH35,Потребители_обозначение,5,FALSE)=3,VLOOKUP(E35,Справочная_ЛЭД,2,TRUE),0),0) -> 0 | AT35: =IF(AR35=0,AS35,AR35) -> 0 | AU35: 7.87 | AW35: 8310AD
A36: =D36 -> 0 | B36: =IFERROR(IF(VLOOKUP(AH36,Потребители_обозначение,4,FALSE)=1,VLOOKUP(AH36,Потребители_обозначение,2,FALSE)&" "&VLOOKUP(AI36,Этаж_обозначение,2,FALSE)&" Пом. №"&AG36,VLOOKUP(AH36,Потребители_обозначение,2,FALSE)&" Шлейф №"&AI36),VLOOKUP(D36,Потребители_обозначение,2,FALSE)) -> #N/A | D36: RС.1.06.1 | G36: 1 | I36: =IF(COUNT(AU36:AV36)=0,"",ROUNDUP(SUM(AU36:AV36),0)) | K36: =IF(OR(I36="",S36=""),"",IF(S36=1,MAX(0,M36-ROUNDUP(N(AV36),0)-4),ROUNDUP(N(AU36),0))) | L36: =IF(OR(I36="",S36=""),"",IF(S36=2,MAX(0,M36-ROUNDUP(N(AU36),0)-4),ROUNDUP(N(AV36),0))) | M36: =IFERROR(IF(VLOOKUP(AH36,Потребители_обозначение,4,FALSE)=1,VLOOKUP(AH36,Потребители_обозначение,3,FALSE)*(G36*2-1)+I36+VLOOKUP(AI36,Этаж_обозначение,3,FALSE)+VLOOKUP(AI36,Этаж_обозначение,4,FALSE),VLOOKUP(AH36,Потребители_обозначение,3,FALSE)*(G36*2-1)+I36),I36) -> 0 | P36: =IF(VLOOKUP(AH36,Потребители_обозначение,5,FALSE)=2,_xlfn.IFS(H36=3,VLOOKUP(E36,Справочная_двигатели,8,FALSE),H36=1,VLOOKUP(E36,Справочная_двигатели,10,TRUE)),0.95) -> #N/A | S36: 1 | T36: =_xlfn.IFS(H36=1,E36*1000/220,H36=3,E36/0.38/1.732) -> #N/A | U36: =IF(R36=0,VLOOKUP(T36,Автомат_номиналы,2,TRUE),R36) -> #N/A | V36: =IF(Q36=0,VLOOKUP(U36,Кабель_номиналы,2,TRUE),Q36) -> #N/A | W36: =VLOOKUP(V36,Кабель_сопротивление,3,FALSE) -> #N/A | X36: =VLOOKUP(V36,Кабель_сопротивление,2,FALSE) -> #N/A | Y36: {=_xlfn.IFS(H36=1,2,H36=3,1)} -> #N/A | Z36: =ROUND(SIN(ACOS(P36)),2) -> #N/A | AA36: =Y36*(W36*I36/V36+X36*I36*Z36/1000)*T36 -> #N/A | AB36: =ROUNDUP(AA36/220*100,2) -> #N/A | AC36: =_xlfn.IFS(H36=3,380,H36=1,220) -> #N/A | AD36: =VLOOKUP(N36,Кабель_обозначение,2,FALSE) -> #N/A | AE36: =IF(VLOOKUP(N36,Кабель_обозначение,3,FALSE)=1,AD36&" ("&O36&"х"&V36&")",AD36) -> #N/A | AF36: =IFERROR(IF(AB36>4.5,1,2),0) -> 0 | AG36: =IFERROR(LEFT(AQ36,SEARCH(".",AQ36)-1),AQ36) | AH36: =IFERROR(LEFT(A36,SEARCH(".",A36)-1),A36) -> 0 | AI36: =IFERROR(LEFT(AP36,SEARCH(".",AP36)-1),AP36) -> #VALUE! | AJ36: =IF(C36=0,B36,C36) -> #N/A | AK36: =ROUNDUP(T36,2) -> #N/A | AL36: =E36 -> 0 | AM36: =D36 -> 0 | AO36: =IF(V36=0,AD36,AE36&" L="&M36&"-"&AB36&"%") -> #N/A | AP36: =RIGHT(A36,LEN(A36)-SEARCH(".",A36)) -> #VALUE! | AQ36: =IFERROR(RIGHT(AP36,LEN(AP36)-SEARCH(".",AP36)),"") | AR36: =IFERROR(IF(VLOOKUP(AH36,Потребители_обозначение,5,FALSE)=2,_xlfn.IFS(H36=3,VLOOKUP(E36,Справочная_двигатели,3,FALSE),H36=1,VLOOKUP(E36,Справочная_двигатели,5,TRUE)),0),0) -> 0 | AS36: =IFERROR(IF(VLOOKUP(AH36,Потребители_обозначение,5,FALSE)=3,VLOOKUP(E36,Справочная_ЛЭД,2,TRUE),0),0) -> 0 | AT36: =IF(AR36=0,AS36,AR36) -> 0 | AU36: 15.77 | AW36: 83100E
A37: =D37 -> 0 | B37: =IFERROR(IF(VLOOKUP(AH37,Потребители_обозначение,4,FALSE)=1,VLOOKUP(AH37,Потребители_обозначение,2,FALSE)&" "&VLOOKUP(AI37,Этаж_обозначение,2,FALSE)&" Пом. №"&AG37,VLOOKUP(AH37,Потребители_обозначение,2,FALSE)&" Шлейф №"&AI37),VLOOKUP(D37,Потребители_обозначение,2,FALSE)) -> #N/A | D37: RС.1.08.1 | G37: 1 | I37: =IF(COUNT(AU37:AV37)=0,"",ROUNDUP(SUM(AU37:AV37),0)) | K37: =IF(OR(I37="",S37=""),"",IF(S37=1,MAX(0,M37-ROUNDUP(N(AV37),0)-4),ROUNDUP(N(AU37),0))) | L37: =IF(OR(I37="",S37=""),"",IF(S37=2,MAX(0,M37-ROUNDUP(N(AU37),0)-4),ROUNDUP(N(AV37),0))) | M37: =IFERROR(IF(VLOOKUP(AH37,Потребители_обозначение,4,FALSE)=1,VLOOKUP(AH37,Потребители_обозначение,3,FALSE)*(G37*2-1)+I37+VLOOKUP(AI37,Этаж_обозначение,3,FALSE)+VLOOKUP(AI37,Этаж_обозначение,4,FALSE),VLOOKUP(AH37,Потребители_обозначение,3,FALSE)*(G37*2-1)+I37),I37) -> 0 | P37: =IF(VLOOKUP(AH37,Потребители_обозначение,5,FALSE)=2,_xlfn.IFS(H37=3,VLOOKUP(E37,Справочная_двигатели,8,FALSE),H37=1,VLOOKUP(E37,Справочная_двигатели,10,TRUE)),0.95) -> #N/A | S37: 1 | T37: =_xlfn.IFS(H37=1,E37*1000/220,H37=3,E37/0.38/1.732) -> #N/A | U37: =IF(R37=0,VLOOKUP(T37,Автомат_номиналы,2,TRUE),R37) -> #N/A | V37: =IF(Q37=0,VLOOKUP(U37,Кабель_номиналы,2,TRUE),Q37) -> #N/A | W37: =VLOOKUP(V37,Кабель_сопротивление,3,FALSE) -> #N/A | X37: =VLOOKUP(V37,Кабель_сопротивление,2,FALSE) -> #N/A | Y37: {=_xlfn.IFS(H37=1,2,H37=3,1)} -> #N/A | Z37: =ROUND(SIN(ACOS(P37)),2) -> #N/A | AA37: =Y37*(W37*I37/V37+X37*I37*Z37/1000)*T37 -> #N/A | AB37: =ROUNDUP(AA37/220*100,2) -> #N/A | AC37: =_xlfn.IFS(H37=3,380,H37=1,220) -> #N/A | AD37: =VLOOKUP(N37,Кабель_обозначение,2,FALSE) -> #N/A | AE37: =IF(VLOOKUP(N37,Кабель_обозначение,3,FALSE)=1,AD37&" ("&O37&"х"&V37&")",AD37) -> #N/A | AF37: =IFERROR(IF(AB37>4.5,1,2),0) -> 0 | AG37: =IFERROR(LEFT(AQ37,SEARCH(".",AQ37)-1),AQ37) | AH37: =IFERROR(LEFT(A37,SEARCH(".",A37)-1),A37) -> 0 | AI37: =IFERROR(LEFT(AP37,SEARCH(".",AP37)-1),AP37) -> #VALUE! | AJ37: =IF(C37=0,B37,C37) -> #N/A | AK37: =ROUNDUP(T37,2) -> #N/A | AL37: =E37 -> 0 | AM37: =D37 -> 0 | AO37: =IF(V37=0,AD37,AE37&" L="&M37&"-"&AB37&"%") -> #N/A | AP37: =RIGHT(A37,LEN(A37)-SEARCH(".",A37)) -> #VALUE! | AQ37: =IFERROR(RIGHT(AP37,LEN(AP37)-SEARCH(".",AP37)),"") | AR37: =IFERROR(IF(VLOOKUP(AH37,Потребители_обозначение,5,FALSE)=2,_xlfn.IFS(H37=3,VLOOKUP(E37,Справочная_двигатели,3,FALSE),H37=1,VLOOKUP(E37,Справочная_двигатели,5,TRUE)),0),0) -> 0 | AS37: =IFERROR(IF(VLOOKUP(AH37,Потребители_обозначение,5,FALSE)=3,VLOOKUP(E37,Справочная_ЛЭД,2,TRUE),0),0) -> 0 | AT37: =IF(AR37=0,AS37,AR37) -> 0 | AU37: 10.13 | AW37: 83100F
A38: =D38 -> R.1.11.3 | B38: =IFERROR(IF(VLOOKUP(AH38,Потребители_обозначение,4,FALSE)=1,VLOOKUP(AH38,Потребители_обозначение,2,FALSE)&" "&VLOOKUP(AI38,Этаж_обозначение,2,FALSE)&" Пом. №"&AG38,VLOOKUP(AH38,Потребители_обозначение,2,FALSE)&" Шлейф №"&AI38),VLOOKUP(D38,Потребители_обозначение,2,FALSE)) -> Розеточная группа Пом. №11 | D38: RС.1.09.1 | G38: 1 | I38: =IF(COUNT(AU38:AV38)=0,"",ROUNDUP(SUM(AU38:AV38),0)) | K38: =IF(OR(I38="",S38=""),"",IF(S38=1,MAX(0,M38-ROUNDUP(N(AV38),0)-4),ROUNDUP(N(AU38),0))) | L38: =IF(OR(I38="",S38=""),"",IF(S38=2,MAX(0,M38-ROUNDUP(N(AU38),0)-4),ROUNDUP(N(AV38),0))) | M38: =IFERROR(IF(VLOOKUP(AH38,Потребители_обозначение,4,FALSE)=1,VLOOKUP(AH38,Потребители_обозначение,3,FALSE)*(G38*2-1)+I38+VLOOKUP(AI38,Этаж_обозначение,3,FALSE)+VLOOKUP(AI38,Этаж_обозначение,4,FALSE),VLOOKUP(AH38,Потребители_обозначение,3,FALSE)*(G38*2-1)+I38),I38) -> 36 | P38: =IF(VLOOKUP(AH38,Потребители_обозначение,5,FALSE)=2,_xlfn.IFS(H38=3,VLOOKUP(E38,Справочная_двигатели,8,FALSE),H38=1,VLOOKUP(E38,Справочная_двигатели,10,TRUE)),0.95) -> 0.95 | S38: 1 | T38: =_xlfn.IFS(H38=1,E38*1000/220,H38=3,E38/0.38/1.732) -> 0.81818182 | U38: =IF(R38=0,VLOOKUP(T38,Автомат_номиналы,2,TRUE),R38) -> 16 | V38: =IF(Q38=0,VLOOKUP(U38,Кабель_номиналы,2,TRUE),Q38) -> 2.5 | W38: =VLOOKUP(V38,Кабель_сопротивление,3,FALSE) -> 0.0175 | X38: =VLOOKUP(V38,Кабель_сопротивление,2,FALSE) -> 0.1 | Y38: {=_xlfn.IFS(H38=1,2,H38=3,1)} -> 2 | Z38: =ROUND(SIN(ACOS(P38)),2) -> 0.31 | AA38: =Y38*(W38*I38/V38+X38*I38*Z38/1000)*T38 -> 0.29913709 | AB38: =ROUNDUP(AA38/220*100,2) -> 0.14 | AC38: =_xlfn.IFS(H38=3,380,H38=1,220) -> 220 | AD38: =VLOOKUP(N38,Кабель_обозначение,2,FALSE) -> ВВГнг(А)-LS | AE38: =IF(VLOOKUP(N38,Кабель_обозначение,3,FALSE)=1,AD38&" ("&O38&"х"&V38&")",AD38) -> ВВГнг(А)-LS (3х2,5) | AF38: =IFERROR(IF(AB38>4.5,1,2),0) -> 2 | AG38: =IFERROR(LEFT(AQ38,SEARCH(".",AQ38)-1),AQ38) -> 11 | AH38: =IFERROR(LEFT(A38,SEARCH(".",A38)-1),A38) -> R | AI38: =IFERROR(LEFT(AP38,SEARCH(".",AP38)-1),AP38) -> 1 | AJ38: =IF(C38=0,B38,C38) -> Розеточная группа Пом. №11 | AK38: =ROUNDUP(T38,2) -> 0.82 | AL38: =E38 -> 0.18 | AM38: =D38 -> R.1.11.3 | AO38: =IF(V38=0,AD38,AE38&" L="&M38&"-"&AB38&"%") -> ВВГнг(А)-LS (3х2,5) L=36-0,14% | AP38: =RIGHT(A38,LEN(A38)-SEARCH(".",A38)) -> 1.11.3 | AQ38: =IFERROR(RIGHT(AP38,LEN(AP38)-SEARCH(".",AP38)),"") -> 11.3 | AR38: =IFERROR(IF(VLOOKUP(AH38,Потребители_обозначение,5,FALSE)=2,_xlfn.IFS(H38=3,VLOOKUP(E38,Справочная_двигатели,3,FALSE),H38=1,VLOOKUP(E38,Справочная_двигатели,5,TRUE)),0),0) -> 0 | AS38: =IFERROR(IF(VLOOKUP(AH38,Потребители_обозначение,5,FALSE)=3,VLOOKUP(E38,Справочная_ЛЭД,2,TRUE),0),0) -> 0 | AT38: =IF(AR38=0,AS38,AR38) -> 0 | AU38: 10.5 | AW38: 831010
A39: =D39 -> R.1.11.4 | B39: =IFERROR(IF(VLOOKUP(AH39,Потребители_обозначение,4,FALSE)=1,VLOOKUP(AH39,Потребители_обозначение,2,FALSE)&" "&VLOOKUP(AI39,Этаж_обозначение,2,FALSE)&" Пом. №"&AG39,VLOOKUP(AH39,Потребители_обозначение,2,FALSE)&" Шлейф №"&AI39),VLOOKUP(D39,Потребители_обозначение,2,FALSE)) -> Розеточная группа Пом. №11 | D39: В.1.02.1 | G39: 1 | M39: =IFERROR(IF(VLOOKUP(AH39,Потребители_обозначение,4,FALSE)=1,VLOOKUP(AH39,Потребители_обозначение,3,FALSE)*(G39*2-1)+I39+VLOOKUP(AI39,Этаж_обозначение,3,FALSE)+VLOOKUP(AI39,Этаж_обозначение,4,FALSE),VLOOKUP(AH39,Потребители_обозначение,3,FALSE)*(G39*2-1)+I39),I39) -> 29 | P39: =IF(VLOOKUP(AH39,Потребители_обозначение,5,FALSE)=2,_xlfn.IFS(H39=3,VLOOKUP(E39,Справочная_двигатели,8,FALSE),H39=1,VLOOKUP(E39,Справочная_двигатели,10,TRUE)),0.95) -> 0.95 | T39: =_xlfn.IFS(H39=1,E39*1000/220,H39=3,E39/0.38/1.732) -> 0.45454545 | U39: =IF(R39=0,VLOOKUP(T39,Автомат_номиналы,2,TRUE),R39) -> 16 | V39: =IF(Q39=0,VLOOKUP(U39,Кабель_номиналы,2,TRUE),Q39) -> 2.5 | W39: =VLOOKUP(V39,Кабель_сопротивление,3,FALSE) -> 0.0175 | X39: =VLOOKUP(V39,Кабель_сопротивление,2,FALSE) -> 0.1 | Y39: {=_xlfn.IFS(H39=1,2,H39=3,1)} -> 2 | Z39: =ROUND(SIN(ACOS(P39)),2) -> 0.31 | AA39: =Y39*(W39*I39/V39+X39*I39*Z39/1000)*T39 -> 0.14701182 | AB39: =ROUNDUP(AA39/220*100,2) -> 0.07 | AC39: =_xlfn.IFS(H39=3,380,H39=1,220) -> 220 | AD39: =VLOOKUP(N39,Кабель_обозначение,2,FALSE) -> ВВГнг(А)-LS | AE39: =IF(VLOOKUP(N39,Кабель_обозначение,3,FALSE)=1,AD39&" ("&O39&"х"&V39&")",AD39) -> ВВГнг(А)-LS (3х2,5) | AF39: =IFERROR(IF(AB39>4.5,1,2),0) -> 2 | AG39: =IFERROR(LEFT(AQ39,SEARCH(".",AQ39)-1),AQ39) -> 11 | AH39: =IFERROR(LEFT(A39,SEARCH(".",A39)-1),A39) -> R | AI39: =IFERROR(LEFT(AP39,SEARCH(".",AP39)-1),AP39) -> 1 | AJ39: =IF(C39=0,B39,C39) -> Розеточная группа Пом. №11 Полотенцесушитель | AK39: =ROUNDUP(T39,2) -> 0.46 | AL39: =E39 -> 0.1 | AM39: =D39 -> R.1.11.4 | AO39: =IF(V39=0,AD39,AE39&" L="&M39&"-"&AB39&"%") -> ВВГнг(А)-LS (3х2,5) L=29-0,07% | AP39: =RIGHT(A39,LEN(A39)-SEARCH(".",A39)) -> 1.11.4 | AQ39: =IFERROR(RIGHT(AP39,LEN(AP39)-SEARCH(".",AP39)),"") -> 11.4 | AR39: =IFERROR(IF(VLOOKUP(AH39,Потребители_обозначение,5,FALSE)=2,_xlfn.IFS(H39=3,VLOOKUP(E39,Справочная_двигатели,3,FALSE),H39=1,VLOOKUP(E39,Справочная_двигатели,5,TRUE)),0),0) -> 0 | AS39: =IFERROR(IF(VLOOKUP(AH39,Потребители_обозначение,5,FALSE)=3,VLOOKUP(E39,Справочная_ЛЭД,2,TRUE),0),0) -> 0 | AT39: =IF(AR39=0,AS39,AR39) -> 0 | AX39: трасса на плане не найдена (выноска не касается кабеля)
A40: =D40 -> R.1.12.1 | B40: =IFERROR(IF(VLOOKUP(AH40,Потребители_обозначение,4,FALSE)=1,VLOOKUP(AH40,Потребители_обозначение,2,FALSE)&" "&VLOOKUP(AI40,Этаж_обозначение,2,FALSE)&" Пом. №"&AG40,VLOOKUP(AH40,Потребители_обозначение,2,FALSE)&" Шлейф №"&AI40),VLOOKUP(D40,Потребители_обозначение,2,FALSE)) -> Розеточная группа Пом. №12 | D40: В.1.07.1 | G40: 1 | M40: =IFERROR(IF(VLOOKUP(AH40,Потребители_обозначение,4,FALSE)=1,VLOOKUP(AH40,Потребители_обозначение,3,FALSE)*(G40*2-1)+I40+VLOOKUP(AI40,Этаж_обозначение,3,FALSE)+VLOOKUP(AI40,Этаж_обозначение,4,FALSE),VLOOKUP(AH40,Потребители_обозначение,3,FALSE)*(G40*2-1)+I40),I40) -> 25 | P40: =IF(VLOOKUP(AH40,Потребители_обозначение,5,FALSE)=2,_xlfn.IFS(H40=3,VLOOKUP(E40,Справочная_двигатели,8,FALSE),H40=1,VLOOKUP(E40,Справочная_двигатели,10,TRUE)),0.95) -> 0.95 | T40: =_xlfn.IFS(H40=1,E40*1000/220,H40=3,E40/0.38/1.732) -> 0.54545455 | U40: =IF(R40=0,VLOOKUP(T40,Автомат_номиналы,2,TRUE),R40) -> 16 | V40: =IF(Q40=0,VLOOKUP(U40,Кабель_номиналы,2,TRUE),Q40) -> 2.5 | W40: =VLOOKUP(V40,Кабель_сопротивление,3,FALSE) -> 0.0175 | X40: =VLOOKUP(V40,Кабель_сопротивление,2,FALSE) -> 0.1 | Y40: {=_xlfn.IFS(H40=1,2,H40=3,1)} -> 2 | Z40: =ROUND(SIN(ACOS(P40)),2) -> 0.31 | AA40: =Y40*(W40*I40/V40+X40*I40*Z40/1000)*T40 -> 0.14573345 | AB40: =ROUNDUP(AA40/220*100,2) -> 0.07 | AC40: =_xlfn.IFS(H40=3,380,H40=1,220) -> 220 | AD40: =VLOOKUP(N40,Кабель_обозначение,2,FALSE) -> ВВГнг(А)-LS | AE40: =IF(VLOOKUP(N40,Кабель_обозначение,3,FALSE)=1,AD40&" ("&O40&"х"&V40&")",AD40) -> ВВГнг(А)-LS (3х2,5) | AF40: =IFERROR(IF(AB40>4.5,1,2),0) -> 2 | AG40: =IFERROR(LEFT(AQ40,SEARCH(".",AQ40)-1),AQ40) -> 12 | AH40: =IFERROR(LEFT(A40,SEARCH(".",A40)-1),A40) -> R | AI40: =IFERROR(LEFT(AP40,SEARCH(".",AP40)-1),AP40) -> 1 | AJ40: =IF(C40=0,B40,C40) -> Розеточная группа Пом. №12 | AK40: =ROUNDUP(T40,2) -> 0.55 | AL40: =E40 -> 0.12 | AM40: =D40 -> R.1.12.1 | AO40: =IF(V40=0,AD40,AE40&" L="&M40&"-"&AB40&"%") -> ВВГнг(А)-LS (3х2,5) L=25-0,07% | AP40: =RIGHT(A40,LEN(A40)-SEARCH(".",A40)) -> 1.12.1 | AQ40: =IFERROR(RIGHT(AP40,LEN(AP40)-SEARCH(".",AP40)),"") -> 12.1 | AR40: =IFERROR(IF(VLOOKUP(AH40,Потребители_обозначение,5,FALSE)=2,_xlfn.IFS(H40=3,VLOOKUP(E40,Справочная_двигатели,3,FALSE),H40=1,VLOOKUP(E40,Справочная_двигатели,5,TRUE)),0),0) -> 0 | AS40: =IFERROR(IF(VLOOKUP(AH40,Потребители_обозначение,5,FALSE)=3,VLOOKUP(E40,Справочная_ЛЭД,2,TRUE),0),0) -> 0 | AT40: =IF(AR40=0,AS40,AR40) -> 0 | AX40: трасса на плане не найдена (выноска не касается кабеля)
A41: =D41 -> R.1.12.2 | B41: =IFERROR(IF(VLOOKUP(AH41,Потребители_обозначение,4,FALSE)=1,VLOOKUP(AH41,Потребители_обозначение,2,FALSE)&" "&VLOOKUP(AI41,Этаж_обозначение,2,FALSE)&" Пом. №"&AG41,VLOOKUP(AH41,Потребители_обозначение,2,FALSE)&" Шлейф №"&AI41),VLOOKUP(D41,Потребители_обозначение,2,FALSE)) -> Розеточная группа Пом. №12 | D41: В.1.13.1 | G41: 1 | M41: =IFERROR(IF(VLOOKUP(AH41,Потребители_обозначение,4,FALSE)=1,VLOOKUP(AH41,Потребители_обозначение,3,FALSE)*(G41*2-1)+I41+VLOOKUP(AI41,Этаж_обозначение,3,FALSE)+VLOOKUP(AI41,Этаж_обозначение,4,FALSE),VLOOKUP(AH41,Потребители_обозначение,3,FALSE)*(G41*2-1)+I41),I41) -> 38 | P41: =IF(VLOOKUP(AH41,Потребители_обозначение,5,FALSE)=2,_xlfn.IFS(H41=3,VLOOKUP(E41,Справочная_двигатели,8,FALSE),H41=1,VLOOKUP(E41,Справочная_двигатели,10,TRUE)),0.95) -> 0.95 | T41: =_xlfn.IFS(H41=1,E41*1000/220,H41=3,E41/0.38/1.732) -> 1.0909091 | U41: =IF(R41=0,VLOOKUP(T41,Автомат_номиналы,2,TRUE),R41) -> 16 | V41: =IF(Q41=0,VLOOKUP(U41,Кабель_номиналы,2,TRUE),Q41) -> 2.5 | W41: =VLOOKUP(V41,Кабель_сопротивление,3,FALSE) -> 0.0175 | X41: =VLOOKUP(V41,Кабель_сопротивление,2,FALSE) -> 0.1 | Y41: {=_xlfn.IFS(H41=1,2,H41=3,1)} -> 2 | Z41: =ROUND(SIN(ACOS(P41)),2) -> 0.31 | AA41: =Y41*(W41*I41/V41+X41*I41*Z41/1000)*T41 -> 0.36816873 | AB41: =ROUNDUP(AA41/220*100,2) -> 0.17 | AC41: =_xlfn.IFS(H41=3,380,H41=1,220) -> 220 | AD41: =VLOOKUP(N41,Кабель_обозначение,2,FALSE) -> ВВГнг(А)-LS | AE41: =IF(VLOOKUP(N41,Кабель_обозначение,3,FALSE)=1,AD41&" ("&O41&"х"&V41&")",AD41) -> ВВГнг(А)-LS (3х2,5) | AF41: =IFERROR(IF(AB41>4.5,1,2),0) -> 2 | AG41: =IFERROR(LEFT(AQ41,SEARCH(".",AQ41)-1),AQ41) -> 12 | AH41: =IFERROR(LEFT(A41,SEARCH(".",A41)-1),A41) -> R | AI41: =IFERROR(LEFT(AP41,SEARCH(".",AP41)-1),AP41) -> 1 | AJ41: =IF(C41=0,B41,C41) -> Розеточная группа Пом. №12 | AK41: =ROUNDUP(T41,2) -> 1.1 | AL41: =E41 -> 0.24 | AM41: =D41 -> R.1.12.2 | AO41: =IF(V41=0,AD41,AE41&" L="&M41&"-"&AB41&"%") -> ВВГнг(А)-LS (3х2,5) L=38-0,17% | AP41: =RIGHT(A41,LEN(A41)-SEARCH(".",A41)) -> 1.12.2 | AQ41: =IFERROR(RIGHT(AP41,LEN(AP41)-SEARCH(".",AP41)),"") -> 12.2 | AR41: =IFERROR(IF(VLOOKUP(AH41,Потребители_обозначение,5,FALSE)=2,_xlfn.IFS(H41=3,VLOOKUP(E41,Справочная_двигатели,3,FALSE),H41=1,VLOOKUP(E41,Справочная_двигатели,5,TRUE)),0),0) -> 0 | AS41: =IFERROR(IF(VLOOKUP(AH41,Потребители_обозначение,5,FALSE)=3,VLOOKUP(E41,Справочная_ЛЭД,2,TRUE),0),0) -> 0 | AT41: =IF(AR41=0,AS41,AR41) -> 0 | AX41: трасса на плане не найдена (выноска не касается кабеля)
A42: =D42 -> R.1.13.1 | B42: =IFERROR(IF(VLOOKUP(AH42,Потребители_обозначение,4,FALSE)=1,VLOOKUP(AH42,Потребители_обозначение,2,FALSE)&" "&VLOOKUP(AI42,Этаж_обозначение,2,FALSE)&" Пом. №"&AG42,VLOOKUP(AH42,Потребители_обозначение,2,FALSE)&" Шлейф №"&AI42),VLOOKUP(D42,Потребители_обозначение,2,FALSE)) -> Розеточная группа Пом. №13 | D42: SH.1.05.1 | G42: 1 | M42: =IFERROR(IF(VLOOKUP(AH42,Потребители_обозначение,4,FALSE)=1,VLOOKUP(AH42,Потребители_обозначение,3,FALSE)*(G42*2-1)+I42+VLOOKUP(AI42,Этаж_обозначение,3,FALSE)+VLOOKUP(AI42,Этаж_обозначение,4,FALSE),VLOOKUP(AH42,Потребители_обозначение,3,FALSE)*(G42*2-1)+I42),I42) -> 30 | P42: =IF(VLOOKUP(AH42,Потребители_обозначение,5,FALSE)=2,_xlfn.IFS(H42=3,VLOOKUP(E42,Справочная_двигатели,8,FALSE),H42=1,VLOOKUP(E42,Справочная_двигатели,10,TRUE)),0.95) -> 0.95 | T42: =_xlfn.IFS(H42=1,E42*1000/220,H42=3,E42/0.38/1.732) -> 0.54545455 | U42: =IF(R42=0,VLOOKUP(T42,Автомат_номиналы,2,TRUE),R42) -> 16 | V42: =IF(Q42=0,VLOOKUP(U42,Кабель_номиналы,2,TRUE),Q42) -> 2.5 | W42: =VLOOKUP(V42,Кабель_сопротивление,3,FALSE) -> 0.0175 | X42: =VLOOKUP(V42,Кабель_сопротивление,2,FALSE) -> 0.1 | Y42: {=_xlfn.IFS(H42=1,2,H42=3,1)} -> 2 | Z42: =ROUND(SIN(ACOS(P42)),2) -> 0.31 | AA42: =Y42*(W42*I42/V42+X42*I42*Z42/1000)*T42 -> 0.18408436 | AB42: =ROUNDUP(AA42/220*100,2) -> 0.09 | AC42: =_xlfn.IFS(H42=3,380,H42=1,220) -> 220 | AD42: =VLOOKUP(N42,Кабель_обозначение,2,FALSE) -> ВВГнг(А)-LS | AE42: =IF(VLOOKUP(N42,Кабель_обозначение,3,FALSE)=1,AD42&" ("&O42&"х"&V42&")",AD42) -> ВВГнг(А)-LS (3х2,5) | AF42: =IFERROR(IF(AB42>4.5,1,2),0) -> 2 | AG42: =IFERROR(LEFT(AQ42,SEARCH(".",AQ42)-1),AQ42) -> 13 | AH42: =IFERROR(LEFT(A42,SEARCH(".",A42)-1),A42) -> R | AI42: =IFERROR(LEFT(AP42,SEARCH(".",AP42)-1),AP42) -> 1 | AJ42: =IF(C42=0,B42,C42) -> Розеточная группа Пом. №13 | AK42: =ROUNDUP(T42,2) -> 0.55 | AL42: =E42 -> 0.12 | AM42: =D42 -> R.1.13.1 | AO42: =IF(V42=0,AD42,AE42&" L="&M42&"-"&AB42&"%") -> ВВГнг(А)-LS (3х2,5) L=30-0,09% | AP42: =RIGHT(A42,LEN(A42)-SEARCH(".",A42)) -> 1.13.1 | AQ42: =IFERROR(RIGHT(AP42,LEN(AP42)-SEARCH(".",AP42)),"") -> 13.1 | AR42: =IFERROR(IF(VLOOKUP(AH42,Потребители_обозначение,5,FALSE)=2,_xlfn.IFS(H42=3,VLOOKUP(E42,Справочная_двигатели,3,FALSE),H42=1,VLOOKUP(E42,Справочная_двигатели,5,TRUE)),0),0) -> 0 | AS42: =IFERROR(IF(VLOOKUP(AH42,Потребители_обозначение,5,FALSE)=3,VLOOKUP(E42,Справочная_ЛЭД,2,TRUE),0),0) -> 0 | AT42: =IF(AR42=0,AS42,AR42) -> 0 | AX42: трасса на плане не найдена (выноска не касается кабеля)
A43: =D43 -> R.1.14.1 | B43: =IFERROR(IF(VLOOKUP(AH43,Потребители_обозначение,4,FALSE)=1,VLOOKUP(AH43,Потребители_обозначение,2,FALSE)&" "&VLOOKUP(AI43,Этаж_обозначение,2,FALSE)&" Пом. №"&AG43,VLOOKUP(AH43,Потребители_обозначение,2,FALSE)&" Шлейф №"&AI43),VLOOKUP(D43,Потребители_обозначение,2,FALSE)) -> Розеточная группа Пом. №14 | D43: SH.1.05.2 | G43: 1 | M43: =IFERROR(IF(VLOOKUP(AH43,Потребители_обозначение,4,FALSE)=1,VLOOKUP(AH43,Потребители_обозначение,3,FALSE)*(G43*2-1)+I43+VLOOKUP(AI43,Этаж_обозначение,3,FALSE)+VLOOKUP(AI43,Этаж_обозначение,4,FALSE),VLOOKUP(AH43,Потребители_обозначение,3,FALSE)*(G43*2-1)+I43),I43) -> 70 | P43: =IF(VLOOKUP(AH43,Потребители_обозначение,5,FALSE)=2,_xlfn.IFS(H43=3,VLOOKUP(E43,Справочная_двигатели,8,FALSE),H43=1,VLOOKUP(E43,Справочная_двигатели,10,TRUE)),0.95) -> 0.95 | T43: =_xlfn.IFS(H43=1,E43*1000/220,H43=3,E43/0.38/1.732) -> 1.6363636 | U43: =IF(R43=0,VLOOKUP(T43,Автомат_номиналы,2,TRUE),R43) -> 16 | V43: =IF(Q43=0,VLOOKUP(U43,Кабель_номиналы,2,TRUE),Q43) -> 2.5 | W43: =VLOOKUP(V43,Кабель_сопротивление,3,FALSE) -> 0.0175 | X43: =VLOOKUP(V43,Кабель_сопротивление,2,FALSE) -> 0.1 | Y43: {=_xlfn.IFS(H43=1,2,H43=3,1)} -> 2 | Z43: =ROUND(SIN(ACOS(P43)),2) -> 0.31 | AA43: =Y43*(W43*I43/V43+X43*I43*Z43/1000)*T43 -> 1.1045062 | AB43: =ROUNDUP(AA43/220*100,2) -> 0.51 | AC43: =_xlfn.IFS(H43=3,380,H43=1,220) -> 220 | AD43: =VLOOKUP(N43,Кабель_обозначение,2,FALSE) -> ВВГнг(А)-LS | AE43: =IF(VLOOKUP(N43,Кабель_обозначение,3,FALSE)=1,AD43&" ("&O43&"х"&V43&")",AD43) -> ВВГнг(А)-LS (3х2,5) | AF43: =IFERROR(IF(AB43>4.5,1,2),0) -> 2 | AG43: =IFERROR(LEFT(AQ43,SEARCH(".",AQ43)-1),AQ43) -> 14 | AH43: =IFERROR(LEFT(A43,SEARCH(".",A43)-1),A43) -> R | AI43: =IFERROR(LEFT(AP43,SEARCH(".",AP43)-1),AP43) -> 1 | AJ43: =IF(C43=0,B43,C43) -> Розеточная группа Пом. №14 | AK43: =ROUNDUP(T43,2) -> 1.64 | AL43: =E43 -> 0.36 | AM43: =D43 -> R.1.14.1 | AO43: =IF(V43=0,AD43,AE43&" L="&M43&"-"&AB43&"%") -> ВВГнг(А)-LS (3х2,5) L=70-0,51% | AP43: =RIGHT(A43,LEN(A43)-SEARCH(".",A43)) -> 1.14.1 | AQ43: =IFERROR(RIGHT(AP43,LEN(AP43)-SEARCH(".",AP43)),"") -> 14.1 | AR43: =IFERROR(IF(VLOOKUP(AH43,Потребители_обозначение,5,FALSE)=2,_xlfn.IFS(H43=3,VLOOKUP(E43,Справочная_двигатели,3,FALSE),H43=1,VLOOKUP(E43,Справочная_двигатели,5,TRUE)),0),0) -> 0 | AS43: =IFERROR(IF(VLOOKUP(AH43,Потребители_обозначение,5,FALSE)=3,VLOOKUP(E43,Справочная_ЛЭД,2,TRUE),0),0) -> 0 | AT43: =IF(AR43=0,AS43,AR43) -> 0 | AX43: трасса на плане не найдена (выноска не касается кабеля)
A44: =D44 -> R.1.14.10 | B44: =IFERROR(IF(VLOOKUP(AH44,Потребители_обозначение,4,FALSE)=1,VLOOKUP(AH44,Потребители_обозначение,2,FALSE)&" "&VLOOKUP(AI44,Этаж_обозначение,2,FALSE)&" Пом. №"&AG44,VLOOKUP(AH44,Потребители_обозначение,2,FALSE)&" Шлейф №"&AI44),VLOOKUP(D44,Потребители_обозначение,2,FALSE)) -> Розеточная группа Пом. №14 | D44: SH.1.05.3 | G44: 1 | M44: =IFERROR(IF(VLOOKUP(AH44,Потребители_обозначение,4,FALSE)=1,VLOOKUP(AH44,Потребители_обозначение,3,FALSE)*(G44*2-1)+I44+VLOOKUP(AI44,Этаж_обозначение,3,FALSE)+VLOOKUP(AI44,Этаж_обозначение,4,FALSE),VLOOKUP(AH44,Потребители_обозначение,3,FALSE)*(G44*2-1)+I44),I44) -> 59 | P44: =IF(VLOOKUP(AH44,Потребители_обозначение,5,FALSE)=2,_xlfn.IFS(H44=3,VLOOKUP(E44,Справочная_двигатели,8,FALSE),H44=1,VLOOKUP(E44,Справочная_двигатели,10,TRUE)),0.95) -> 0.95 | T44: =_xlfn.IFS(H44=1,E44*1000/220,H44=3,E44/0.38/1.732) -> 2.4545455 | U44: =IF(R44=0,VLOOKUP(T44,Автомат_номиналы,2,TRUE),R44) -> 16 | V44: =IF(Q44=0,VLOOKUP(U44,Кабель_номиналы,2,TRUE),Q44) -> 2.5 | W44: =VLOOKUP(V44,Кабель_сопротивление,3,FALSE) -> 0.0175 | X44: =VLOOKUP(V44,Кабель_сопротивление,2,FALSE) -> 0.1 | Y44: {=_xlfn.IFS(H44=1,2,H44=3,1)} -> 2 | Z44: =ROUND(SIN(ACOS(P44)),2) -> 0.31 | AA44: =Y44*(W44*I44/V44+X44*I44*Z44/1000)*T44 -> 0.86289545 | AB44: =ROUNDUP(AA44/220*100,2) -> 0.4 | AC44: =_xlfn.IFS(H44=3,380,H44=1,220) -> 220 | AD44: =VLOOKUP(N44,Кабель_обозначение,2,FALSE) -> ВВГнг(А)-LS | AE44: =IF(VLOOKUP(N44,Кабель_обозначение,3,FALSE)=1,AD44&" ("&O44&"х"&V44&")",AD44) -> ВВГнг(А)-LS (3х2,5) | AF44: =IFERROR(IF(AB44>4.5,1,2),0) -> 2 | AG44: =IFERROR(LEFT(AQ44,SEARCH(".",AQ44)-1),AQ44) -> 14 | AH44: =IFERROR(LEFT(A44,SEARCH(".",A44)-1),A44) -> R | AI44: =IFERROR(LEFT(AP44,SEARCH(".",AP44)-1),AP44) -> 1 | AJ44: =IF(C44=0,B44,C44) -> Розеточная группа Пом. №14 | AK44: =ROUNDUP(T44,2) -> 2.46 | AL44: =E44 -> 0.54 | AM44: =D44 -> R.1.14.10 | AO44: =IF(V44=0,AD44,AE44&" L="&M44&"-"&AB44&"%") -> ВВГнг(А)-LS (3х2,5) L=59-0,4% | AP44: =RIGHT(A44,LEN(A44)-SEARCH(".",A44)) -> 1.14.10 | AQ44: =IFERROR(RIGHT(AP44,LEN(AP44)-SEARCH(".",AP44)),"") -> 14.10 | AR44: =IFERROR(IF(VLOOKUP(AH44,Потребители_обозначение,5,FALSE)=2,_xlfn.IFS(H44=3,VLOOKUP(E44,Справочная_двигатели,3,FALSE),H44=1,VLOOKUP(E44,Справочная_двигатели,5,TRUE)),0),0) -> 0 | AS44: =IFERROR(IF(VLOOKUP(AH44,Потребители_обозначение,5,FALSE)=3,VLOOKUP(E44,Справочная_ЛЭД,2,TRUE),0),0) -> 0 | AT44: =IF(AR44=0,AS44,AR44) -> 0 | AX44: трасса на плане не найдена (выноска не касается кабеля)
A45: =D45 -> R.1.14.11 | B45: =IFERROR(IF(VLOOKUP(AH45,Потребители_обозначение,4,FALSE)=1,VLOOKUP(AH45,Потребители_обозначение,2,FALSE)&" "&VLOOKUP(AI45,Этаж_обозначение,2,FALSE)&" Пом. №"&AG45,VLOOKUP(AH45,Потребители_обозначение,2,FALSE)&" Шлейф №"&AI45),VLOOKUP(D45,Потребители_обозначение,2,FALSE)) -> Розеточная группа Пом. №14 | D45: SH.1.06.1 | G45: 1 | M45: =IFERROR(IF(VLOOKUP(AH45,Потребители_обозначение,4,FALSE)=1,VLOOKUP(AH45,Потребители_обозначение,3,FALSE)*(G45*2-1)+I45+VLOOKUP(AI45,Этаж_обозначение,3,FALSE)+VLOOKUP(AI45,Этаж_обозначение,4,FALSE),VLOOKUP(AH45,Потребители_обозначение,3,FALSE)*(G45*2-1)+I45),I45) -> 21 | P45: =IF(VLOOKUP(AH45,Потребители_обозначение,5,FALSE)=2,_xlfn.IFS(H45=3,VLOOKUP(E45,Справочная_двигатели,8,FALSE),H45=1,VLOOKUP(E45,Справочная_двигатели,10,TRUE)),0.95) -> 0.95 | T45: =_xlfn.IFS(H45=1,E45*1000/220,H45=3,E45/0.38/1.732) -> 0.54545455 | U45: =IF(R45=0,VLOOKUP(T45,Автомат_номиналы,2,TRUE),R45) -> 16 | V45: =IF(Q45=0,VLOOKUP(U45,Кабель_номиналы,2,TRUE),Q45) -> 2.5 | W45: =VLOOKUP(V45,Кабель_сопротивление,3,FALSE) -> 0.0175 | X45: =VLOOKUP(V45,Кабель_сопротивление,2,FALSE) -> 0.1 | Y45: {=_xlfn.IFS(H45=1,2,H45=3,1)} -> 2 | Z45: =ROUND(SIN(ACOS(P45)),2) -> 0.31 | AA45: =Y45*(W45*I45/V45+X45*I45*Z45/1000)*T45 -> 0.11505273 | AB45: =ROUNDUP(AA45/220*100,2) -> 0.06 | AC45: =_xlfn.IFS(H45=3,380,H45=1,220) -> 220 | AD45: =VLOOKUP(N45,Кабель_обозначение,2,FALSE) -> ВВГнг(А)-LS | AE45: =IF(VLOOKUP(N45,Кабель_обозначение,3,FALSE)=1,AD45&" ("&O45&"х"&V45&")",AD45) -> ВВГнг(А)-LS (3х2,5) | AF45: =IFERROR(IF(AB45>4.5,1,2),0) -> 2 | AG45: =IFERROR(LEFT(AQ45,SEARCH(".",AQ45)-1),AQ45) -> 14 | AH45: =IFERROR(LEFT(A45,SEARCH(".",A45)-1),A45) -> R | AI45: =IFERROR(LEFT(AP45,SEARCH(".",AP45)-1),AP45) -> 1 | AJ45: =IF(C45=0,B45,C45) -> Розеточная группа Пом. №14 | AK45: =ROUNDUP(T45,2) -> 0.55 | AL45: =E45 -> 0.12 | AM45: =D45 -> R.1.14.11 | AO45: =IF(V45=0,AD45,AE45&" L="&M45&"-"&AB45&"%") -> ВВГнг(А)-LS (3х2,5) L=21-0,06% | AP45: =RIGHT(A45,LEN(A45)-SEARCH(".",A45)) -> 1.14.11 | AQ45: =IFERROR(RIGHT(AP45,LEN(AP45)-SEARCH(".",AP45)),"") -> 14.11 | AR45: =IFERROR(IF(VLOOKUP(AH45,Потребители_обозначение,5,FALSE)=2,_xlfn.IFS(H45=3,VLOOKUP(E45,Справочная_двигатели,3,FALSE),H45=1,VLOOKUP(E45,Справочная_двигатели,5,TRUE)),0),0) -> 0 | AS45: =IFERROR(IF(VLOOKUP(AH45,Потребители_обозначение,5,FALSE)=3,VLOOKUP(E45,Справочная_ЛЭД,2,TRUE),0),0) -> 0 | AT45: =IF(AR45=0,AS45,AR45) -> 0 | AX45: трасса на плане не найдена (выноска не касается кабеля)
A46: =D46 -> R.1.14.12 | B46: =IFERROR(IF(VLOOKUP(AH46,Потребители_обозначение,4,FALSE)=1,VLOOKUP(AH46,Потребители_обозначение,2,FALSE)&" "&VLOOKUP(AI46,Этаж_обозначение,2,FALSE)&" Пом. №"&AG46,VLOOKUP(AH46,Потребители_обозначение,2,FALSE)&" Шлейф №"&AI46),VLOOKUP(D46,Потребители_обозначение,2,FALSE)) -> Розеточная группа Пом. №14 | D46: SH.1.06.2 | G46: 1 | M46: =IFERROR(IF(VLOOKUP(AH46,Потребители_обозначение,4,FALSE)=1,VLOOKUP(AH46,Потребители_обозначение,3,FALSE)*(G46*2-1)+I46+VLOOKUP(AI46,Этаж_обозначение,3,FALSE)+VLOOKUP(AI46,Этаж_обозначение,4,FALSE),VLOOKUP(AH46,Потребители_обозначение,3,FALSE)*(G46*2-1)+I46),I46) -> 22 | P46: =IF(VLOOKUP(AH46,Потребители_обозначение,5,FALSE)=2,_xlfn.IFS(H46=3,VLOOKUP(E46,Справочная_двигатели,8,FALSE),H46=1,VLOOKUP(E46,Справочная_двигатели,10,TRUE)),0.95) -> 0.95 | T46: =_xlfn.IFS(H46=1,E46*1000/220,H46=3,E46/0.38/1.732) -> 0.54545455 | U46: =IF(R46=0,VLOOKUP(T46,Автомат_номиналы,2,TRUE),R46) -> 16 | V46: =IF(Q46=0,VLOOKUP(U46,Кабель_номиналы,2,TRUE),Q46) -> 2.5 | W46: =VLOOKUP(V46,Кабель_сопротивление,3,FALSE) -> 0.0175 | X46: =VLOOKUP(V46,Кабель_сопротивление,2,FALSE) -> 0.1 | Y46: {=_xlfn.IFS(H46=1,2,H46=3,1)} -> 2 | Z46: =ROUND(SIN(ACOS(P46)),2) -> 0.31 | AA46: =Y46*(W46*I46/V46+X46*I46*Z46/1000)*T46 -> 0.12272291 | AB46: =ROUNDUP(AA46/220*100,2) -> 0.06 | AC46: =_xlfn.IFS(H46=3,380,H46=1,220) -> 220 | AD46: =VLOOKUP(N46,Кабель_обозначение,2,FALSE) -> ВВГнг(А)-LS | AE46: =IF(VLOOKUP(N46,Кабель_обозначение,3,FALSE)=1,AD46&" ("&O46&"х"&V46&")",AD46) -> ВВГнг(А)-LS (3х2,5) | AF46: =IFERROR(IF(AB46>4.5,1,2),0) -> 2 | AG46: =IFERROR(LEFT(AQ46,SEARCH(".",AQ46)-1),AQ46) -> 14 | AH46: =IFERROR(LEFT(A46,SEARCH(".",A46)-1),A46) -> R | AI46: =IFERROR(LEFT(AP46,SEARCH(".",AP46)-1),AP46) -> 1 | AJ46: =IF(C46=0,B46,C46) -> Розеточная группа Пом. №14 | AK46: =ROUNDUP(T46,2) -> 0.55 | AL46: =E46 -> 0.12 | AM46: =D46 -> R.1.14.12 | AO46: =IF(V46=0,AD46,AE46&" L="&M46&"-"&AB46&"%") -> ВВГнг(А)-LS (3х2,5) L=22-0,06% | AP46: =RIGHT(A46,LEN(A46)-SEARCH(".",A46)) -> 1.14.12 | AQ46: =IFERROR(RIGHT(AP46,LEN(AP46)-SEARCH(".",AP46)),"") -> 14.12 | AR46: =IFERROR(IF(VLOOKUP(AH46,Потребители_обозначение,5,FALSE)=2,_xlfn.IFS(H46=3,VLOOKUP(E46,Справочная_двигатели,3,FALSE),H46=1,VLOOKUP(E46,Справочная_двигатели,5,TRUE)),0),0) -> 0 | AS46: =IFERROR(IF(VLOOKUP(AH46,Потребители_обозначение,5,FALSE)=3,VLOOKUP(E46,Справочная_ЛЭД,2,TRUE),0),0) -> 0 | AT46: =IF(AR46=0,AS46,AR46) -> 0 | AX46: трасса на плане не найдена (выноска не касается кабеля)
A47: =D47 -> 0 | B47: =IFERROR(IF(VLOOKUP(AH47,Потребители_обозначение,4,FALSE)=1,VLOOKUP(AH47,Потребители_обозначение,2,FALSE)&" "&VLOOKUP(AI47,Этаж_обозначение,2,FALSE)&" Пом. №"&AG47,VLOOKUP(AH47,Потребители_обозначение,2,FALSE)&" Шлейф №"&AI47),VLOOKUP(D47,Потребители_обозначение,2,FALSE)) -> #N/A | D47: SH.1.08.1 | G47: 1 | M47: =IFERROR(IF(VLOOKUP(AH47,Потребители_обозначение,4,FALSE)=1,VLOOKUP(AH47,Потребители_обозначение,3,FALSE)*(G47*2-1)+I47+VLOOKUP(AI47,Этаж_обозначение,3,FALSE)+VLOOKUP(AI47,Этаж_обозначение,4,FALSE),VLOOKUP(AH47,Потребители_обозначение,3,FALSE)*(G47*2-1)+I47),I47) -> 0 | P47: =IF(VLOOKUP(AH47,Потребители_обозначение,5,FALSE)=2,_xlfn.IFS(H47=3,VLOOKUP(E47,Справочная_двигатели,8,FALSE),H47=1,VLOOKUP(E47,Справочная_двигатели,10,TRUE)),0.95) -> #N/A | T47: =_xlfn.IFS(H47=1,E47*1000/220,H47=3,E47/0.38/1.732) -> #N/A | U47: =IF(R47=0,VLOOKUP(T47,Автомат_номиналы,2,TRUE),R47) -> #N/A | V47: =IF(Q47=0,VLOOKUP(U47,Кабель_номиналы,2,TRUE),Q47) -> #N/A | W47: =VLOOKUP(V47,Кабель_сопротивление,3,FALSE) -> #N/A | X47: =VLOOKUP(V47,Кабель_сопротивление,2,FALSE) -> #N/A | Y47: {=_xlfn.IFS(H47=1,2,H47=3,1)} -> #N/A | Z47: =ROUND(SIN(ACOS(P47)),2) -> #N/A | AA47: =Y47*(W47*I47/V47+X47*I47*Z47/1000)*T47 -> #N/A | AB47: =ROUNDUP(AA47/220*100,2) -> #N/A | AC47: =_xlfn.IFS(H47=3,380,H47=1,220) -> #N/A | AD47: =VLOOKUP(N47,Кабель_обозначение,2,FALSE) -> #N/A | AE47: =IF(VLOOKUP(N47,Кабель_обозначение,3,FALSE)=1,AD47&" ("&O47&"х"&V47&")",AD47) -> #N/A | AF47: =IFERROR(IF(AB47>4.5,1,2),0) -> 0 | AG47: =IFERROR(LEFT(AQ47,SEARCH(".",AQ47)-1),AQ47) | AH47: =IFERROR(LEFT(A47,SEARCH(".",A47)-1),A47) -> 0 | AI47: =IFERROR(LEFT(AP47,SEARCH(".",AP47)-1),AP47) -> #VALUE! | AJ47: =IF(C47=0,B47,C47) -> #N/A | AK47: =ROUNDUP(T47,2) -> #N/A | AL47: =E47 -> 0 | AM47: =D47 -> 0 | AO47: =IF(V47=0,AD47,AE47&" L="&M47&"-"&AB47&"%") -> #N/A | AP47: =RIGHT(A47,LEN(A47)-SEARCH(".",A47)) -> #VALUE! | AQ47: =IFERROR(RIGHT(AP47,LEN(AP47)-SEARCH(".",AP47)),"") | AR47: =IFERROR(IF(VLOOKUP(AH47,Потребители_обозначение,5,FALSE)=2,_xlfn.IFS(H47=3,VLOOKUP(E47,Справочная_двигатели,3,FALSE),H47=1,VLOOKUP(E47,Справочная_двигатели,5,TRUE)),0),0) -> 0 | AS47: =IFERROR(IF(VLOOKUP(AH47,Потребители_обозначение,5,FALSE)=3,VLOOKUP(E47,Справочная_ЛЭД,2,TRUE),0),0) -> 0 | AT47: =IF(AR47=0,AS47,AR47) -> 0 | AX47: трасса на плане не найдена (выноска не касается кабеля)
A48: =D48 -> R.1.14.3 | B48: =IFERROR(IF(VLOOKUP(AH48,Потребители_обозначение,4,FALSE)=1,VLOOKUP(AH48,Потребители_обозначение,2,FALSE)&" "&VLOOKUP(AI48,Этаж_обозначение,2,FALSE)&" Пом. №"&AG48,VLOOKUP(AH48,Потребители_обозначение,2,FALSE)&" Шлейф №"&AI48),VLOOKUP(D48,Потребители_обозначение,2,FALSE)) -> Розеточная группа Пом. №14 | D48: SH.1.08.2 | G48: 1 | M48: =IFERROR(IF(VLOOKUP(AH48,Потребители_обозначение,4,FALSE)=1,VLOOKUP(AH48,Потребители_обозначение,3,FALSE)*(G48*2-1)+I48+VLOOKUP(AI48,Этаж_обозначение,3,FALSE)+VLOOKUP(AI48,Этаж_обозначение,4,FALSE),VLOOKUP(AH48,Потребители_обозначение,3,FALSE)*(G48*2-1)+I48),I48) -> 36 | P48: =IF(VLOOKUP(AH48,Потребители_обозначение,5,FALSE)=2,_xlfn.IFS(H48=3,VLOOKUP(E48,Справочная_двигатели,8,FALSE),H48=1,VLOOKUP(E48,Справочная_двигатели,10,TRUE)),0.95) -> 0.95 | T48: =_xlfn.IFS(H48=1,E48*1000/220,H48=3,E48/0.38/1.732) -> 1.3636364 | U48: =IF(R48=0,VLOOKUP(T48,Автомат_номиналы,2,TRUE),R48) -> 16 | V48: =IF(Q48=0,VLOOKUP(U48,Кабель_номиналы,2,TRUE),Q48) -> 2.5 | W48: =VLOOKUP(V48,Кабель_сопротивление,3,FALSE) -> 0.0175 | X48: =VLOOKUP(V48,Кабель_сопротивление,2,FALSE) -> 0.1 | Y48: {=_xlfn.IFS(H48=1,2,H48=3,1)} -> 2 | Z48: =ROUND(SIN(ACOS(P48)),2) -> 0.31 | AA48: =Y48*(W48*I48/V48+X48*I48*Z48/1000)*T48 -> 0.34515818 | AB48: =ROUNDUP(AA48/220*100,2) -> 0.16 | AC48: =_xlfn.IFS(H48=3,380,H48=1,220) -> 220 | AD48: =VLOOKUP(N48,Кабель_обозначение,2,FALSE) -> ВВГнг(А)-LS | AE48: =IF(VLOOKUP(N48,Кабель_обозначение,3,FALSE)=1,AD48&" ("&O48&"х"&V48&")",AD48) -> ВВГнг(А)-LS (3х2,5) | AF48: =IFERROR(IF(AB48>4.5,1,2),0) -> 2 | AG48: =IFERROR(LEFT(AQ48,SEARCH(".",AQ48)-1),AQ48) -> 14 | AH48: =IFERROR(LEFT(A48,SEARCH(".",A48)-1),A48) -> R | AI48: =IFERROR(LEFT(AP48,SEARCH(".",AP48)-1),AP48) -> 1 | AJ48: =IF(C48=0,B48,C48) -> Розеточная группа Пом. №14 | AK48: =ROUNDUP(T48,2) -> 1.37 | AL48: =E48 -> 0.3 | AM48: =D48 -> R.1.14.3 | AO48: =IF(V48=0,AD48,AE48&" L="&M48&"-"&AB48&"%") -> ВВГнг(А)-LS (3х2,5) L=36-0,16% | AP48: =RIGHT(A48,LEN(A48)-SEARCH(".",A48)) -> 1.14.3 | AQ48: =IFERROR(RIGHT(AP48,LEN(AP48)-SEARCH(".",AP48)),"") -> 14.3 | AR48: =IFERROR(IF(VLOOKUP(AH48,Потребители_обозначение,5,FALSE)=2,_xlfn.IFS(H48=3,VLOOKUP(E48,Справочная_двигатели,3,FALSE),H48=1,VLOOKUP(E48,Справочная_двигатели,5,TRUE)),0),0) -> 0 | AS48: =IFERROR(IF(VLOOKUP(AH48,Потребители_обозначение,5,FALSE)=3,VLOOKUP(E48,Справочная_ЛЭД,2,TRUE),0),0) -> 0 | AT48: =IF(AR48=0,AS48,AR48) -> 0 | AX48: трасса на плане не найдена (выноска не касается кабеля)
A49: =D49 -> R.1.14.4 | B49: =IFERROR(IF(VLOOKUP(AH49,Потребители_обозначение,4,FALSE)=1,VLOOKUP(AH49,Потребители_обозначение,2,FALSE)&" "&VLOOKUP(AI49,Этаж_обозначение,2,FALSE)&" Пом. №"&AG49,VLOOKUP(AH49,Потребители_обозначение,2,FALSE)&" Шлейф №"&AI49),VLOOKUP(D49,Потребители_обозначение,2,FALSE)) -> Розеточная группа Пом. №14 | D49: SH.1.09.1 | G49: 1 | M49: =IFERROR(IF(VLOOKUP(AH49,Потребители_обозначение,4,FALSE)=1,VLOOKUP(AH49,Потребители_обозначение,3,FALSE)*(G49*2-1)+I49+VLOOKUP(AI49,Этаж_обозначение,3,FALSE)+VLOOKUP(AI49,Этаж_обозначение,4,FALSE),VLOOKUP(AH49,Потребители_обозначение,3,FALSE)*(G49*2-1)+I49),I49) -> 20 | P49: =IF(VLOOKUP(AH49,Потребители_обозначение,5,FALSE)=2,_xlfn.IFS(H49=3,VLOOKUP(E49,Справочная_двигатели,8,FALSE),H49=1,VLOOKUP(E49,Справочная_двигатели,10,TRUE)),0.95) -> 0.95 | T49: =_xlfn.IFS(H49=1,E49*1000/220,H49=3,E49/0.38/1.732) -> 1.8181818 | U49: =IF(R49=0,VLOOKUP(T49,Автомат_номиналы,2,TRUE),R49) -> 16 | V49: =IF(Q49=0,VLOOKUP(U49,Кабель_номиналы,2,TRUE),Q49) -> 2.5 | W49: =VLOOKUP(V49,Кабель_сопротивление,3,FALSE) -> 0.0175 | X49: =VLOOKUP(V49,Кабель_сопротивление,2,FALSE) -> 0.1 | Y49: {=_xlfn.IFS(H49=1,2,H49=3,1)} -> 2 | Z49: =ROUND(SIN(ACOS(P49)),2) -> 0.31 | AA49: =Y49*(W49*I49/V49+X49*I49*Z49/1000)*T49 -> 0.46021091 | AB49: =ROUNDUP(AA49/220*100,2) -> 0.21 | AC49: =_xlfn.IFS(H49=3,380,H49=1,220) -> 220 | AD49: =VLOOKUP(N49,Кабель_обозначение,2,FALSE) -> ВВГнг(А)-LS | AE49: =IF(VLOOKUP(N49,Кабель_обозначение,3,FALSE)=1,AD49&" ("&O49&"х"&V49&")",AD49) -> ВВГнг(А)-LS (3х2,5) | AF49: =IFERROR(IF(AB49>4.5,1,2),0) -> 2 | AG49: =IFERROR(LEFT(AQ49,SEARCH(".",AQ49)-1),AQ49) -> 14 | AH49: =IFERROR(LEFT(A49,SEARCH(".",A49)-1),A49) -> R | AI49: =IFERROR(LEFT(AP49,SEARCH(".",AP49)-1),AP49) -> 1 | AJ49: =IF(C49=0,B49,C49) -> Розеточная группа Пом. №14 Холодильник, морозильник | AK49: =ROUNDUP(T49,2) -> 1.82 | AL49: =E49 -> 0.4 | AM49: =D49 -> R.1.14.4 | AO49: =IF(V49=0,AD49,AE49&" L="&M49&"-"&AB49&"%") -> ВВГнг(А)-LS (3х2,5) L=20-0,21% | AP49: =RIGHT(A49,LEN(A49)-SEARCH(".",A49)) -> 1.14.4 | AQ49: =IFERROR(RIGHT(AP49,LEN(AP49)-SEARCH(".",AP49)),"") -> 14.4 | AR49: =IFERROR(IF(VLOOKUP(AH49,Потребители_обозначение,5,FALSE)=2,_xlfn.IFS(H49=3,VLOOKUP(E49,Справочная_двигатели,3,FALSE),H49=1,VLOOKUP(E49,Справочная_двигатели,5,TRUE)),0),0) -> 0 | AS49: =IFERROR(IF(VLOOKUP(AH49,Потребители_обозначение,5,FALSE)=3,VLOOKUP(E49,Справочная_ЛЭД,2,TRUE),0),0) -> 0 | AT49: =IF(AR49=0,AS49,AR49) -> 0 | AX49: трасса на плане не найдена (выноска не касается кабеля)
A50: =D50 -> R.1.14.5 | B50: =IFERROR(IF(VLOOKUP(AH50,Потребители_обозначение,4,FALSE)=1,VLOOKUP(AH50,Потребители_обозначение,2,FALSE)&" "&VLOOKUP(AI50,Этаж_обозначение,2,FALSE)&" Пом. №"&AG50,VLOOKUP(AH50,Потребители_обозначение,2,FALSE)&" Шлейф №"&AI50),VLOOKUP(D50,Потребители_обозначение,2,FALSE)) -> Розеточная группа Пом. №14 | D50: SH.1.09.2 | G50: 1 | M50: =IFERROR(IF(VLOOKUP(AH50,Потребители_обозначение,4,FALSE)=1,VLOOKUP(AH50,Потребители_обозначение,3,FALSE)*(G50*2-1)+I50+VLOOKUP(AI50,Этаж_обозначение,3,FALSE)+VLOOKUP(AI50,Этаж_обозначение,4,FALSE),VLOOKUP(AH50,Потребители_обозначение,3,FALSE)*(G50*2-1)+I50),I50) -> 19 | P50: =IF(VLOOKUP(AH50,Потребители_обозначение,5,FALSE)=2,_xlfn.IFS(H50=3,VLOOKUP(E50,Справочная_двигатели,8,FALSE),H50=1,VLOOKUP(E50,Справочная_двигатели,10,TRUE)),0.95) -> 0.95 | T50: =_xlfn.IFS(H50=1,E50*1000/220,H50=3,E50/0.38/1.732) -> 0.90909091 | U50: =IF(R50=0,VLOOKUP(T50,Автомат_номиналы,2,TRUE),R50) -> 16 | V50: =IF(Q50=0,VLOOKUP(U50,Кабель_номиналы,2,TRUE),Q50) -> 2.5 | W50: =VLOOKUP(V50,Кабель_сопротивление,3,FALSE) -> 0.0175 | X50: =VLOOKUP(V50,Кабель_сопротивление,2,FALSE) -> 0.1 | Y50: {=_xlfn.IFS(H50=1,2,H50=3,1)} -> 2 | Z50: =ROUND(SIN(ACOS(P50)),2) -> 0.31 | AA50: =Y50*(W50*I50/V50+X50*I50*Z50/1000)*T50 -> 0.21732182 | AB50: =ROUNDUP(AA50/220*100,2) -> 0.1 | AC50: =_xlfn.IFS(H50=3,380,H50=1,220) -> 220 | AD50: =VLOOKUP(N50,Кабель_обозначение,2,FALSE) -> ВВГнг(А)-LS | AE50: =IF(VLOOKUP(N50,Кабель_обозначение,3,FALSE)=1,AD50&" ("&O50&"х"&V50&")",AD50) -> ВВГнг(А)-LS (3х2,5) | AF50: =IFERROR(IF(AB50>4.5,1,2),0) -> 2 | AG50: =IFERROR(LEFT(AQ50,SEARCH(".",AQ50)-1),AQ50) -> 14 | AH50: =IFERROR(LEFT(A50,SEARCH(".",A50)-1),A50) -> R | AI50: =IFERROR(LEFT(AP50,SEARCH(".",AP50)-1),AP50) -> 1 | AJ50: =IF(C50=0,B50,C50) -> Розеточная группа Пом. №14 Вытяжка | AK50: =ROUNDUP(T50,2) -> 0.91 | AL50: =E50 -> 0.2 | AM50: =D50 -> R.1.14.5 | AO50: =IF(V50=0,AD50,AE50&" L="&M50&"-"&AB50&"%") -> ВВГнг(А)-LS (3х2,5) L=19-0,1% | AP50: =RIGHT(A50,LEN(A50)-SEARCH(".",A50)) -> 1.14.5 | AQ50: =IFERROR(RIGHT(AP50,LEN(AP50)-SEARCH(".",AP50)),"") -> 14.5 | AR50: =IFERROR(IF(VLOOKUP(AH50,Потребители_обозначение,5,FALSE)=2,_xlfn.IFS(H50=3,VLOOKUP(E50,Справочная_двигатели,3,FALSE),H50=1,VLOOKUP(E50,Справочная_двигатели,5,TRUE)),0),0) -> 0 | AS50: =IFERROR(IF(VLOOKUP(AH50,Потребители_обозначение,5,FALSE)=3,VLOOKUP(E50,Справочная_ЛЭД,2,TRUE),0),0) -> 0 | AT50: =IF(AR50=0,AS50,AR50) -> 0 | AX50: трасса на плане не найдена (выноска не касается кабеля)
A51: =D51 -> R.1.14.6 | B51: =IFERROR(IF(VLOOKUP(AH51,Потребители_обозначение,4,FALSE)=1,VLOOKUP(AH51,Потребители_обозначение,2,FALSE)&" "&VLOOKUP(AI51,Этаж_обозначение,2,FALSE)&" Пом. №"&AG51,VLOOKUP(AH51,Потребители_обозначение,2,FALSE)&" Шлейф №"&AI51),VLOOKUP(D51,Потребители_обозначение,2,FALSE)) -> Розеточная группа Пом. №14 | D51: L.1.01.1 | G51: 1 | I51: =IF(COUNT(AU51:AV51)=0,"",ROUNDUP(SUM(AU51:AV51),0)) | K51: =IF(OR(I51="",S51=""),"",IF(S51=1,MAX(0,M51-ROUNDUP(N(AV51),0)-4),ROUNDUP(N(AU51),0))) | L51: =IF(OR(I51="",S51=""),"",IF(S51=2,MAX(0,M51-ROUNDUP(N(AU51),0)-4),ROUNDUP(N(AV51),0))) | M51: =IFERROR(IF(VLOOKUP(AH51,Потребители_обозначение,4,FALSE)=1,VLOOKUP(AH51,Потребители_обозначение,3,FALSE)*(G51*2-1)+I51+VLOOKUP(AI51,Этаж_обозначение,3,FALSE)+VLOOKUP(AI51,Этаж_обозначение,4,FALSE),VLOOKUP(AH51,Потребители_обозначение,3,FALSE)*(G51*2-1)+I51),I51) -> 24 | P51: =IF(VLOOKUP(AH51,Потребители_обозначение,5,FALSE)=2,_xlfn.IFS(H51=3,VLOOKUP(E51,Справочная_двигатели,8,FALSE),H51=1,VLOOKUP(E51,Справочная_двигатели,10,TRUE)),0.95) -> 0.95 | S51: 2 | T51: =_xlfn.IFS(H51=1,E51*1000/220,H51=3,E51/0.38/1.732) -> 0.54545455 | U51: =IF(R51=0,VLOOKUP(T51,Автомат_номиналы,2,TRUE),R51) -> 16 | V51: =IF(Q51=0,VLOOKUP(U51,Кабель_номиналы,2,TRUE),Q51) -> 2.5 | W51: =VLOOKUP(V51,Кабель_сопротивление,3,FALSE) -> 0.0175 | X51: =VLOOKUP(V51,Кабель_сопротивление,2,FALSE) -> 0.1 | Y51: {=_xlfn.IFS(H51=1,2,H51=3,1)} -> 2 | Z51: =ROUND(SIN(ACOS(P51)),2) -> 0.31 | AA51: =Y51*(W51*I51/V51+X51*I51*Z51/1000)*T51 -> 0.13806327 | AB51: =ROUNDUP(AA51/220*100,2) -> 0.07 | AC51: =_xlfn.IFS(H51=3,380,H51=1,220) -> 220 | AD51: =VLOOKUP(N51,Кабель_обозначение,2,FALSE) -> ВВГнг(А)-LS | AE51: =IF(VLOOKUP(N51,Кабель_обозначение,3,FALSE)=1,AD51&" ("&O51&"х"&V51&")",AD51) -> ВВГнг(А)-LS (3х2,5) | AF51: =IFERROR(IF(AB51>4.5,1,2),0) -> 2 | AG51: =IFERROR(LEFT(AQ51,SEARCH(".",AQ51)-1),AQ51) -> 14 | AH51: =IFERROR(LEFT(A51,SEARCH(".",A51)-1),A51) -> R | AI51: =IFERROR(LEFT(AP51,SEARCH(".",AP51)-1),AP51) -> 1 | AJ51: =IF(C51=0,B51,C51) -> Розеточная группа Пом. №14 | AK51: =ROUNDUP(T51,2) -> 0.55 | AL51: =E51 -> 0.12 | AM51: =D51 -> R.1.14.6 | AO51: =IF(V51=0,AD51,AE51&" L="&M51&"-"&AB51&"%") -> ВВГнг(А)-LS (3х2,5) L=24-0,07% | AP51: =RIGHT(A51,LEN(A51)-SEARCH(".",A51)) -> 1.14.6 | AQ51: =IFERROR(RIGHT(AP51,LEN(AP51)-SEARCH(".",AP51)),"") -> 14.6 | AR51: =IFERROR(IF(VLOOKUP(AH51,Потребители_обозначение,5,FALSE)=2,_xlfn.IFS(H51=3,VLOOKUP(E51,Справочная_двигатели,3,FALSE),H51=1,VLOOKUP(E51,Справочная_двигатели,5,TRUE)),0),0) -> 0 | AS51: =IFERROR(IF(VLOOKUP(AH51,Потребители_обозначение,5,FALSE)=3,VLOOKUP(E51,Справочная_ЛЭД,2,TRUE),0),0) -> 0 | AT51: =IF(AR51=0,AS51,AR51) -> 0 | AV51: 7.31 | AW51: 83249F
A52: =D52 -> R.1.14.7 | B52: =IFERROR(IF(VLOOKUP(AH52,Потребители_обозначение,4,FALSE)=1,VLOOKUP(AH52,Потребители_обозначение,2,FALSE)&" "&VLOOKUP(AI52,Этаж_обозначение,2,FALSE)&" Пом. №"&AG52,VLOOKUP(AH52,Потребители_обозначение,2,FALSE)&" Шлейф №"&AI52),VLOOKUP(D52,Потребители_обозначение,2,FALSE)) -> Розеточная группа Пом. №14 | D52: L.1.02.1 | G52: 1 | I52: =IF(COUNT(AU52:AV52)=0,"",ROUNDUP(SUM(AU52:AV52),0)) | K52: =IF(OR(I52="",S52=""),"",IF(S52=1,MAX(0,M52-ROUNDUP(N(AV52),0)-4),ROUNDUP(N(AU52),0))) | L52: =IF(OR(I52="",S52=""),"",IF(S52=2,MAX(0,M52-ROUNDUP(N(AU52),0)-4),ROUNDUP(N(AV52),0))) | M52: =IFERROR(IF(VLOOKUP(AH52,Потребители_обозначение,4,FALSE)=1,VLOOKUP(AH52,Потребители_обозначение,3,FALSE)*(G52*2-1)+I52+VLOOKUP(AI52,Этаж_обозначение,3,FALSE)+VLOOKUP(AI52,Этаж_обозначение,4,FALSE),VLOOKUP(AH52,Потребители_обозначение,3,FALSE)*(G52*2-1)+I52),I52) -> 19 | P52: =IF(VLOOKUP(AH52,Потребители_обозначение,5,FALSE)=2,_xlfn.IFS(H52=3,VLOOKUP(E52,Справочная_двигатели,8,FALSE),H52=1,VLOOKUP(E52,Справочная_двигатели,10,TRUE)),0.95) -> 0.95 | S52: 1 | T52: =_xlfn.IFS(H52=1,E52*1000/220,H52=3,E52/0.38/1.732) -> 10.909091 | U52: =IF(R52=0,VLOOKUP(T52,Автомат_номиналы,2,TRUE),R52) -> 16 | V52: =IF(Q52=0,VLOOKUP(U52,Кабель_номиналы,2,TRUE),Q52) -> 2.5 | W52: =VLOOKUP(V52,Кабель_сопротивление,3,FALSE) -> 0.0175 | X52: =VLOOKUP(V52,Кабель_сопротивление,2,FALSE) -> 0.1 | Y52: {=_xlfn.IFS(H52=1,2,H52=3,1)} -> 2 | Z52: =ROUND(SIN(ACOS(P52)),2) -> 0.31 | AA52: =Y52*(W52*I52/V52+X52*I52*Z52/1000)*T52 -> 2.6078618 | AB52: =ROUNDUP(AA52/220*100,2) -> 1.19 | AC52: =_xlfn.IFS(H52=3,380,H52=1,220) -> 220 | AD52: =VLOOKUP(N52,Кабель_обозначение,2,FALSE) -> ВВГнг(А)-LS | AE52: =IF(VLOOKUP(N52,Кабель_обозначение,3,FALSE)=1,AD52&" ("&O52&"х"&V52&")",AD52) -> ВВГнг(А)-LS (3х2,5) | AF52: =IFERROR(IF(AB52>4.5,1,2),0) -> 2 | AG52: =IFERROR(LEFT(AQ52,SEARCH(".",AQ52)-1),AQ52) -> 14 | AH52: =IFERROR(LEFT(A52,SEARCH(".",A52)-1),A52) -> R | AI52: =IFERROR(LEFT(AP52,SEARCH(".",AP52)-1),AP52) -> 1 | AJ52: =IF(C52=0,B52,C52) -> Розеточная группа Пом. №14 ПММ | AK52: =ROUNDUP(T52,2) -> 10.91 | AL52: =E52 -> 2.4 | AM52: =D52 -> R.1.14.7 | AO52: =IF(V52=0,AD52,AE52&" L="&M52&"-"&AB52&"%") -> ВВГнг(А)-LS (3х2,5) L=19-1,19% | AP52: =RIGHT(A52,LEN(A52)-SEARCH(".",A52)) -> 1.14.7 | AQ52: =IFERROR(RIGHT(AP52,LEN(AP52)-SEARCH(".",AP52)),"") -> 14.7 | AR52: =IFERROR(IF(VLOOKUP(AH52,Потребители_обозначение,5,FALSE)=2,_xlfn.IFS(H52=3,VLOOKUP(E52,Справочная_двигатели,3,FALSE),H52=1,VLOOKUP(E52,Справочная_двигатели,5,TRUE)),0),0) -> 0 | AS52: =IFERROR(IF(VLOOKUP(AH52,Потребители_обозначение,5,FALSE)=3,VLOOKUP(E52,Справочная_ЛЭД,2,TRUE),0),0) -> 0 | AT52: =IF(AR52=0,AS52,AR52) -> 0 | AU52: 3.8 | AW52: 831AEF
A53: =D53 -> R.1.14.13 | B53: =IFERROR(IF(VLOOKUP(AH53,Потребители_обозначение,4,FALSE)=1,VLOOKUP(AH53,Потребители_обозначение,2,FALSE)&" "&VLOOKUP(AI53,Этаж_обозначение,2,FALSE)&" Пом. №"&AG53,VLOOKUP(AH53,Потребители_обозначение,2,FALSE)&" Шлейф №"&AI53),VLOOKUP(D53,Потребители_обозначение,2,FALSE)) -> Розеточная группа Пом. №14 | D53: L.1.04.1 | G53: 1 | I53: =IF(COUNT(AU53:AV53)=0,"",ROUNDUP(SUM(AU53:AV53),0)) | K53: =IF(OR(I53="",S53=""),"",IF(S53=1,MAX(0,M53-ROUNDUP(N(AV53),0)-4),ROUNDUP(N(AU53),0))) | L53: =IF(OR(I53="",S53=""),"",IF(S53=2,MAX(0,M53-ROUNDUP(N(AU53),0)-4),ROUNDUP(N(AV53),0))) | M53: =IFERROR(IF(VLOOKUP(AH53,Потребители_обозначение,4,FALSE)=1,VLOOKUP(AH53,Потребители_обозначение,3,FALSE)*(G53*2-1)+I53+VLOOKUP(AI53,Этаж_обозначение,3,FALSE)+VLOOKUP(AI53,Этаж_обозначение,4,FALSE),VLOOKUP(AH53,Потребители_обозначение,3,FALSE)*(G53*2-1)+I53),I53) -> 16 | P53: =IF(VLOOKUP(AH53,Потребители_обозначение,5,FALSE)=2,_xlfn.IFS(H53=3,VLOOKUP(E53,Справочная_двигатели,8,FALSE),H53=1,VLOOKUP(E53,Справочная_двигатели,10,TRUE)),0.95) -> 0.95 | S53: 2 | T53: =_xlfn.IFS(H53=1,E53*1000/220,H53=3,E53/0.38/1.732) -> 12.045455 | U53: =IF(R53=0,VLOOKUP(T53,Автомат_номиналы,2,TRUE),R53) -> 16 | V53: =IF(Q53=0,VLOOKUP(U53,Кабель_номиналы,2,TRUE),Q53) -> 2.5 | W53: =VLOOKUP(V53,Кабель_сопротивление,3,FALSE) -> 0.0175 | X53: =VLOOKUP(V53,Кабель_сопротивление,2,FALSE) -> 0.1 | Y53: {=_xlfn.IFS(H53=1,2,H53=3,1)} -> 2 | Z53: =ROUND(SIN(ACOS(P53)),2) -> 0.31 | AA53: =Y53*(W53*I53/V53+X53*I53*Z53/1000)*T53 -> 2.3713645 | AB53: =ROUNDUP(AA53/220*100,2) -> 1.08 | AC53: =_xlfn.IFS(H53=3,380,H53=1,220) -> 220 | AD53: =VLOOKUP(N53,Кабель_обозначение,2,FALSE) -> ВВГнг(А)-LS | AE53: =IF(VLOOKUP(N53,Кабель_обозначение,3,FALSE)=1,AD53&" ("&O53&"х"&V53&")",AD53) -> ВВГнг(А)-LS (3х2,5) | AF53: =IFERROR(IF(AB53>4.5,1,2),0) -> 2 | AG53: =IFERROR(LEFT(AQ53,SEARCH(".",AQ53)-1),AQ53) -> 14 | AH53: =IFERROR(LEFT(A53,SEARCH(".",A53)-1),A53) -> R | AI53: =IFERROR(LEFT(AP53,SEARCH(".",AP53)-1),AP53) -> 1 | AJ53: =IF(C53=0,B53,C53) -> Розеточная группа Пом. №14 Духовка с СВЧ | AK53: =ROUNDUP(T53,2) -> 12.05 | AL53: =E53 -> 2.65 | AM53: =D53 -> R.1.14.13 | AO53: =IF(V53=0,AD53,AE53&" L="&M53&"-"&AB53&"%") -> ВВГнг(А)-LS (3х2,5) L=16-1,08% | AP53: =RIGHT(A53,LEN(A53)-SEARCH(".",A53)) -> 1.14.13 | AQ53: =IFERROR(RIGHT(AP53,LEN(AP53)-SEARCH(".",AP53)),"") -> 14.13 | AR53: =IFERROR(IF(VLOOKUP(AH53,Потребители_обозначение,5,FALSE)=2,_xlfn.IFS(H53=3,VLOOKUP(E53,Справочная_двигатели,3,FALSE),H53=1,VLOOKUP(E53,Справочная_двигатели,5,TRUE)),0),0) -> 0 | AS53: =IFERROR(IF(VLOOKUP(AH53,Потребители_обозначение,5,FALSE)=3,VLOOKUP(E53,Справочная_ЛЭД,2,TRUE),0),0) -> 0 | AT53: =IF(AR53=0,AS53,AR53) -> 0 | AV53: 9.78 | AW53: 8324C8
A54: =D54 -> R.1.14.14 | B54: =IFERROR(IF(VLOOKUP(AH54,Потребители_обозначение,4,FALSE)=1,VLOOKUP(AH54,Потребители_обозначение,2,FALSE)&" "&VLOOKUP(AI54,Этаж_обозначение,2,FALSE)&" Пом. №"&AG54,VLOOKUP(AH54,Потребители_обозначение,2,FALSE)&" Шлейф №"&AI54),VLOOKUP(D54,Потребители_обозначение,2,FALSE)) -> Розеточная группа Пом. №14 | D54: L.1.04.2 | G54: 1 | I54: =IF(COUNT(AU54:AV54)=0,"",ROUNDUP(SUM(AU54:AV54),0)) | K54: =IF(OR(I54="",S54=""),"",IF(S54=1,MAX(0,M54-ROUNDUP(N(AV54),0)-4),ROUNDUP(N(AU54),0))) | L54: =IF(OR(I54="",S54=""),"",IF(S54=2,MAX(0,M54-ROUNDUP(N(AU54),0)-4),ROUNDUP(N(AV54),0))) | M54: =IFERROR(IF(VLOOKUP(AH54,Потребители_обозначение,4,FALSE)=1,VLOOKUP(AH54,Потребители_обозначение,3,FALSE)*(G54*2-1)+I54+VLOOKUP(AI54,Этаж_обозначение,3,FALSE)+VLOOKUP(AI54,Этаж_обозначение,4,FALSE),VLOOKUP(AH54,Потребители_обозначение,3,FALSE)*(G54*2-1)+I54),I54) -> 18 | P54: =IF(VLOOKUP(AH54,Потребители_обозначение,5,FALSE)=2,_xlfn.IFS(H54=3,VLOOKUP(E54,Справочная_двигатели,8,FALSE),H54=1,VLOOKUP(E54,Справочная_двигатели,10,TRUE)),0.95) -> 0.95 | S54: 2 | T54: =_xlfn.IFS(H54=1,E54*1000/220,H54=3,E54/0.38/1.732) -> 16.727273 | U54: =IF(R54=0,VLOOKUP(T54,Автомат_номиналы,2,TRUE),R54) -> 20 | V54: =IF(Q54=0,VLOOKUP(U54,Кабель_номиналы,2,TRUE),Q54) -> 4 | W54: =VLOOKUP(V54,Кабель_сопротивление,3,FALSE) -> 0.0175 | X54: =VLOOKUP(V54,Кабель_сопротивление,2,FALSE) -> 0.095 | Y54: {=_xlfn.IFS(H54=1,2,H54=3,1)} -> 2 | Z54: =ROUND(SIN(ACOS(P54)),2) -> 0.31 | AA54: =Y54*(W54*I54/V54+X54*I54*Z54/1000)*T54 -> 2.357582 | AB54: =ROUNDUP(AA54/220*100,2) -> 1.08 | AC54: =_xlfn.IFS(H54=3,380,H54=1,220) -> 220 | AD54: =VLOOKUP(N54,Кабель_обозначение,2,FALSE) -> ВВГнг(А)-LS | AE54: =IF(VLOOKUP(N54,Кабель_обозначение,3,FALSE)=1,AD54&" ("&O54&"х"&V54&")",AD54) -> ВВГнг(А)-LS (3х4) | AF54: =IFERROR(IF(AB54>4.5,1,2),0) -> 2 | AG54: =IFERROR(LEFT(AQ54,SEARCH(".",AQ54)-1),AQ54) -> 14 | AH54: =IFERROR(LEFT(A54,SEARCH(".",A54)-1),A54) -> R | AI54: =IFERROR(LEFT(AP54,SEARCH(".",AP54)-1),AP54) -> 1 | AJ54: =IF(C54=0,B54,C54) -> Розеточная группа Пом. №14 Варочная панель 2 | AK54: =ROUNDUP(T54,2) -> 16.73 | AL54: =E54 -> 3.68 | AM54: =D54 -> R.1.14.14 | AO54: =IF(V54=0,AD54,AE54&" L="&M54&"-"&AB54&"%") -> ВВГнг(А)-LS (3х4) L=18-1,08% | AP54: =RIGHT(A54,LEN(A54)-SEARCH(".",A54)) -> 1.14.14 | AQ54: =IFERROR(RIGHT(AP54,LEN(AP54)-SEARCH(".",AP54)),"") -> 14.14 | AR54: =IFERROR(IF(VLOOKUP(AH54,Потребители_обозначение,5,FALSE)=2,_xlfn.IFS(H54=3,VLOOKUP(E54,Справочная_двигатели,3,FALSE),H54=1,VLOOKUP(E54,Справочная_двигатели,5,TRUE)),0),0) -> 0 | AS54: =IFERROR(IF(VLOOKUP(AH54,Потребители_обозначение,5,FALSE)=3,VLOOKUP(E54,Справочная_ЛЭД,2,TRUE),0),0) -> 0 | AT54: =IF(AR54=0,AS54,AR54) -> 0 | AV54: 10.01 | AW54: 83249E
A55: =D55 -> R.1.14.8 | B55: =IFERROR(IF(VLOOKUP(AH55,Потребители_обозначение,4,FALSE)=1,VLOOKUP(AH55,Потребители_обозначение,2,FALSE)&" "&VLOOKUP(AI55,Этаж_обозначение,2,FALSE)&" Пом. №"&AG55,VLOOKUP(AH55,Потребители_обозначение,2,FALSE)&" Шлейф №"&AI55),VLOOKUP(D55,Потребители_обозначение,2,FALSE)) -> Розеточная группа Пом. №14 | D55: L.1.06.1 | G55: 1 | I55: =IF(COUNT(AU55:AV55)=0,"",ROUNDUP(SUM(AU55:AV55),0)) | K55: =IF(OR(I55="",S55=""),"",IF(S55=1,MAX(0,M55-ROUNDUP(N(AV55),0)-4),ROUNDUP(N(AU55),0))) | L55: =IF(OR(I55="",S55=""),"",IF(S55=2,MAX(0,M55-ROUNDUP(N(AU55),0)-4),ROUNDUP(N(AV55),0))) | M55: =IFERROR(IF(VLOOKUP(AH55,Потребители_обозначение,4,FALSE)=1,VLOOKUP(AH55,Потребители_обозначение,3,FALSE)*(G55*2-1)+I55+VLOOKUP(AI55,Этаж_обозначение,3,FALSE)+VLOOKUP(AI55,Этаж_обозначение,4,FALSE),VLOOKUP(AH55,Потребители_обозначение,3,FALSE)*(G55*2-1)+I55),I55) -> 16 | P55: =IF(VLOOKUP(AH55,Потребители_обозначение,5,FALSE)=2,_xlfn.IFS(H55=3,VLOOKUP(E55,Справочная_двигатели,8,FALSE),H55=1,VLOOKUP(E55,Справочная_двигатели,10,TRUE)),0.95) -> 0.95 | S55: 2 | T55: =_xlfn.IFS(H55=1,E55*1000/220,H55=3,E55/0.38/1.732) -> 6.8181818 | U55: =IF(R55=0,VLOOKUP(T55,Автомат_номиналы,2,TRUE),R55) -> 16 | V55: =IF(Q55=0,VLOOKUP(U55,Кабель_номиналы,2,TRUE),Q55) -> 2.5 | W55: =VLOOKUP(V55,Кабель_сопротивление,3,FALSE) -> 0.0175 | X55: =VLOOKUP(V55,Кабель_сопротивление,2,FALSE) -> 0.1 | Y55: {=_xlfn.IFS(H55=1,2,H55=3,1)} -> 2 | Z55: =ROUND(SIN(ACOS(P55)),2) -> 0.31 | AA55: =Y55*(W55*I55/V55+X55*I55*Z55/1000)*T55 -> 1.3422818 | AB55: =ROUNDUP(AA55/220*100,2) -> 0.62 | AC55: =_xlfn.IFS(H55=3,380,H55=1,220) -> 220 | AD55: =VLOOKUP(N55,Кабель_обозначение,2,FALSE) -> ВВГнг(А)-LS | AE55: =IF(VLOOKUP(N55,Кабель_обозначение,3,FALSE)=1,AD55&" ("&O55&"х"&V55&")",AD55) -> ВВГнг(А)-LS (3х2,5) | AF55: =IFERROR(IF(AB55>4.5,1,2),0) -> 2 | AG55: =IFERROR(LEFT(AQ55,SEARCH(".",AQ55)-1),AQ55) -> 14 | AH55: =IFERROR(LEFT(A55,SEARCH(".",A55)-1),A55) -> R | AI55: =IFERROR(LEFT(AP55,SEARCH(".",AP55)-1),AP55) -> 1 | AJ55: =IF(C55=0,B55,C55) -> Розеточная группа Пом. №14 Кофемашина | AK55: =ROUNDUP(T55,2) -> 6.82 | AL55: =E55 -> 1.5 | AM55: =D55 -> R.1.14.8 | AO55: =IF(V55=0,AD55,AE55&" L="&M55&"-"&AB55&"%") -> ВВГнг(А)-LS (3х2,5) L=16-0,62% | AP55: =RIGHT(A55,LEN(A55)-SEARCH(".",A55)) -> 1.14.8 | AQ55: =IFERROR(RIGHT(AP55,LEN(AP55)-SEARCH(".",AP55)),"") -> 14.8 | AR55: =IFERROR(IF(VLOOKUP(AH55,Потребители_обозначение,5,FALSE)=2,_xlfn.IFS(H55=3,VLOOKUP(E55,Справочная_двигатели,3,FALSE),H55=1,VLOOKUP(E55,Справочная_двигатели,5,TRUE)),0),0) -> 0 | AS55: =IFERROR(IF(VLOOKUP(AH55,Потребители_обозначение,5,FALSE)=3,VLOOKUP(E55,Справочная_ЛЭД,2,TRUE),0),0) -> 0 | AT55: =IF(AR55=0,AS55,AR55) -> 0 | AU55: 11.32 | AV55: 19.21 | AW55: 831C1B, 8324F1
A56: =D56 -> R.1.14.9 | B56: =IFERROR(IF(VLOOKUP(AH56,Потребители_обозначение,4,FALSE)=1,VLOOKUP(AH56,Потребители_обозначение,2,FALSE)&" "&VLOOKUP(AI56,Этаж_обозначение,2,FALSE)&" Пом. №"&AG56,VLOOKUP(AH56,Потребители_обозначение,2,FALSE)&" Шлейф №"&AI56),VLOOKUP(D56,Потребители_обозначение,2,FALSE)) -> Розеточная группа Пом. №14 | D56: L.1.08.1 | G56: 1 | I56: =IF(COUNT(AU56:AV56)=0,"",ROUNDUP(SUM(AU56:AV56),0)) | K56: =IF(OR(I56="",S56=""),"",IF(S56=1,MAX(0,M56-ROUNDUP(N(AV56),0)-4),ROUNDUP(N(AU56),0))) | L56: =IF(OR(I56="",S56=""),"",IF(S56=2,MAX(0,M56-ROUNDUP(N(AU56),0)-4),ROUNDUP(N(AV56),0))) | M56: =IFERROR(IF(VLOOKUP(AH56,Потребители_обозначение,4,FALSE)=1,VLOOKUP(AH56,Потребители_обозначение,3,FALSE)*(G56*2-1)+I56+VLOOKUP(AI56,Этаж_обозначение,3,FALSE)+VLOOKUP(AI56,Этаж_обозначение,4,FALSE),VLOOKUP(AH56,Потребители_обозначение,3,FALSE)*(G56*2-1)+I56),I56) -> 18 | P56: =IF(VLOOKUP(AH56,Потребители_обозначение,5,FALSE)=2,_xlfn.IFS(H56=3,VLOOKUP(E56,Справочная_двигатели,8,FALSE),H56=1,VLOOKUP(E56,Справочная_двигатели,10,TRUE)),0.95) -> 0.95 | S56: 2 | T56: =_xlfn.IFS(H56=1,E56*1000/220,H56=3,E56/0.38/1.732) -> 16.727273 | U56: =IF(R56=0,VLOOKUP(T56,Автомат_номиналы,2,TRUE),R56) -> 20 | V56: =IF(Q56=0,VLOOKUP(U56,Кабель_номиналы,2,TRUE),Q56) -> 4 | W56: =VLOOKUP(V56,Кабель_сопротивление,3,FALSE) -> 0.0175 | X56: =VLOOKUP(V56,Кабель_сопротивление,2,FALSE) -> 0.095 | Y56: {=_xlfn.IFS(H56=1,2,H56=3,1)} -> 2 | Z56: =ROUND(SIN(ACOS(P56)),2) -> 0.31 | AA56: =Y56*(W56*I56/V56+X56*I56*Z56/1000)*T56 -> 2.357582 | AB56: =ROUNDUP(AA56/220*100,2) -> 1.08 | AC56: =_xlfn.IFS(H56=3,380,H56=1,220) -> 220 | AD56: =VLOOKUP(N56,Кабель_обозначение,2,FALSE) -> ВВГнг(А)-LS | AE56: =IF(VLOOKUP(N56,Кабель_обозначение,3,FALSE)=1,AD56&" ("&O56&"х"&V56&")",AD56) -> ВВГнг(А)-LS (3х4) | AF56: =IFERROR(IF(AB56>4.5,1,2),0) -> 2 | AG56: =IFERROR(LEFT(AQ56,SEARCH(".",AQ56)-1),AQ56) -> 14 | AH56: =IFERROR(LEFT(A56,SEARCH(".",A56)-1),A56) -> R | AI56: =IFERROR(LEFT(AP56,SEARCH(".",AP56)-1),AP56) -> 1 | AJ56: =IF(C56=0,B56,C56) -> Розеточная группа Пом. №14 Варочная панель 1 | AK56: =ROUNDUP(T56,2) -> 16.73 | AL56: =E56 -> 3.68 | AM56: =D56 -> R.1.14.9 | AO56: =IF(V56=0,AD56,AE56&" L="&M56&"-"&AB56&"%") -> ВВГнг(А)-LS (3х4) L=18-1,08% | AP56: =RIGHT(A56,LEN(A56)-SEARCH(".",A56)) -> 1.14.9 | AQ56: =IFERROR(RIGHT(AP56,LEN(AP56)-SEARCH(".",AP56)),"") -> 14.9 | AR56: =IFERROR(IF(VLOOKUP(AH56,Потребители_обозначение,5,FALSE)=2,_xlfn.IFS(H56=3,VLOOKUP(E56,Справочная_двигатели,3,FALSE),H56=1,VLOOKUP(E56,Справочная_двигатели,5,TRUE)),0),0) -> 0 | AS56: =IFERROR(IF(VLOOKUP(AH56,Потребители_обозначение,5,FALSE)=3,VLOOKUP(E56,Справочная_ЛЭД,2,TRUE),0),0) -> 0 | AT56: =IF(AR56=0,AS56,AR56) -> 0 | AU56: 7.13 | AV56: 10.99 | AW56: 831AF0, 83249C
A57: =D57 -> R.1.15.1 | B57: =IFERROR(IF(VLOOKUP(AH57,Потребители_обозначение,4,FALSE)=1,VLOOKUP(AH57,Потребители_обозначение,2,FALSE)&" "&VLOOKUP(AI57,Этаж_обозначение,2,FALSE)&" Пом. №"&AG57,VLOOKUP(AH57,Потребители_обозначение,2,FALSE)&" Шлейф №"&AI57),VLOOKUP(D57,Потребители_обозначение,2,FALSE)) -> Розеточная группа Пом. №15 | D57: L.1.10.1 | G57: 1 | I57: =IF(COUNT(AU57:AV57)=0,"",ROUNDUP(SUM(AU57:AV57),0)) | K57: =IF(OR(I57="",S57=""),"",IF(S57=1,MAX(0,M57-ROUNDUP(N(AV57),0)-4),ROUNDUP(N(AU57),0))) | L57: =IF(OR(I57="",S57=""),"",IF(S57=2,MAX(0,M57-ROUNDUP(N(AU57),0)-4),ROUNDUP(N(AV57),0))) | M57: =IFERROR(IF(VLOOKUP(AH57,Потребители_обозначение,4,FALSE)=1,VLOOKUP(AH57,Потребители_обозначение,3,FALSE)*(G57*2-1)+I57+VLOOKUP(AI57,Этаж_обозначение,3,FALSE)+VLOOKUP(AI57,Этаж_обозначение,4,FALSE),VLOOKUP(AH57,Потребители_обозначение,3,FALSE)*(G57*2-1)+I57),I57) -> 27 | P57: =IF(VLOOKUP(AH57,Потребители_обозначение,5,FALSE)=2,_xlfn.IFS(H57=3,VLOOKUP(E57,Справочная_двигатели,8,FALSE),H57=1,VLOOKUP(E57,Справочная_двигатели,10,TRUE)),0.95) -> 0.95 | S57: 2 | T57: =_xlfn.IFS(H57=1,E57*1000/220,H57=3,E57/0.38/1.732) -> 9.0909091 | U57: =IF(R57=0,VLOOKUP(T57,Автомат_номиналы,2,TRUE),R57) -> 16 | V57: =IF(Q57=0,VLOOKUP(U57,Кабель_номиналы,2,TRUE),Q57) -> 2.5 | W57: =VLOOKUP(V57,Кабель_сопротивление,3,FALSE) -> 0.0175 | X57: =VLOOKUP(V57,Кабель_сопротивление,2,FALSE) -> 0.1 | Y57: {=_xlfn.IFS(H57=1,2,H57=3,1)} -> 2 | Z57: =ROUND(SIN(ACOS(P57)),2) -> 0.31 | AA57: =Y57*(W57*I57/V57+X57*I57*Z57/1000)*T57 -> 3.1959091 | AB57: =ROUNDUP(AA57/220*100,2) -> 1.46 | AC57: =_xlfn.IFS(H57=3,380,H57=1,220) -> 220 | AD57: =VLOOKUP(N57,Кабель_обозначение,2,FALSE) -> ВВГнг(А)-LS | AE57: =IF(VLOOKUP(N57,Кабель_обозначение,3,FALSE)=1,AD57&" ("&O57&"х"&V57&")",AD57) -> ВВГнг(А)-LS (3х2,5) | AF57: =IFERROR(IF(AB57>4.5,1,2),0) -> 2 | AG57: =IFERROR(LEFT(AQ57,SEARCH(".",AQ57)-1),AQ57) -> 15 | AH57: =IFERROR(LEFT(A57,SEARCH(".",A57)-1),A57) -> R | AI57: =IFERROR(LEFT(AP57,SEARCH(".",AP57)-1),AP57) -> 1 | AJ57: =IF(C57=0,B57,C57) -> Розеточная группа Пом. №15 Стиральная машина | AK57: =ROUNDUP(T57,2) -> 9.1 | AL57: =E57 -> 2 | AM57: =D57 -> R.1.15.1 | AO57: =IF(V57=0,AD57,AE57&" L="&M57&"-"&AB57&"%") -> ВВГнг(А)-LS (3х2,5) L=27-1,46% | AP57: =RIGHT(A57,LEN(A57)-SEARCH(".",A57)) -> 1.15.1 | AQ57: =IFERROR(RIGHT(AP57,LEN(AP57)-SEARCH(".",AP57)),"") -> 15.1 | AR57: =IFERROR(IF(VLOOKUP(AH57,Потребители_обозначение,5,FALSE)=2,_xlfn.IFS(H57=3,VLOOKUP(E57,Справочная_двигатели,3,FALSE),H57=1,VLOOKUP(E57,Справочная_двигатели,5,TRUE)),0),0) -> 0 | AS57: =IFERROR(IF(VLOOKUP(AH57,Потребители_обозначение,5,FALSE)=3,VLOOKUP(E57,Справочная_ЛЭД,2,TRUE),0),0) -> 0 | AT57: =IF(AR57=0,AS57,AR57) -> 0 | AU57: 9.34 | AV57: 30.08 | AW57: 831BCC, 831BEE, 831C19
A58: =D58 -> R.1.15.2 | B58: =IFERROR(IF(VLOOKUP(AH58,Потребители_обозначение,4,FALSE)=1,VLOOKUP(AH58,Потребители_обозначение,2,FALSE)&" "&VLOOKUP(AI58,Этаж_обозначение,2,FALSE)&" Пом. №"&AG58,VLOOKUP(AH58,Потребители_обозначение,2,FALSE)&" Шлейф №"&AI58),VLOOKUP(D58,Потребители_обозначение,2,FALSE)) -> Розеточная группа Пом. №15 | D58: L.1.10.2 | G58: 1 | I58: =IF(COUNT(AU58:AV58)=0,"",ROUNDUP(SUM(AU58:AV58),0)) | K58: =IF(OR(I58="",S58=""),"",IF(S58=1,MAX(0,M58-ROUNDUP(N(AV58),0)-4),ROUNDUP(N(AU58),0))) | L58: =IF(OR(I58="",S58=""),"",IF(S58=2,MAX(0,M58-ROUNDUP(N(AU58),0)-4),ROUNDUP(N(AV58),0))) | M58: =IFERROR(IF(VLOOKUP(AH58,Потребители_обозначение,4,FALSE)=1,VLOOKUP(AH58,Потребители_обозначение,3,FALSE)*(G58*2-1)+I58+VLOOKUP(AI58,Этаж_обозначение,3,FALSE)+VLOOKUP(AI58,Этаж_обозначение,4,FALSE),VLOOKUP(AH58,Потребители_обозначение,3,FALSE)*(G58*2-1)+I58),I58) -> 27 | P58: =IF(VLOOKUP(AH58,Потребители_обозначение,5,FALSE)=2,_xlfn.IFS(H58=3,VLOOKUP(E58,Справочная_двигатели,8,FALSE),H58=1,VLOOKUP(E58,Справочная_двигатели,10,TRUE)),0.95) -> 0.95 | S58: 2 | T58: =_xlfn.IFS(H58=1,E58*1000/220,H58=3,E58/0.38/1.732) -> 11.363636 | U58: =IF(R58=0,VLOOKUP(T58,Автомат_номиналы,2,TRUE),R58) -> 16 | V58: =IF(Q58=0,VLOOKUP(U58,Кабель_номиналы,2,TRUE),Q58) -> 2.5 | W58: =VLOOKUP(V58,Кабель_сопротивление,3,FALSE) -> 0.0175 | X58: =VLOOKUP(V58,Кабель_сопротивление,2,FALSE) -> 0.1 | Y58: {=_xlfn.IFS(H58=1,2,H58=3,1)} -> 2 | Z58: =ROUND(SIN(ACOS(P58)),2) -> 0.31 | AA58: =Y58*(W58*I58/V58+X58*I58*Z58/1000)*T58 -> 3.9948864 | AB58: =ROUNDUP(AA58/220*100,2) -> 1.82 | AC58: =_xlfn.IFS(H58=3,380,H58=1,220) -> 220 | AD58: =VLOOKUP(N58,Кабель_обозначение,2,FALSE) -> ВВГнг(А)-LS | AE58: =IF(VLOOKUP(N58,Кабель_обозначение,3,FALSE)=1,AD58&" ("&O58&"х"&V58&")",AD58) -> ВВГнг(А)-LS (3х2,5) | AF58: =IFERROR(IF(AB58>4.5,1,2),0) -> 2 | AG58: =IFERROR(LEFT(AQ58,SEARCH(".",AQ58)-1),AQ58) -> 15 | AH58: =IFERROR(LEFT(A58,SEARCH(".",A58)-1),A58) -> R | AI58: =IFERROR(LEFT(AP58,SEARCH(".",AP58)-1),AP58) -> 1 | AJ58: =IF(C58=0,B58,C58) -> Розеточная группа Пом. №15 Сушильная машина | AK58: =ROUNDUP(T58,2) -> 11.37 | AL58: =E58 -> 2.5 | AM58: =D58 -> R.1.15.2 | AO58: =IF(V58=0,AD58,AE58&" L="&M58&"-"&AB58&"%") -> ВВГнг(А)-LS (3х2,5) L=27-1,82% | AP58: =RIGHT(A58,LEN(A58)-SEARCH(".",A58)) -> 1.15.2 | AQ58: =IFERROR(RIGHT(AP58,LEN(AP58)-SEARCH(".",AP58)),"") -> 15.2 | AR58: =IFERROR(IF(VLOOKUP(AH58,Потребители_обозначение,5,FALSE)=2,_xlfn.IFS(H58=3,VLOOKUP(E58,Справочная_двигатели,3,FALSE),H58=1,VLOOKUP(E58,Справочная_двигатели,5,TRUE)),0),0) -> 0 | AS58: =IFERROR(IF(VLOOKUP(AH58,Потребители_обозначение,5,FALSE)=3,VLOOKUP(E58,Справочная_ЛЭД,2,TRUE),0),0) -> 0 | AT58: =IF(AR58=0,AS58,AR58) -> 0 | AV58: 12.69 | AW58: 83249D
A59: =D59 -> R.1.15.3 | B59: =IFERROR(IF(VLOOKUP(AH59,Потребители_обозначение,4,FALSE)=1,VLOOKUP(AH59,Потребители_обозначение,2,FALSE)&" "&VLOOKUP(AI59,Этаж_обозначение,2,FALSE)&" Пом. №"&AG59,VLOOKUP(AH59,Потребители_обозначение,2,FALSE)&" Шлейф №"&AI59),VLOOKUP(D59,Потребители_обозначение,2,FALSE)) -> Розеточная группа Пом. №15 | D59: L.1.14.1 | G59: 1 | I59: =IF(COUNT(AU59:AV59)=0,"",ROUNDUP(SUM(AU59:AV59),0)) | K59: =IF(OR(I59="",S59=""),"",IF(S59=1,MAX(0,M59-ROUNDUP(N(AV59),0)-4),ROUNDUP(N(AU59),0))) | L59: =IF(OR(I59="",S59=""),"",IF(S59=2,MAX(0,M59-ROUNDUP(N(AU59),0)-4),ROUNDUP(N(AV59),0))) | M59: =IFERROR(IF(VLOOKUP(AH59,Потребители_обозначение,4,FALSE)=1,VLOOKUP(AH59,Потребители_обозначение,3,FALSE)*(G59*2-1)+I59+VLOOKUP(AI59,Этаж_обозначение,3,FALSE)+VLOOKUP(AI59,Этаж_обозначение,4,FALSE),VLOOKUP(AH59,Потребители_обозначение,3,FALSE)*(G59*2-1)+I59),I59) -> 44 | P59: =IF(VLOOKUP(AH59,Потребители_обозначение,5,FALSE)=2,_xlfn.IFS(H59=3,VLOOKUP(E59,Справочная_двигатели,8,FALSE),H59=1,VLOOKUP(E59,Справочная_двигатели,10,TRUE)),0.95) -> 0.95 | S59: 2 | T59: =_xlfn.IFS(H59=1,E59*1000/220,H59=3,E59/0.38/1.732) -> 1.0909091 | U59: =IF(R59=0,VLOOKUP(T59,Автомат_номиналы,2,TRUE),R59) -> 16 | V59: =IF(Q59=0,VLOOKUP(U59,Кабель_номиналы,2,TRUE),Q59) -> 2.5 | W59: =VLOOKUP(V59,Кабель_сопротивление,3,FALSE) -> 0.0175 | X59: =VLOOKUP(V59,Кабель_сопротивление,2,FALSE) -> 0.1 | Y59: {=_xlfn.IFS(H59=1,2,H59=3,1)} -> 2 | Z59: =ROUND(SIN(ACOS(P59)),2) -> 0.31 | AA59: =Y59*(W59*I59/V59+X59*I59*Z59/1000)*T59 -> 0.46021091 | AB59: =ROUNDUP(AA59/220*100,2) -> 0.21 | AC59: =_xlfn.IFS(H59=3,380,H59=1,220) -> 220 | AD59: =VLOOKUP(N59,Кабель_обозначение,2,FALSE) -> ВВГнг(А)-LS | AE59: =IF(VLOOKUP(N59,Кабель_обозначение,3,FALSE)=1,AD59&" ("&O59&"х"&V59&")",AD59) -> ВВГнг(А)-LS (3х2,5) | AF59: =IFERROR(IF(AB59>4.5,1,2),0) -> 2 | AG59: =IFERROR(LEFT(AQ59,SEARCH(".",AQ59)-1),AQ59) -> 15 | AH59: =IFERROR(LEFT(A59,SEARCH(".",A59)-1),A59) -> R | AI59: =IFERROR(LEFT(AP59,SEARCH(".",AP59)-1),AP59) -> 1 | AJ59: =IF(C59=0,B59,C59) -> Розеточная группа Пом. №15 | AK59: =ROUNDUP(T59,2) -> 1.1 | AL59: =E59 -> 0.24 | AM59: =D59 -> R.1.15.3 | AO59: =IF(V59=0,AD59,AE59&" L="&M59&"-"&AB59&"%") -> ВВГнг(А)-LS (3х2,5) L=44-0,21% | AP59: =RIGHT(A59,LEN(A59)-SEARCH(".",A59)) -> 1.15.3 | AQ59: =IFERROR(RIGHT(AP59,LEN(AP59)-SEARCH(".",AP59)),"") -> 15.3 | AR59: =IFERROR(IF(VLOOKUP(AH59,Потребители_обозначение,5,FALSE)=2,_xlfn.IFS(H59=3,VLOOKUP(E59,Справочная_двигатели,3,FALSE),H59=1,VLOOKUP(E59,Справочная_двигатели,5,TRUE)),0),0) -> 0 | AS59: =IFERROR(IF(VLOOKUP(AH59,Потребители_обозначение,5,FALSE)=3,VLOOKUP(E59,Справочная_ЛЭД,2,TRUE),0),0) -> 0 | AT59: =IF(AR59=0,AS59,AR59) -> 0 | AV59: 16.94 | AW59: 831C18
A60: =D60 -> R.1.16.1 | B60: =IFERROR(IF(VLOOKUP(AH60,Потребители_обозначение,4,FALSE)=1,VLOOKUP(AH60,Потребители_обозначение,2,FALSE)&" "&VLOOKUP(AI60,Этаж_обозначение,2,FALSE)&" Пом. №"&AG60,VLOOKUP(AH60,Потребители_обозначение,2,FALSE)&" Шлейф №"&AI60),VLOOKUP(D60,Потребители_обозначение,2,FALSE)) -> Розеточная группа Пом. №16 | D60: L.1.14.2 | G60: 1 | I60: =IF(COUNT(AU60:AV60)=0,"",ROUNDUP(SUM(AU60:AV60),0)) | K60: =IF(OR(I60="",S60=""),"",IF(S60=1,MAX(0,M60-ROUNDUP(N(AV60),0)-4),ROUNDUP(N(AU60),0))) | L60: =IF(OR(I60="",S60=""),"",IF(S60=2,MAX(0,M60-ROUNDUP(N(AU60),0)-4),ROUNDUP(N(AV60),0))) | M60: =IFERROR(IF(VLOOKUP(AH60,Потребители_обозначение,4,FALSE)=1,VLOOKUP(AH60,Потребители_обозначение,3,FALSE)*(G60*2-1)+I60+VLOOKUP(AI60,Этаж_обозначение,3,FALSE)+VLOOKUP(AI60,Этаж_обозначение,4,FALSE),VLOOKUP(AH60,Потребители_обозначение,3,FALSE)*(G60*2-1)+I60),I60) -> 27 | P60: =IF(VLOOKUP(AH60,Потребители_обозначение,5,FALSE)=2,_xlfn.IFS(H60=3,VLOOKUP(E60,Справочная_двигатели,8,FALSE),H60=1,VLOOKUP(E60,Справочная_двигатели,10,TRUE)),0.95) -> 0.95 | S60: 2 | T60: =_xlfn.IFS(H60=1,E60*1000/220,H60=3,E60/0.38/1.732) -> 0.27272727 | U60: =IF(R60=0,VLOOKUP(T60,Автомат_номиналы,2,TRUE),R60) -> 16 | V60: =IF(Q60=0,VLOOKUP(U60,Кабель_номиналы,2,TRUE),Q60) -> 2.5 | W60: =VLOOKUP(V60,Кабель_сопротивление,3,FALSE) -> 0.0175 | X60: =VLOOKUP(V60,Кабель_сопротивление,2,FALSE) -> 0.1 | Y60: {=_xlfn.IFS(H60=1,2,H60=3,1)} -> 2 | Z60: =ROUND(SIN(ACOS(P60)),2) -> 0.31 | AA60: =Y60*(W60*I60/V60+X60*I60*Z60/1000)*T60 -> 0.095877273 | AB60: =ROUNDUP(AA60/220*100,2) -> 0.05 | AC60: =_xlfn.IFS(H60=3,380,H60=1,220) -> 220 | AD60: =VLOOKUP(N60,Кабель_обозначение,2,FALSE) -> ВВГнг(А)-LS | AE60: =IF(VLOOKUP(N60,Кабель_обозначение,3,FALSE)=1,AD60&" ("&O60&"х"&V60&")",AD60) -> ВВГнг(А)-LS (3х2,5) | AF60: =IFERROR(IF(AB60>4.5,1,2),0) -> 2 | AG60: =IFERROR(LEFT(AQ60,SEARCH(".",AQ60)-1),AQ60) -> 16 | AH60: =IFERROR(LEFT(A60,SEARCH(".",A60)-1),A60) -> R | AI60: =IFERROR(LEFT(AP60,SEARCH(".",AP60)-1),AP60) -> 1 | AJ60: =IF(C60=0,B60,C60) -> Розеточная группа Пом. №16 | AK60: =ROUNDUP(T60,2) -> 0.28 | AL60: =E60 -> 0.06 | AM60: =D60 -> R.1.16.1 | AO60: =IF(V60=0,AD60,AE60&" L="&M60&"-"&AB60&"%") -> ВВГнг(А)-LS (3х2,5) L=27-0,05% | AP60: =RIGHT(A60,LEN(A60)-SEARCH(".",A60)) -> 1.16.1 | AQ60: =IFERROR(RIGHT(AP60,LEN(AP60)-SEARCH(".",AP60)),"") -> 16.1 | AR60: =IFERROR(IF(VLOOKUP(AH60,Потребители_обозначение,5,FALSE)=2,_xlfn.IFS(H60=3,VLOOKUP(E60,Справочная_двигатели,3,FALSE),H60=1,VLOOKUP(E60,Справочная_двигатели,5,TRUE)),0),0) -> 0 | AS60: =IFERROR(IF(VLOOKUP(AH60,Потребители_обозначение,5,FALSE)=3,VLOOKUP(E60,Справочная_ЛЭД,2,TRUE),0),0) -> 0 | AT60: =IF(AR60=0,AS60,AR60) -> 0 | AV60: 21.61 | AW60: 831C17
A61: =D61 -> R.1.17.1 | B61: =IFERROR(IF(VLOOKUP(AH61,Потребители_обозначение,4,FALSE)=1,VLOOKUP(AH61,Потребители_обозначение,2,FALSE)&" "&VLOOKUP(AI61,Этаж_обозначение,2,FALSE)&" Пом. №"&AG61,VLOOKUP(AH61,Потребители_обозначение,2,FALSE)&" Шлейф №"&AI61),VLOOKUP(D61,Потребители_обозначение,2,FALSE)) -> Розеточная группа Пом. №17 | D61: L.2.01.1 | G61: 1 | I61: =IF(COUNT(AU61:AV61)=0,"",ROUNDUP(SUM(AU61:AV61),0)) | K61: =IF(OR(I61="",S61=""),"",IF(S61=1,MAX(0,M61-ROUNDUP(N(AV61),0)-4),ROUNDUP(N(AU61),0))) | L61: =IF(OR(I61="",S61=""),"",IF(S61=2,MAX(0,M61-ROUNDUP(N(AU61),0)-4),ROUNDUP(N(AV61),0))) | M61: =IFERROR(IF(VLOOKUP(AH61,Потребители_обозначение,4,FALSE)=1,VLOOKUP(AH61,Потребители_обозначение,3,FALSE)*(G61*2-1)+I61+VLOOKUP(AI61,Этаж_обозначение,3,FALSE)+VLOOKUP(AI61,Этаж_обозначение,4,FALSE),VLOOKUP(AH61,Потребители_обозначение,3,FALSE)*(G61*2-1)+I61),I61) -> 30 | P61: =IF(VLOOKUP(AH61,Потребители_обозначение,5,FALSE)=2,_xlfn.IFS(H61=3,VLOOKUP(E61,Справочная_двигатели,8,FALSE),H61=1,VLOOKUP(E61,Справочная_двигатели,10,TRUE)),0.95) -> 0.95 | S61: 1 | T61: =_xlfn.IFS(H61=1,E61*1000/220,H61=3,E61/0.38/1.732) -> 0.27272727 | U61: =IF(R61=0,VLOOKUP(T61,Автомат_номиналы,2,TRUE),R61) -> 16 | V61: =IF(Q61=0,VLOOKUP(U61,Кабель_номиналы,2,TRUE),Q61) -> 2.5 | W61: =VLOOKUP(V61,Кабель_сопротивление,3,FALSE) -> 0.0175 | X61: =VLOOKUP(V61,Кабель_сопротивление,2,FALSE) -> 0.1 | Y61: {=_xlfn.IFS(H61=1,2,H61=3,1)} -> 2 | Z61: =ROUND(SIN(ACOS(P61)),2) -> 0.31 | AA61: =Y61*(W61*I61/V61+X61*I61*Z61/1000)*T61 -> 0.10738255 | AB61: =ROUNDUP(AA61/220*100,2) -> 0.05 | AC61: =_xlfn.IFS(H61=3,380,H61=1,220) -> 220 | AD61: =VLOOKUP(N61,Кабель_обозначение,2,FALSE) -> ВВГнг(А)-LS | AE61: =IF(VLOOKUP(N61,Кабель_обозначение,3,FALSE)=1,AD61&" ("&O61&"х"&V61&")",AD61) -> ВВГнг(А)-LS (3х2,5) | AF61: =IFERROR(IF(AB61>4.5,1,2),0) -> 2 | AG61: =IFERROR(LEFT(AQ61,SEARCH(".",AQ61)-1),AQ61) -> 17 | AH61: =IFERROR(LEFT(A61,SEARCH(".",A61)-1),A61) -> R | AI61: =IFERROR(LEFT(AP61,SEARCH(".",AP61)-1),AP61) -> 1 | AJ61: =IF(C61=0,B61,C61) -> Розеточная группа Пом. №17 | AK61: =ROUNDUP(T61,2) -> 0.28 | AL61: =E61 -> 0.06 | AM61: =D61 -> R.1.17.1 | AO61: =IF(V61=0,AD61,AE61&" L="&M61&"-"&AB61&"%") -> ВВГнг(А)-LS (3х2,5) L=30-0,05% | AP61: =RIGHT(A61,LEN(A61)-SEARCH(".",A61)) -> 1.17.1 | AQ61: =IFERROR(RIGHT(AP61,LEN(AP61)-SEARCH(".",AP61)),"") -> 17.1 | AR61: =IFERROR(IF(VLOOKUP(AH61,Потребители_обозначение,5,FALSE)=2,_xlfn.IFS(H61=3,VLOOKUP(E61,Справочная_двигатели,3,FALSE),H61=1,VLOOKUP(E61,Справочная_двигатели,5,TRUE)),0),0) -> 0 | AS61: =IFERROR(IF(VLOOKUP(AH61,Потребители_обозначение,5,FALSE)=3,VLOOKUP(E61,Справочная_ЛЭД,2,TRUE),0),0) -> 0 | AT61: =IF(AR61=0,AS61,AR61) -> 0 | AU61: 46.84 | AW61: 831410, 83184E, 831930
A62: =D62 -> R.1.17.2 | B62: =IFERROR(IF(VLOOKUP(AH62,Потребители_обозначение,4,FALSE)=1,VLOOKUP(AH62,Потребители_обозначение,2,FALSE)&" "&VLOOKUP(AI62,Этаж_обозначение,2,FALSE)&" Пом. №"&AG62,VLOOKUP(AH62,Потребители_обозначение,2,FALSE)&" Шлейф №"&AI62),VLOOKUP(D62,Потребители_обозначение,2,FALSE)) -> Розеточная группа Пом. №17 | D62: L.2.05.1 | G62: 1 | I62: =IF(COUNT(AU62:AV62)=0,"",ROUNDUP(SUM(AU62:AV62),0)) | K62: =IF(OR(I62="",S62=""),"",IF(S62=1,MAX(0,M62-ROUNDUP(N(AV62),0)-4),ROUNDUP(N(AU62),0))) | L62: =IF(OR(I62="",S62=""),"",IF(S62=2,MAX(0,M62-ROUNDUP(N(AU62),0)-4),ROUNDUP(N(AV62),0))) | M62: =IFERROR(IF(VLOOKUP(AH62,Потребители_обозначение,4,FALSE)=1,VLOOKUP(AH62,Потребители_обозначение,3,FALSE)*(G62*2-1)+I62+VLOOKUP(AI62,Этаж_обозначение,3,FALSE)+VLOOKUP(AI62,Этаж_обозначение,4,FALSE),VLOOKUP(AH62,Потребители_обозначение,3,FALSE)*(G62*2-1)+I62),I62) -> 32 | P62: =IF(VLOOKUP(AH62,Потребители_обозначение,5,FALSE)=2,_xlfn.IFS(H62=3,VLOOKUP(E62,Справочная_двигатели,8,FALSE),H62=1,VLOOKUP(E62,Справочная_двигатели,10,TRUE)),0.95) -> 0.95 | S62: 1 | T62: =_xlfn.IFS(H62=1,E62*1000/220,H62=3,E62/0.38/1.732) -> 0.45454545 | U62: =IF(R62=0,VLOOKUP(T62,Автомат_номиналы,2,TRUE),R62) -> 16 | V62: =IF(Q62=0,VLOOKUP(U62,Кабель_номиналы,2,TRUE),Q62) -> 2.5 | W62: =VLOOKUP(V62,Кабель_сопротивление,3,FALSE) -> 0.0175 | X62: =VLOOKUP(V62,Кабель_сопротивление,2,FALSE) -> 0.1 | Y62: {=_xlfn.IFS(H62=1,2,H62=3,1)} -> 2 | Z62: =ROUND(SIN(ACOS(P62)),2) -> 0.31 | AA62: =Y62*(W62*I62/V62+X62*I62*Z62/1000)*T62 -> 0.19175455 | AB62: =ROUNDUP(AA62/220*100,2) -> 0.09 | AC62: =_xlfn.IFS(H62=3,380,H62=1,220) -> 220 | AD62: =VLOOKUP(N62,Кабель_обозначение,2,FALSE) -> ВВГнг(А)-LS | AE62: =IF(VLOOKUP(N62,Кабель_обозначение,3,FALSE)=1,AD62&" ("&O62&"х"&V62&")",AD62) -> ВВГнг(А)-LS (3х2,5) | AF62: =IFERROR(IF(AB62>4.5,1,2),0) -> 2 | AG62: =IFERROR(LEFT(AQ62,SEARCH(".",AQ62)-1),AQ62) -> 17 | AH62: =IFERROR(LEFT(A62,SEARCH(".",A62)-1),A62) -> R | AI62: =IFERROR(LEFT(AP62,SEARCH(".",AP62)-1),AP62) -> 1 | AJ62: =IF(C62=0,B62,C62) -> Розеточная группа Пом. №17 Полотенцесушитель | AK62: =ROUNDUP(T62,2) -> 0.46 | AL62: =E62 -> 0.1 | AM62: =D62 -> R.1.17.2 | AO62: =IF(V62=0,AD62,AE62&" L="&M62&"-"&AB62&"%") -> ВВГнг(А)-LS (3х2,5) L=32-0,09% | AP62: =RIGHT(A62,LEN(A62)-SEARCH(".",A62)) -> 1.17.2 | AQ62: =IFERROR(RIGHT(AP62,LEN(AP62)-SEARCH(".",AP62)),"") -> 17.2 | AR62: =IFERROR(IF(VLOOKUP(AH62,Потребители_обозначение,5,FALSE)=2,_xlfn.IFS(H62=3,VLOOKUP(E62,Справочная_двигатели,3,FALSE),H62=1,VLOOKUP(E62,Справочная_двигатели,5,TRUE)),0),0) -> 0 | AS62: =IFERROR(IF(VLOOKUP(AH62,Потребители_обозначение,5,FALSE)=3,VLOOKUP(E62,Справочная_ЛЭД,2,TRUE),0),0) -> 0 | AT62: =IF(AR62=0,AS62,AR62) -> 0 | AU62: 39.79 | AW62: 8318DA
A63: =D63 -> R.1.18.1 | B63: =IFERROR(IF(VLOOKUP(AH63,Потребители_обозначение,4,FALSE)=1,VLOOKUP(AH63,Потребители_обозначение,2,FALSE)&" "&VLOOKUP(AI63,Этаж_обозначение,2,FALSE)&" Пом. №"&AG63,VLOOKUP(AH63,Потребители_обозначение,2,FALSE)&" Шлейф №"&AI63),VLOOKUP(D63,Потребители_обозначение,2,FALSE)) -> Розеточная группа Пом. №18 | D63: L.2.05.2 | G63: 1 | I63: =IF(COUNT(AU63:AV63)=0,"",ROUNDUP(SUM(AU63:AV63),0)) | K63: =IF(OR(I63="",S63=""),"",IF(S63=1,MAX(0,M63-ROUNDUP(N(AV63),0)-4),ROUNDUP(N(AU63),0))) | L63: =IF(OR(I63="",S63=""),"",IF(S63=2,MAX(0,M63-ROUNDUP(N(AU63),0)-4),ROUNDUP(N(AV63),0))) | M63: =IFERROR(IF(VLOOKUP(AH63,Потребители_обозначение,4,FALSE)=1,VLOOKUP(AH63,Потребители_обозначение,3,FALSE)*(G63*2-1)+I63+VLOOKUP(AI63,Этаж_обозначение,3,FALSE)+VLOOKUP(AI63,Этаж_обозначение,4,FALSE),VLOOKUP(AH63,Потребители_обозначение,3,FALSE)*(G63*2-1)+I63),I63) -> 26 | P63: =IF(VLOOKUP(AH63,Потребители_обозначение,5,FALSE)=2,_xlfn.IFS(H63=3,VLOOKUP(E63,Справочная_двигатели,8,FALSE),H63=1,VLOOKUP(E63,Справочная_двигатели,10,TRUE)),0.95) -> 0.95 | S63: 1 | T63: =_xlfn.IFS(H63=1,E63*1000/220,H63=3,E63/0.38/1.732) -> 0.27272727 | U63: =IF(R63=0,VLOOKUP(T63,Автомат_номиналы,2,TRUE),R63) -> 16 | V63: =IF(Q63=0,VLOOKUP(U63,Кабель_номиналы,2,TRUE),Q63) -> 2.5 | W63: =VLOOKUP(V63,Кабель_сопротивление,3,FALSE) -> 0.0175 | X63: =VLOOKUP(V63,Кабель_сопротивление,2,FALSE) -> 0.1 | Y63: {=_xlfn.IFS(H63=1,2,H63=3,1)} -> 2 | Z63: =ROUND(SIN(ACOS(P63)),2) -> 0.31 | AA63: =Y63*(W63*I63/V63+X63*I63*Z63/1000)*T63 -> 0.092042182 | AB63: =ROUNDUP(AA63/220*100,2) -> 0.05 | AC63: =_xlfn.IFS(H63=3,380,H63=1,220) -> 220 | AD63: =VLOOKUP(N63,Кабель_обозначение,2,FALSE) -> ВВГнг(А)-LS | AE63: =IF(VLOOKUP(N63,Кабель_обозначение,3,FALSE)=1,AD63&" ("&O63&"х"&V63&")",AD63) -> ВВГнг(А)-LS (3х2,5) | AF63: =IFERROR(IF(AB63>4.5,1,2),0) -> 2 | AG63: =IFERROR(LEFT(AQ63,SEARCH(".",AQ63)-1),AQ63) -> 18 | AH63: =IFERROR(LEFT(A63,SEARCH(".",A63)-1),A63) -> R | AI63: =IFERROR(LEFT(AP63,SEARCH(".",AP63)-1),AP63) -> 1 | AJ63: =IF(C63=0,B63,C63) -> Розеточная группа Пом. №18 | AK63: =ROUNDUP(T63,2) -> 0.28 | AL63: =E63 -> 0.06 | AM63: =D63 -> R.1.18.1 | AO63: =IF(V63=0,AD63,AE63&" L="&M63&"-"&AB63&"%") -> ВВГнг(А)-LS (3х2,5) L=26-0,05% | AP63: =RIGHT(A63,LEN(A63)-SEARCH(".",A63)) -> 1.18.1 | AQ63: =IFERROR(RIGHT(AP63,LEN(AP63)-SEARCH(".",AP63)),"") -> 18.1 | AR63: =IFERROR(IF(VLOOKUP(AH63,Потребители_обозначение,5,FALSE)=2,_xlfn.IFS(H63=3,VLOOKUP(E63,Справочная_двигатели,3,FALSE),H63=1,VLOOKUP(E63,Справочная_двигатели,5,TRUE)),0),0) -> 0 | AS63: =IFERROR(IF(VLOOKUP(AH63,Потребители_обозначение,5,FALSE)=3,VLOOKUP(E63,Справочная_ЛЭД,2,TRUE),0),0) -> 0 | AT63: =IF(AR63=0,AS63,AR63) -> 0 | AU63: 15.45 | AW63: 8319BD
A64: =D64 -> R.1.18.2 | B64: =IFERROR(IF(VLOOKUP(AH64,Потребители_обозначение,4,FALSE)=1,VLOOKUP(AH64,Потребители_обозначение,2,FALSE)&" "&VLOOKUP(AI64,Этаж_обозначение,2,FALSE)&" Пом. №"&AG64,VLOOKUP(AH64,Потребители_обозначение,2,FALSE)&" Шлейф №"&AI64),VLOOKUP(D64,Потребители_обозначение,2,FALSE)) -> Розеточная группа Пом. №18 | D64: L.2.08.1 | G64: 1 | I64: =IF(COUNT(AU64:AV64)=0,"",ROUNDUP(SUM(AU64:AV64),0)) | K64: =IF(OR(I64="",S64=""),"",IF(S64=1,MAX(0,M64-ROUNDUP(N(AV64),0)-4),ROUNDUP(N(AU64),0))) | L64: =IF(OR(I64="",S64=""),"",IF(S64=2,MAX(0,M64-ROUNDUP(N(AU64),0)-4),ROUNDUP(N(AV64),0))) | M64: =IFERROR(IF(VLOOKUP(AH64,Потребители_обозначение,4,FALSE)=1,VLOOKUP(AH64,Потребители_обозначение,3,FALSE)*(G64*2-1)+I64+VLOOKUP(AI64,Этаж_обозначение,3,FALSE)+VLOOKUP(AI64,Этаж_обозначение,4,FALSE),VLOOKUP(AH64,Потребители_обозначение,3,FALSE)*(G64*2-1)+I64),I64) -> 28 | P64: =IF(VLOOKUP(AH64,Потребители_обозначение,5,FALSE)=2,_xlfn.IFS(H64=3,VLOOKUP(E64,Справочная_двигатели,8,FALSE),H64=1,VLOOKUP(E64,Справочная_двигатели,10,TRUE)),0.95) -> 0.95 | S64: 1 | T64: =_xlfn.IFS(H64=1,E64*1000/220,H64=3,E64/0.38/1.732) -> 0.45454545 | U64: =IF(R64=0,VLOOKUP(T64,Автомат_номиналы,2,TRUE),R64) -> 16 | V64: =IF(Q64=0,VLOOKUP(U64,Кабель_номиналы,2,TRUE),Q64) -> 2.5 | W64: =VLOOKUP(V64,Кабель_сопротивление,3,FALSE) -> 0.0175 | X64: =VLOOKUP(V64,Кабель_сопротивление,2,FALSE) -> 0.1 | Y64: {=_xlfn.IFS(H64=1,2,H64=3,1)} -> 2 | Z64: =ROUND(SIN(ACOS(P64)),2) -> 0.31 | AA64: =Y64*(W64*I64/V64+X64*I64*Z64/1000)*T64 -> 0.16618727 | AB64: =ROUNDUP(AA64/220*100,2) -> 0.08 | AC64: =_xlfn.IFS(H64=3,380,H64=1,220) -> 220 | AD64: =VLOOKUP(N64,Кабель_обозначение,2,FALSE) -> ВВГнг(А)-LS | AE64: =IF(VLOOKUP(N64,Кабель_обозначение,3,FALSE)=1,AD64&" ("&O64&"х"&V64&")",AD64) -> ВВГнг(А)-LS (3х2,5) | AF64: =IFERROR(IF(AB64>4.5,1,2),0) -> 2 | AG64: =IFERROR(LEFT(AQ64,SEARCH(".",AQ64)-1),AQ64) -> 18 | AH64: =IFERROR(LEFT(A64,SEARCH(".",A64)-1),A64) -> R | AI64: =IFERROR(LEFT(AP64,SEARCH(".",AP64)-1),AP64) -> 1 | AJ64: =IF(C64=0,B64,C64) -> Розеточная группа Пом. №18 Полотенцесушитель | AK64: =ROUNDUP(T64,2) -> 0.46 | AL64: =E64 -> 0.1 | AM64: =D64 -> R.1.18.2 | AO64: =IF(V64=0,AD64,AE64&" L="&M64&"-"&AB64&"%") -> ВВГнг(А)-LS (3х2,5) L=28-0,08% | AP64: =RIGHT(A64,LEN(A64)-SEARCH(".",A64)) -> 1.18.2 | AQ64: =IFERROR(RIGHT(AP64,LEN(AP64)-SEARCH(".",AP64)),"") -> 18.2 | AR64: =IFERROR(IF(VLOOKUP(AH64,Потребители_обозначение,5,FALSE)=2,_xlfn.IFS(H64=3,VLOOKUP(E64,Справочная_двигатели,3,FALSE),H64=1,VLOOKUP(E64,Справочная_двигатели,5,TRUE)),0),0) -> 0 | AS64: =IFERROR(IF(VLOOKUP(AH64,Потребители_обозначение,5,FALSE)=3,VLOOKUP(E64,Справочная_ЛЭД,2,TRUE),0),0) -> 0 | AT64: =IF(AR64=0,AS64,AR64) -> 0 | AU64: 12.3 | AW64: 831411
A65: =D65 -> R.1.19.1 | B65: =IFERROR(IF(VLOOKUP(AH65,Потребители_обозначение,4,FALSE)=1,VLOOKUP(AH65,Потребители_обозначение,2,FALSE)&" "&VLOOKUP(AI65,Этаж_обозначение,2,FALSE)&" Пом. №"&AG65,VLOOKUP(AH65,Потребители_обозначение,2,FALSE)&" Шлейф №"&AI65),VLOOKUP(D65,Потребители_обозначение,2,FALSE)) -> Розеточная группа Пом. №19 | D65: L.2.09.1 | G65: 1 | I65: =IF(COUNT(AU65:AV65)=0,"",ROUNDUP(SUM(AU65:AV65),0)) | K65: =IF(OR(I65="",S65=""),"",IF(S65=1,MAX(0,M65-ROUNDUP(N(AV65),0)-4),ROUNDUP(N(AU65),0))) | L65: =IF(OR(I65="",S65=""),"",IF(S65=2,MAX(0,M65-ROUNDUP(N(AU65),0)-4),ROUNDUP(N(AV65),0))) | M65: =IFERROR(IF(VLOOKUP(AH65,Потребители_обозначение,4,FALSE)=1,VLOOKUP(AH65,Потребители_обозначение,3,FALSE)*(G65*2-1)+I65+VLOOKUP(AI65,Этаж_обозначение,3,FALSE)+VLOOKUP(AI65,Этаж_обозначение,4,FALSE),VLOOKUP(AH65,Потребители_обозначение,3,FALSE)*(G65*2-1)+I65),I65) -> 55 | P65: =IF(VLOOKUP(AH65,Потребители_обозначение,5,FALSE)=2,_xlfn.IFS(H65=3,VLOOKUP(E65,Справочная_двигатели,8,FALSE),H65=1,VLOOKUP(E65,Справочная_двигатели,10,TRUE)),0.95) -> 0.95 | S65: 1 | T65: =_xlfn.IFS(H65=1,E65*1000/220,H65=3,E65/0.38/1.732) -> 1.6363636 | U65: =IF(R65=0,VLOOKUP(T65,Автомат_номиналы,2,TRUE),R65) -> 16 | V65: =IF(Q65=0,VLOOKUP(U65,Кабель_номиналы,2,TRUE),Q65) -> 2.5 | W65: =VLOOKUP(V65,Кабель_сопротивление,3,FALSE) -> 0.0175 | X65: =VLOOKUP(V65,Кабель_сопротивление,2,FALSE) -> 0.1 | Y65: {=_xlfn.IFS(H65=1,2,H65=3,1)} -> 2 | Z65: =ROUND(SIN(ACOS(P65)),2) -> 0.31 | AA65: =Y65*(W65*I65/V65+X65*I65*Z65/1000)*T65 -> 0.759348 | AB65: =ROUNDUP(AA65/220*100,2) -> 0.35 | AC65: =_xlfn.IFS(H65=3,380,H65=1,220) -> 220 | AD65: =VLOOKUP(N65,Кабель_обозначение,2,FALSE) -> ВВГнг(А)-LS | AE65: =IF(VLOOKUP(N65,Кабель_обозначение,3,FALSE)=1,AD65&" ("&O65&"х"&V65&")",AD65) -> ВВГнг(А)-LS (3х2,5) | AF65: =IFERROR(IF(AB65>4.5,1,2),0) -> 2 | AG65: =IFERROR(LEFT(AQ65,SEARCH(".",AQ65)-1),AQ65) -> 19 | AH65: =IFERROR(LEFT(A65,SEARCH(".",A65)-1),A65) -> R | AI65: =IFERROR(LEFT(AP65,SEARCH(".",AP65)-1),AP65) -> 1 | AJ65: =IF(C65=0,B65,C65) -> Розеточная группа Пом. №19 | AK65: =ROUNDUP(T65,2) -> 1.64 | AL65: =E65 -> 0.36 | AM65: =D65 -> R.1.19.1 | AO65: =IF(V65=0,AD65,AE65&" L="&M65&"-"&AB65&"%") -> ВВГнг(А)-LS (3х2,5) L=55-0,35% | AP65: =RIGHT(A65,LEN(A65)-SEARCH(".",A65)) -> 1.19.1 | AQ65: =IFERROR(RIGHT(AP65,LEN(AP65)-SEARCH(".",AP65)),"") -> 19.1 | AR65: =IFERROR(IF(VLOOKUP(AH65,Потребители_обозначение,5,FALSE)=2,_xlfn.IFS(H65=3,VLOOKUP(E65,Справочная_двигатели,3,FALSE),H65=1,VLOOKUP(E65,Справочная_двигатели,5,TRUE)),0),0) -> 0 | AS65: =IFERROR(IF(VLOOKUP(AH65,Потребители_обозначение,5,FALSE)=3,VLOOKUP(E65,Справочная_ЛЭД,2,TRUE),0),0) -> 0 | AT65: =IF(AR65=0,AS65,AR65) -> 0 | AU65: 10.66 | AW65: 831890
A66: =D66 -> R.1.20.1 | B66: =IFERROR(IF(VLOOKUP(AH66,Потребители_обозначение,4,FALSE)=1,VLOOKUP(AH66,Потребители_обозначение,2,FALSE)&" "&VLOOKUP(AI66,Этаж_обозначение,2,FALSE)&" Пом. №"&AG66,VLOOKUP(AH66,Потребители_обозначение,2,FALSE)&" Шлейф №"&AI66),VLOOKUP(D66,Потребители_обозначение,2,FALSE)) -> Розеточная группа Пом. №20 | D66: L.2.12.1 | G66: 1 | I66: =IF(COUNT(AU66:AV66)=0,"",ROUNDUP(SUM(AU66:AV66),0)) | K66: =IF(OR(I66="",S66=""),"",IF(S66=1,MAX(0,M66-ROUNDUP(N(AV66),0)-4),ROUNDUP(N(AU66),0))) | L66: =IF(OR(I66="",S66=""),"",IF(S66=2,MAX(0,M66-ROUNDUP(N(AU66),0)-4),ROUNDUP(N(AV66),0))) | M66: =IFERROR(IF(VLOOKUP(AH66,Потребители_обозначение,4,FALSE)=1,VLOOKUP(AH66,Потребители_обозначение,3,FALSE)*(G66*2-1)+I66+VLOOKUP(AI66,Этаж_обозначение,3,FALSE)+VLOOKUP(AI66,Этаж_обозначение,4,FALSE),VLOOKUP(AH66,Потребители_обозначение,3,FALSE)*(G66*2-1)+I66),I66) -> 54 | P66: =IF(VLOOKUP(AH66,Потребители_обозначение,5,FALSE)=2,_xlfn.IFS(H66=3,VLOOKUP(E66,Справочная_двигатели,8,FALSE),H66=1,VLOOKUP(E66,Справочная_двигатели,10,TRUE)),0.95) -> 0.95 | S66: 1 | T66: =_xlfn.IFS(H66=1,E66*1000/220,H66=3,E66/0.38/1.732) -> 1.6363636 | U66: =IF(R66=0,VLOOKUP(T66,Автомат_номиналы,2,TRUE),R66) -> 16 | V66: =IF(Q66=0,VLOOKUP(U66,Кабель_номиналы,2,TRUE),Q66) -> 2.5 | W66: =VLOOKUP(V66,Кабель_сопротивление,3,FALSE) -> 0.0175 | X66: =VLOOKUP(V66,Кабель_сопротивление,2,FALSE) -> 0.1 | Y66: {=_xlfn.IFS(H66=1,2,H66=3,1)} -> 2 | Z66: =ROUND(SIN(ACOS(P66)),2) -> 0.31 | AA66: =Y66*(W66*I66/V66+X66*I66*Z66/1000)*T66 -> 0.73633745 | AB66: =ROUNDUP(AA66/220*100,2) -> 0.34 | AC66: =_xlfn.IFS(H66=3,380,H66=1,220) -> 220 | AD66: =VLOOKUP(N66,Кабель_обозначение,2,FALSE) -> ВВГнг(А)-LS | AE66: =IF(VLOOKUP(N66,Кабель_обозначение,3,FALSE)=1,AD66&" ("&O66&"х"&V66&")",AD66) -> ВВГнг(А)-LS (3х2,5) | AF66: =IFERROR(IF(AB66>4.5,1,2),0) -> 2 | AG66: =IFERROR(LEFT(AQ66,SEARCH(".",AQ66)-1),AQ66) -> 20 | AH66: =IFERROR(LEFT(A66,SEARCH(".",A66)-1),A66) -> R | AI66: =IFERROR(LEFT(AP66,SEARCH(".",AP66)-1),AP66) -> 1 | AJ66: =IF(C66=0,B66,C66) -> Розеточная группа Пом. №20 | AK66: =ROUNDUP(T66,2) -> 1.64 | AL66: =E66 -> 0.36 | AM66: =D66 -> R.1.20.1 | AO66: =IF(V66=0,AD66,AE66&" L="&M66&"-"&AB66&"%") -> ВВГнг(А)-LS (3х2,5) L=54-0,34% | AP66: =RIGHT(A66,LEN(A66)-SEARCH(".",A66)) -> 1.20.1 | AQ66: =IFERROR(RIGHT(AP66,LEN(AP66)-SEARCH(".",AP66)),"") -> 20.1 | AR66: =IFERROR(IF(VLOOKUP(AH66,Потребители_обозначение,5,FALSE)=2,_xlfn.IFS(H66=3,VLOOKUP(E66,Справочная_двигатели,3,FALSE),H66=1,VLOOKUP(E66,Справочная_двигатели,5,TRUE)),0),0) -> 0 | AS66: =IFERROR(IF(VLOOKUP(AH66,Потребители_обозначение,5,FALSE)=3,VLOOKUP(E66,Справочная_ЛЭД,2,TRUE),0),0) -> 0 | AT66: =IF(AR66=0,AS66,AR66) -> 0 | AU66: 7.46 | AW66: 83184D
A67: =D67 -> R.1.21.1 | B67: =IFERROR(IF(VLOOKUP(AH67,Потребители_обозначение,4,FALSE)=1,VLOOKUP(AH67,Потребители_обозначение,2,FALSE)&" "&VLOOKUP(AI67,Этаж_обозначение,2,FALSE)&" Пом. №"&AG67,VLOOKUP(AH67,Потребители_обозначение,2,FALSE)&" Шлейф №"&AI67),VLOOKUP(D67,Потребители_обозначение,2,FALSE)) -> Розеточная группа Пом. №21 | D67: L.2.12.2 | G67: 1 | I67: =IF(COUNT(AU67:AV67)=0,"",ROUNDUP(SUM(AU67:AV67),0)) | K67: =IF(OR(I67="",S67=""),"",IF(S67=1,MAX(0,M67-ROUNDUP(N(AV67),0)-4),ROUNDUP(N(AU67),0))) | L67: =IF(OR(I67="",S67=""),"",IF(S67=2,MAX(0,M67-ROUNDUP(N(AU67),0)-4),ROUNDUP(N(AV67),0))) | M67: =IFERROR(IF(VLOOKUP(AH67,Потребители_обозначение,4,FALSE)=1,VLOOKUP(AH67,Потребители_обозначение,3,FALSE)*(G67*2-1)+I67+VLOOKUP(AI67,Этаж_обозначение,3,FALSE)+VLOOKUP(AI67,Этаж_обозначение,4,FALSE),VLOOKUP(AH67,Потребители_обозначение,3,FALSE)*(G67*2-1)+I67),I67) -> 38 | P67: =IF(VLOOKUP(AH67,Потребители_обозначение,5,FALSE)=2,_xlfn.IFS(H67=3,VLOOKUP(E67,Справочная_двигатели,8,FALSE),H67=1,VLOOKUP(E67,Справочная_двигатели,10,TRUE)),0.95) -> 0.95 | S67: 1 | T67: =_xlfn.IFS(H67=1,E67*1000/220,H67=3,E67/0.38/1.732) -> 0.81818182 | U67: =IF(R67=0,VLOOKUP(T67,Автомат_номиналы,2,TRUE),R67) -> 16 | V67: =IF(Q67=0,VLOOKUP(U67,Кабель_номиналы,2,TRUE),Q67) -> 2.5 | W67: =VLOOKUP(V67,Кабель_сопротивление,3,FALSE) -> 0.0175 | X67: =VLOOKUP(V67,Кабель_сопротивление,2,FALSE) -> 0.1 | Y67: {=_xlfn.IFS(H67=1,2,H67=3,1)} -> 2 | Z67: =ROUND(SIN(ACOS(P67)),2) -> 0.31 | AA67: =Y67*(W67*I67/V67+X67*I67*Z67/1000)*T67 -> 0.32214764 | AB67: =ROUNDUP(AA67/220*100,2) -> 0.15 | AC67: =_xlfn.IFS(H67=3,380,H67=1,220) -> 220 | AD67: =VLOOKUP(N67,Кабель_обозначение,2,FALSE) -> ВВГнг(А)-LS | AE67: =IF(VLOOKUP(N67,Кабель_обозначение,3,FALSE)=1,AD67&" ("&O67&"х"&V67&")",AD67) -> ВВГнг(А)-LS (3х2,5) | AF67: =IFERROR(IF(AB67>4.5,1,2),0) -> 2 | AG67: =IFERROR(LEFT(AQ67,SEARCH(".",AQ67)-1),AQ67) -> 21 | AH67: =IFERROR(LEFT(A67,SEARCH(".",A67)-1),A67) -> R | AI67: =IFERROR(LEFT(AP67,SEARCH(".",AP67)-1),AP67) -> 1 | AJ67: =IF(C67=0,B67,C67) -> Розеточная группа Пом. №21 | AK67: =ROUNDUP(T67,2) -> 0.82 | AL67: =E67 -> 0.18 | AM67: =D67 -> R.1.21.1 | AO67: =IF(V67=0,AD67,AE67&" L="&M67&"-"&AB67&"%") -> ВВГнг(А)-LS (3х2,5) L=38-0,15% | AP67: =RIGHT(A67,LEN(A67)-SEARCH(".",A67)) -> 1.21.1 | AQ67: =IFERROR(RIGHT(AP67,LEN(AP67)-SEARCH(".",AP67)),"") -> 21.1 | AR67: =IFERROR(IF(VLOOKUP(AH67,Потребители_обозначение,5,FALSE)=2,_xlfn.IFS(H67=3,VLOOKUP(E67,Справочная_двигатели,3,FALSE),H67=1,VLOOKUP(E67,Справочная_двигатели,5,TRUE)),0),0) -> 0 | AS67: =IFERROR(IF(VLOOKUP(AH67,Потребители_обозначение,5,FALSE)=3,VLOOKUP(E67,Справочная_ЛЭД,2,TRUE),0),0) -> 0 | AT67: =IF(AR67=0,AS67,AR67) -> 0 | AU67: 6.25 | AW67: 83188F
A68: =D68 -> R.1.08.5 | B68: =IFERROR(IF(VLOOKUP(AH68,Потребители_обозначение,4,FALSE)=1,VLOOKUP(AH68,Потребители_обозначение,2,FALSE)&" "&VLOOKUP(AI68,Этаж_обозначение,2,FALSE)&" Пом. №"&AG68,VLOOKUP(AH68,Потребители_обозначение,2,FALSE)&" Шлейф №"&AI68),VLOOKUP(D68,Потребители_обозначение,2,FALSE)) -> Розеточная группа Пом. №08 | D68: L.2.13.1 | G68: 1 | I68: =IF(COUNT(AU68:AV68)=0,"",ROUNDUP(SUM(AU68:AV68),0)) | K68: =IF(OR(I68="",S68=""),"",IF(S68=1,MAX(0,M68-ROUNDUP(N(AV68),0)-4),ROUNDUP(N(AU68),0))) | L68: =IF(OR(I68="",S68=""),"",IF(S68=2,MAX(0,M68-ROUNDUP(N(AU68),0)-4),ROUNDUP(N(AV68),0))) | M68: =IFERROR(IF(VLOOKUP(AH68,Потребители_обозначение,4,FALSE)=1,VLOOKUP(AH68,Потребители_обозначение,3,FALSE)*(G68*2-1)+I68+VLOOKUP(AI68,Этаж_обозначение,3,FALSE)+VLOOKUP(AI68,Этаж_обозначение,4,FALSE),VLOOKUP(AH68,Потребители_обозначение,3,FALSE)*(G68*2-1)+I68),I68) -> 28 | P68: =IF(VLOOKUP(AH68,Потребители_обозначение,5,FALSE)=2,_xlfn.IFS(H68=3,VLOOKUP(E68,Справочная_двигатели,8,FALSE),H68=1,VLOOKUP(E68,Справочная_двигатели,10,TRUE)),0.95) -> 0.95 | S68: 1 | T68: =_xlfn.IFS(H68=1,E68*1000/220,H68=3,E68/0.38/1.732) -> 0 | U68: =IF(R68=0,VLOOKUP(T68,Автомат_номиналы,2,TRUE),R68) -> 16 | V68: =IF(Q68=0,VLOOKUP(U68,Кабель_номиналы,2,TRUE),Q68) -> 2.5 | W68: =VLOOKUP(V68,Кабель_сопротивление,3,FALSE) -> 0.0175 | X68: =VLOOKUP(V68,Кабель_сопротивление,2,FALSE) -> 0.1 | Y68: {=_xlfn.IFS(H68=1,2,H68=3,1)} -> 2 | Z68: =ROUND(SIN(ACOS(P68)),2) -> 0.31 | AA68: =Y68*(W68*I68/V68+X68*I68*Z68/1000)*T68 -> 0 | AB68: =ROUNDUP(AA68/220*100,2) -> 0 | AC68: =_xlfn.IFS(H68=3,380,H68=1,220) -> 220 | AD68: =VLOOKUP(N68,Кабель_обозначение,2,FALSE) -> ВВГнг(А)-LS | AE68: =IF(VLOOKUP(N68,Кабель_обозначение,3,FALSE)=1,AD68&" ("&O68&"х"&V68&")",AD68) -> ВВГнг(А)-LS (3х2,5) | AF68: =IFERROR(IF(AB68>4.5,1,2),0) -> 2 | AG68: =IFERROR(LEFT(AQ68,SEARCH(".",AQ68)-1),AQ68) -> 08 | AH68: =IFERROR(LEFT(A68,SEARCH(".",A68)-1),A68) -> R | AI68: =IFERROR(LEFT(AP68,SEARCH(".",AP68)-1),AP68) -> 1 | AJ68: =IF(C68=0,B68,C68) -> Резерв | AK68: =ROUNDUP(T68,2) -> 0 | AL68: =E68 -> 0 | AM68: =D68 -> R.1.08.5 | AO68: =IF(V68=0,AD68,AE68&" L="&M68&"-"&AB68&"%") -> ВВГнг(А)-LS (3х2,5) L=28-0% | AP68: =RIGHT(A68,LEN(A68)-SEARCH(".",A68)) -> 1.08.5 | AQ68: =IFERROR(RIGHT(AP68,LEN(AP68)-SEARCH(".",AP68)),"") -> 08.5 | AR68: =IFERROR(IF(VLOOKUP(AH68,Потребители_обозначение,5,FALSE)=2,_xlfn.IFS(H68=3,VLOOKUP(E68,Справочная_двигатели,3,FALSE),H68=1,VLOOKUP(E68,Справочная_двигатели,5,TRUE)),0),0) -> 0 | AS68: =IFERROR(IF(VLOOKUP(AH68,Потребители_обозначение,5,FALSE)=3,VLOOKUP(E68,Справочная_ЛЭД,2,TRUE),0),0) -> 0 | AT68: =IF(AR68=0,AS68,AR68) -> 0 | AU68: 18.52 | AW68: 83184F
A69: =D69 -> R.1.08.6 | B69: =IFERROR(IF(VLOOKUP(AH69,Потребители_обозначение,4,FALSE)=1,VLOOKUP(AH69,Потребители_обозначение,2,FALSE)&" "&VLOOKUP(AI69,Этаж_обозначение,2,FALSE)&" Пом. №"&AG69,VLOOKUP(AH69,Потребители_обозначение,2,FALSE)&" Шлейф №"&AI69),VLOOKUP(D69,Потребители_обозначение,2,FALSE)) -> Розеточная группа Пом. №08 | D69: L.2.13.2 | G69: 1 | I69: =IF(COUNT(AU69:AV69)=0,"",ROUNDUP(SUM(AU69:AV69),0)) | K69: =IF(OR(I69="",S69=""),"",IF(S69=1,MAX(0,M69-ROUNDUP(N(AV69),0)-4),ROUNDUP(N(AU69),0))) | L69: =IF(OR(I69="",S69=""),"",IF(S69=2,MAX(0,M69-ROUNDUP(N(AU69),0)-4),ROUNDUP(N(AV69),0))) | M69: =IFERROR(IF(VLOOKUP(AH69,Потребители_обозначение,4,FALSE)=1,VLOOKUP(AH69,Потребители_обозначение,3,FALSE)*(G69*2-1)+I69+VLOOKUP(AI69,Этаж_обозначение,3,FALSE)+VLOOKUP(AI69,Этаж_обозначение,4,FALSE),VLOOKUP(AH69,Потребители_обозначение,3,FALSE)*(G69*2-1)+I69),I69) -> 31 | P69: =IF(VLOOKUP(AH69,Потребители_обозначение,5,FALSE)=2,_xlfn.IFS(H69=3,VLOOKUP(E69,Справочная_двигатели,8,FALSE),H69=1,VLOOKUP(E69,Справочная_двигатели,10,TRUE)),0.95) -> 0.95 | S69: 1 | T69: =_xlfn.IFS(H69=1,E69*1000/220,H69=3,E69/0.38/1.732) -> 0.81818182 | U69: =IF(R69=0,VLOOKUP(T69,Автомат_номиналы,2,TRUE),R69) -> 16 | V69: =IF(Q69=0,VLOOKUP(U69,Кабель_номиналы,2,TRUE),Q69) -> 2.5 | W69: =VLOOKUP(V69,Кабель_сопротивление,3,FALSE) -> 0.0175 | X69: =VLOOKUP(V69,Кабель_сопротивление,2,FALSE) -> 0.1 | Y69: {=_xlfn.IFS(H69=1,2,H69=3,1)} -> 2 | Z69: =ROUND(SIN(ACOS(P69)),2) -> 0.31 | AA69: =Y69*(W69*I69/V69+X69*I69*Z69/1000)*T69 -> 0.24161073 | AB69: =ROUNDUP(AA69/220*100,2) -> 0.11 | AC69: =_xlfn.IFS(H69=3,380,H69=1,220) -> 220 | AD69: =VLOOKUP(N69,Кабель_обозначение,2,FALSE) -> ВВГнг(А)-LS | AE69: =IF(VLOOKUP(N69,Кабель_обозначение,3,FALSE)=1,AD69&" ("&O69&"х"&V69&")",AD69) -> ВВГнг(А)-LS (3х2,5) | AF69: =IFERROR(IF(AB69>4.5,1,2),0) -> 2 | AG69: =IFERROR(LEFT(AQ69,SEARCH(".",AQ69)-1),AQ69) -> 08 | AH69: =IFERROR(LEFT(A69,SEARCH(".",A69)-1),A69) -> R | AI69: =IFERROR(LEFT(AP69,SEARCH(".",AP69)-1),AP69) -> 1 | AJ69: =IF(C69=0,B69,C69) -> Розеточная группа Пом. №08 | AK69: =ROUNDUP(T69,2) -> 0.82 | AL69: =E69 -> 0.18 | AM69: =D69 -> R.1.08.6 | AO69: =IF(V69=0,AD69,AE69&" L="&M69&"-"&AB69&"%") -> ВВГнг(А)-LS (3х2,5) L=31-0,11% | AP69: =RIGHT(A69,LEN(A69)-SEARCH(".",A69)) -> 1.08.6 | AQ69: =IFERROR(RIGHT(AP69,LEN(AP69)-SEARCH(".",AP69)),"") -> 08.6 | AR69: =IFERROR(IF(VLOOKUP(AH69,Потребители_обозначение,5,FALSE)=2,_xlfn.IFS(H69=3,VLOOKUP(E69,Справочная_двигатели,3,FALSE),H69=1,VLOOKUP(E69,Справочная_двигатели,5,TRUE)),0),0) -> 0 | AS69: =IFERROR(IF(VLOOKUP(AH69,Потребители_обозначение,5,FALSE)=3,VLOOKUP(E69,Справочная_ЛЭД,2,TRUE),0),0) -> 0 | AT69: =IF(AR69=0,AS69,AR69) -> 0 | AU69: 14.05 | AW69: 831891
A70: =D70 -> R.1.14.15 | B70: =IFERROR(IF(VLOOKUP(AH70,Потребители_обозначение,4,FALSE)=1,VLOOKUP(AH70,Потребители_обозначение,2,FALSE)&" "&VLOOKUP(AI70,Этаж_обозначение,2,FALSE)&" Пом. №"&AG70,VLOOKUP(AH70,Потребители_обозначение,2,FALSE)&" Шлейф №"&AI70),VLOOKUP(D70,Потребители_обозначение,2,FALSE)) -> Розеточная группа Пом. №14 | D70: LD.1.02.1 | G70: 1 | M70: =IFERROR(IF(VLOOKUP(AH70,Потребители_обозначение,4,FALSE)=1,VLOOKUP(AH70,Потребители_обозначение,3,FALSE)*(G70*2-1)+I70+VLOOKUP(AI70,Этаж_обозначение,3,FALSE)+VLOOKUP(AI70,Этаж_обозначение,4,FALSE),VLOOKUP(AH70,Потребители_обозначение,3,FALSE)*(G70*2-1)+I70),I70) -> 19 | P70: =IF(VLOOKUP(AH70,Потребители_обозначение,5,FALSE)=2,_xlfn.IFS(H70=3,VLOOKUP(E70,Справочная_двигатели,8,FALSE),H70=1,VLOOKUP(E70,Справочная_двигатели,10,TRUE)),0.95) -> 0.95 | T70: =_xlfn.IFS(H70=1,E70*1000/220,H70=3,E70/0.38/1.732) -> 1.8181818 | U70: =IF(R70=0,VLOOKUP(T70,Автомат_номиналы,2,TRUE),R70) -> 16 | V70: =IF(Q70=0,VLOOKUP(U70,Кабель_номиналы,2,TRUE),Q70) -> 2.5 | W70: =VLOOKUP(V70,Кабель_сопротивление,3,FALSE) -> 0.0175 | X70: =VLOOKUP(V70,Кабель_сопротивление,2,FALSE) -> 0.1 | Y70: {=_xlfn.IFS(H70=1,2,H70=3,1)} -> 2 | Z70: =ROUND(SIN(ACOS(P70)),2) -> 0.31 | AA70: =Y70*(W70*I70/V70+X70*I70*Z70/1000)*T70 -> 0.43464364 | AB70: =ROUNDUP(AA70/220*100,2) -> 0.2 | AC70: =_xlfn.IFS(H70=3,380,H70=1,220) -> 220 | AD70: =VLOOKUP(N70,Кабель_обозначение,2,FALSE) -> ВВГнг(А)-LS | AE70: =IF(VLOOKUP(N70,Кабель_обозначение,3,FALSE)=1,AD70&" ("&O70&"х"&V70&")",AD70) -> ВВГнг(А)-LS (3х2,5) | AF70: =IFERROR(IF(AB70>4.5,1,2),0) -> 2 | AG70: =IFERROR(LEFT(AQ70,SEARCH(".",AQ70)-1),AQ70) -> 14 | AH70: =IFERROR(LEFT(A70,SEARCH(".",A70)-1),A70) -> R | AI70: =IFERROR(LEFT(AP70,SEARCH(".",AP70)-1),AP70) -> 1 | AJ70: =IF(C70=0,B70,C70) -> Розеточная группа Пом. №14 Измельчитель | AK70: =ROUNDUP(T70,2) -> 1.82 | AL70: =E70 -> 0.4 | AM70: =D70 -> R.1.14.15 | AO70: =IF(V70=0,AD70,AE70&" L="&M70&"-"&AB70&"%") -> ВВГнг(А)-LS (3х2,5) L=19-0,2% | AP70: =RIGHT(A70,LEN(A70)-SEARCH(".",A70)) -> 1.14.15 | AQ70: =IFERROR(RIGHT(AP70,LEN(AP70)-SEARCH(".",AP70)),"") -> 14.15 | AR70: =IFERROR(IF(VLOOKUP(AH70,Потребители_обозначение,5,FALSE)=2,_xlfn.IFS(H70=3,VLOOKUP(E70,Справочная_двигатели,3,FALSE),H70=1,VLOOKUP(E70,Справочная_двигатели,5,TRUE)),0),0) -> 0 | AS70: =IFERROR(IF(VLOOKUP(AH70,Потребители_обозначение,5,FALSE)=3,VLOOKUP(E70,Справочная_ЛЭД,2,TRUE),0),0) -> 0 | AT70: =IF(AR70=0,AS70,AR70) -> 0 | AX70: трасса на плане не найдена (выноска не касается кабеля)
A71: =D71 -> 0 | B71: =IFERROR(IF(VLOOKUP(AH71,Потребители_обозначение,4,FALSE)=1,VLOOKUP(AH71,Потребители_обозначение,2,FALSE)&" "&VLOOKUP(AI71,Этаж_обозначение,2,FALSE)&" Пом. №"&AG71,VLOOKUP(AH71,Потребители_обозначение,2,FALSE)&" Шлейф №"&AI71),VLOOKUP(D71,Потребители_обозначение,2,FALSE)) -> #N/A | D71: LD.1.05.1 | G71: 1 | M71: =IFERROR(IF(VLOOKUP(AH71,Потребители_обозначение,4,FALSE)=1,VLOOKUP(AH71,Потребители_обозначение,3,FALSE)*(G71*2-1)+I71+VLOOKUP(AI71,Этаж_обозначение,3,FALSE)+VLOOKUP(AI71,Этаж_обозначение,4,FALSE),VLOOKUP(AH71,Потребители_обозначение,3,FALSE)*(G71*2-1)+I71),I71) -> 0 | P71: =IF(VLOOKUP(AH71,Потребители_обозначение,5,FALSE)=2,_xlfn.IFS(H71=3,VLOOKUP(E71,Справочная_двигатели,8,FALSE),H71=1,VLOOKUP(E71,Справочная_двигатели,10,TRUE)),0.95) -> #N/A | T71: =_xlfn.IFS(H71=1,E71*1000/220,H71=3,E71/0.38/1.732) -> #N/A | U71: =IF(R71=0,VLOOKUP(T71,Автомат_номиналы,2,TRUE),R71) -> #N/A | V71: =IF(Q71=0,VLOOKUP(U71,Кабель_номиналы,2,TRUE),Q71) -> #N/A | W71: =VLOOKUP(V71,Кабель_сопротивление,3,FALSE) -> #N/A | X71: =VLOOKUP(V71,Кабель_сопротивление,2,FALSE) -> #N/A | Y71: {=_xlfn.IFS(H71=1,2,H71=3,1)} -> #N/A | Z71: =ROUND(SIN(ACOS(P71)),2) -> #N/A | AA71: =Y71*(W71*I71/V71+X71*I71*Z71/1000)*T71 -> #N/A | AB71: =ROUNDUP(AA71/220*100,2) -> #N/A | AC71: =_xlfn.IFS(H71=3,380,H71=1,220) -> #N/A | AD71: =VLOOKUP(N71,Кабель_обозначение,2,FALSE) -> #N/A | AE71: =IF(VLOOKUP(N71,Кабель_обозначение,3,FALSE)=1,AD71&" ("&O71&"х"&V71&")",AD71) -> #N/A | AF71: =IFERROR(IF(AB71>4.5,1,2),0) -> 0 | AG71: =IFERROR(LEFT(AQ71,SEARCH(".",AQ71)-1),AQ71) | AH71: =IFERROR(LEFT(A71,SEARCH(".",A71)-1),A71) -> 0 | AI71: =IFERROR(LEFT(AP71,SEARCH(".",AP71)-1),AP71) -> #VALUE! | AJ71: =IF(C71=0,B71,C71) -> #N/A | AK71: =ROUNDUP(T71,2) -> #N/A | AL71: =E71 -> 0 | AM71: =D71 -> 0 | AO71: =IF(V71=0,AD71,AE71&" L="&M71&"-"&AB71&"%") -> #N/A | AP71: =RIGHT(A71,LEN(A71)-SEARCH(".",A71)) -> #VALUE! | AQ71: =IFERROR(RIGHT(AP71,LEN(AP71)-SEARCH(".",AP71)),"") | AR71: =IFERROR(IF(VLOOKUP(AH71,Потребители_обозначение,5,FALSE)=2,_xlfn.IFS(H71=3,VLOOKUP(E71,Справочная_двигатели,3,FALSE),H71=1,VLOOKUP(E71,Справочная_двигатели,5,TRUE)),0),0) -> 0 | AS71: =IFERROR(IF(VLOOKUP(AH71,Потребители_обозначение,5,FALSE)=3,VLOOKUP(E71,Справочная_ЛЭД,2,TRUE),0),0) -> 0 | AT71: =IF(AR71=0,AS71,AR71) -> 0 | AX71: трасса на плане не найдена (выноска не касается кабеля)
A72: =D72 -> R.GSM | B72: =IFERROR(IF(VLOOKUP(AH72,Потребители_обозначение,4,FALSE)=1,VLOOKUP(AH72,Потребители_обозначение,2,FALSE)&" "&VLOOKUP(AI72,Этаж_обозначение,2,FALSE)&" Пом. №"&AG72,VLOOKUP(AH72,Потребители_обозначение,2,FALSE)&" Шлейф №"&AI72),VLOOKUP(D72,Потребители_обозначение,2,FALSE)) -> Щит усиления соловой связи | D72: LD.1.06.1 | G72: 1 | M72: =IFERROR(IF(VLOOKUP(AH72,Потребители_обозначение,4,FALSE)=1,VLOOKUP(AH72,Потребители_обозначение,3,FALSE)*(G72*2-1)+I72+VLOOKUP(AI72,Этаж_обозначение,3,FALSE)+VLOOKUP(AI72,Этаж_обозначение,4,FALSE),VLOOKUP(AH72,Потребители_обозначение,3,FALSE)*(G72*2-1)+I72),I72) -> 4 | P72: =IF(VLOOKUP(AH72,Потребители_обозначение,5,FALSE)=2,_xlfn.IFS(H72=3,VLOOKUP(E72,Справочная_двигатели,8,FALSE),H72=1,VLOOKUP(E72,Справочная_двигатели,10,TRUE)),0.95) -> 0.95 | T72: =_xlfn.IFS(H72=1,E72*1000/220,H72=3,E72/0.38/1.732) -> 1.3636364 | U72: =IF(R72=0,VLOOKUP(T72,Автомат_номиналы,2,TRUE),R72) -> 16 | V72: =IF(Q72=0,VLOOKUP(U72,Кабель_номиналы,2,TRUE),Q72) -> 2.5 | W72: =VLOOKUP(V72,Кабель_сопротивление,3,FALSE) -> 0.0175 | X72: =VLOOKUP(V72,Кабель_сопротивление,2,FALSE) -> 0.1 | Y72: {=_xlfn.IFS(H72=1,2,H72=3,1)} -> 2 | Z72: =ROUND(SIN(ACOS(P72)),2) -> 0.31 | AA72: =Y72*(W72*I72/V72+X72*I72*Z72/1000)*T72 -> 0.076701818 | AB72: =ROUNDUP(AA72/220*100,2) -> 0.04 | AC72: =_xlfn.IFS(H72=3,380,H72=1,220) -> 220 | AD72: =VLOOKUP(N72,Кабель_обозначение,2,FALSE) -> ВВГнг(А)-LS | AE72: =IF(VLOOKUP(N72,Кабель_обозначение,3,FALSE)=1,AD72&" ("&O72&"х"&V72&")",AD72) -> ВВГнг(А)-LS (3х2,5) | AF72: =IFERROR(IF(AB72>4.5,1,2),0) -> 2 | AG72: =IFERROR(LEFT(AQ72,SEARCH(".",AQ72)-1),AQ72) | AH72: =IFERROR(LEFT(A72,SEARCH(".",A72)-1),A72) -> R | AI72: =IFERROR(LEFT(AP72,SEARCH(".",AP72)-1),AP72) -> GSM | AJ72: =IF(C72=0,B72,C72) -> Щит усиления соловой связи | AK72: =ROUNDUP(T72,2) -> 1.37 | AL72: =E72 -> 0.3 | AM72: =D72 -> R.GSM | AO72: =IF(V72=0,AD72,AE72&" L="&M72&"-"&AB72&"%") -> ВВГнг(А)-LS (3х2,5) L=4-0,04% | AP72: =RIGHT(A72,LEN(A72)-SEARCH(".",A72)) -> GSM | AQ72: =IFERROR(RIGHT(AP72,LEN(AP72)-SEARCH(".",AP72)),"") | AR72: =IFERROR(IF(VLOOKUP(AH72,Потребители_обозначение,5,FALSE)=2,_xlfn.IFS(H72=3,VLOOKUP(E72,Справочная_двигатели,3,FALSE),H72=1,VLOOKUP(E72,Справочная_двигатели,5,TRUE)),0),0) -> 0 | AS72: =IFERROR(IF(VLOOKUP(AH72,Потребители_обозначение,5,FALSE)=3,VLOOKUP(E72,Справочная_ЛЭД,2,TRUE),0),0) -> 0 | AT72: =IF(AR72=0,AS72,AR72) -> 0 | AX72: трасса на плане не найдена (выноска не касается кабеля)
