Workbook
Name c_min: Объект!$C$7
Name dU_пит: Таблицы_норм!$BQ$31
Name Iдоп_1ж: Таблицы_норм!$BY$4:$BY$18
Name Iдоп_2ж: Таблицы_норм!$BZ$4:$BZ$17
Name Iдоп_3ж: Таблицы_норм!$CA$4:$CA$17
Name Iдоп_S: Таблицы_норм!$BX$4:$BX$18
Name k_пк: Объект!$C$9
Name R_пер: Объект!$C$6
Name Uн_лин: Таблицы_норм!$BQ$29
Name ρкз_Al: Объект!$C$5
Name ρкз_Cu: Объект!$C$4
Name Автомат_номиналы: Таблицы_норм!$F$4:$G$23
Name гофра_пвх: Справочная_потребители!$Z$4:$AB$9
Name гофра_пнд: Справочная_потребители!$AD$4:$AF$9
Name Запас_кабеля: Кабельный_журнал!$P$2
Name ИБП_cos_вх: Объект!$C$22
Name ИБП_cos_вых: Объект!$C$16
Name ИБП_k: Объект!$C$20
Name ИБП_t: Объект!$C$17
Name ИБП_U: Объект!$C$18
Name ИБП_загрузка: Объект!$C$15
Name ИБП_заряд: Объект!$C$21
Name ИБП_КПД: Объект!$C$19
Name ИБП_ряд: Объект!$C$24:$N$24
Name К_прокл: Таблицы_норм!$BQ$30
Name Кабель_диаметр: Справочная_потребители!$T$4:$X$503
Name Кабель_номиналы: Таблицы_норм!$I$4:$J$19
Name Кабель_обозначение: Кабели[]
Name Кабель_сопротивление: Таблицы_норм!$B$4:$D$19
Name Категории_ПЗ: Таблицы_норм!$BT$4:$BT$33
Name Ко_сил: Таблицы_норм!$BQ$14
Name Коды_вид: Коды[Вид нагрузки]
Name Коды_группа: Коды[Группа Кс]
Name Коды_код: Коды[Код]
Name Коды_пожарная: Коды[Пожарная]
Name Кс_К: Таблицы_норм!$BQ$4:$BQ$11
Name Кс_Р: Таблицы_норм!$BP$4:$BP$11
Name Кс75_k: Объект!$G$3:$G$14
Name Кс75_n: Объект!$F$3:$F$14
Name Методика: Объект!$C$8
Name Мин_автомат_БП: Таблицы_норм!$BF$5
Name Модели_список: OFFSET(Каталог!$AB$3,0,0,1+MAX(Каталог!$AA$4:$AA$500),1)
Name Модули_спр: Каталог!$C$4:$F$500
Name Потребители_обозначение: Коды[[Код]:[Сечение]]
Name Спецификация: Спецификация!$B$3:$J$60
Name Список_автоматов: OFFSET(Каталог!$X$3,0,0,1+MAX(Каталог!$W$4:$W$500),1)
Name Список_аппаратов: OFFSET(Каталог!$Z$4,0,0,MAX(1,MAX(Каталог!$Y$4:$Y$500)),1)
Name Список_модулей: OFFSET(Каталог!$AB$3,0,0,1+MAX(Каталог!$AA$4:$AA$500),1)
Name Список_произв: OFFSET(Каталог!$AD$3,0,0,1+MAX(Каталог!$AC$4:$AC$500),1)
Name Список_щитов: Щиты[Щит]
Name Справочная_двигатели: Справочная_потребители!$B$4:$K$37
Name Справочная_ЛЭД: Справочная_потребители!$M$4:$O$19
Name Справочная_ПТО: Таблицы_норм!$AJ$4:$AK$200
Name Столбцов_на_лист: Таблицы_норм!$BF$4
Name УГО_блоки: Таблицы_норм!$BA$4:$BC$30
Name УГО_спр: УГО[]
Name Управление_цвета: Таблицы_норм!$AQ$4:$AS$10
Name Щит_спец: Спецификация!$L$1
Name Этаж_обозначение: Этажи[]

Sheet Гайд
A1: ГАЙД ПО ОДНОЛИНЕЙКЕ v4
A2: Одна книга — один объект: все щиты, все линии, все расчёты. Связей между файлами нет. Текст написан по правилам ASD-STE100: одно действие в предложении, один термин — одно значение.
A3: Разделы 4–15 — порядок работы. На листах «Объект», «Щиты», «Шины» есть свой короткий гайд. Как и по каким нормам всё считается — лист «Методика».
A5: 1. ТЕРМИНЫ
B6: Термин | C6: Значение
B7: Объект | C7: Здание или комплекс. Одна книга = один объект.
B8: Щит | C8: Электрический щит объекта. Каждый щит — одна строка на листе «Щиты». | D8: Щиты!A10
B9: ВРУ (корневой щит) | C9: Щит без вышестоящего щита в книге: ГРЩ, ВРУ. Для него вводятся данные сети.
B10: Линия | C10: Отходящая цепь щита. Одна строка на листе «Линии» = одно место схемы. | D10: Линии!A3
B11: Номер линии | C11: Текст вида «Код.Помещение.№». Пример: R.1.05.4. Код ищется на листе «Коды».
B12: Место | C12: Колонка на схеме (шаг 20 мм). На листе A3 — 17 мест (настройка «Таблицы_норм» BF4).
B13: Вводной узел | C13: Первые места схемы щита (обычно 1–15): вводы, АВР, байпас. Вы рисуете их сами. Строки узла в схеме не рисуются.
B14: Фидер | C14: Линия, которая питает другой щит этой книги. Номер линии = имя щита — фидер найден автоматически.
B15: Группа | C15: Несколько линий на одном автомате. Автомат стоит в первой строке группы.
B16: Дифзащита | C16: Ток утечки защиты (УЗО, дифавтомат): 10, 30, 100, 300 мА. Пусто — по коду.
B17: Жёлтый столбец | C17: Ввод. Вводите данные только сюда.
B18: Серый столбец | C18: Расчёт. Значение считается само. Служебные столбцы свёрнуты кнопкой «+» над таблицей.
A20: 2. ПРАВИЛА КНИГИ
A21: ОСТОРОЖНО: Не сортируйте таблицу «Линии». Порядок строк = порядок мест и групп на схеме.
A22: ОСТОРОЖНО: Не переименовывайте листы, таблицы и заголовки столбцов. Формулы и программы AutoCAD ищут их по имени.
A23: ОСТОРОЖНО: Не вводите данные в серые столбцы и на лист «Однолинейка». Лист «Однолинейка» считается сам.
A24: ВНИМАНИЕ: Новую строку добавляйте внутри таблицы: правая кнопка на строке → «Вставить» → «Строки таблицы выше». Формулы продлятся сами.
A25: ВНИМАНИЕ: Перед массовой правкой сохраните копию книги. После макросов Ctrl+Z не работает.
A27: 3. ЛИСТЫ
B28: Лист | C28: Что на нём
B29: Проверка | C29: Все замечания объекта одним списком. Начинайте и заканчивайте работу здесь. | D29: Проверка!A1
B30: Объект | C30: Настройки объекта: методика, kп.к, ток КЗ, Кс силовых, ИБП. Внизу — гайд по настройке. | D30: Объект!B1
B31: Коды | C31: Коды потребителей, УГО, этажи, кабели. Таблицы растут сами. | D31: Коды!A3
B32: Щиты | C32: Щиты объекта: схема (ввод) и результат. Сверху — гайд. | D32: Щиты!A10
B33: Итоги_щитов | C33: Карточка щита для таблицы под однолинейкой и сводка по всем щитам. | D33: Итоги_щитов!C3
B34: Шины | C34: Тип шины вручную — только если не определяется сам. Сверху — гайд. | D34: Шины!A8
B35: Линии | C35: Главный лист ввода: все линии всех щитов. | D35: Линии!A2
B36: Режимы | C36: Нагрузка щита по вводам: нормальный, аварийный, пожар, категории, ИБП. | D36: Режимы!C3
B37: Расчёт_нагрузок | C37: Таблица нагрузок для пояснительной записки. | D37: Расчёт_нагрузок!C4
B38: Кабельный_журнал | C38: Журнал кабелей (как в v3.12) и сводка по маркам. | D38: Кабельный_журнал!A2
B39: Однолинейка | C39: Расчётный лист для AutoCAD (SXDRAW, SXLAYOUT). Не изменяйте его. | D39: Однолинейка!A1
B40: Каталог, Спецификация, Спецификация_авто | C40: Оборудование и спецификация. Щит — «Спецификация» D1. | D40: Спецификация!D1
B41: Бирки | C41: Строка на каждый провод: откуда — куда. | D41: Бирки!A3
B42: Методика | C42: Как считается каждая величина и по какой норме.
B43: Таблицы_норм | C43: Допустимые токи, сопротивления, номиналы, Кс быт, настройки сети. Обычно не меняют.
A45: 4. ПОРЯДОК РАБОТЫ (КРАТКО)
A46: 1 | B46: Заполните лист «Объект» (раздел 5). | D46: Объект!C3
A47: 2 | B47: Внесите щиты на лист «Щиты» (раздел 6). | D47: Щиты!A10
A48: 3 | B48: Проверьте коды потребителей на листе «Коды» (раздел 7). | D48: Коды!A4
A49: 4 | B49: Заполните линии на листе «Линии» (раздел 8). | D49: Линии!A3
A50: 5 | B50: Если нужно, задайте тип шины на листе «Шины» (раздел 9). | D50: Шины!A9
A51: 6 | B51: Откройте лист «Проверка» и устраните замечания (раздел 10). | D51: Проверка!A1
A52: 7 | B52: Возьмите результаты: «Итоги_щитов», «Режимы», «Расчёт_нагрузок», журнал, бирки (разделы 11–13).
A53: 8 | B53: Нарисуйте схему в AutoCAD и выпустите спецификацию (разделы 14–15).
A55: 5. ЛИСТ «ОБЪЕКТ»
A56: 5.1 | B56: C3 — введите название и адрес объекта. | D56: Объект!C3
A57: 5.2 | B57: C8 — методика. Для нового проекта оставьте «нормы 2026». | D57: Объект!C8
A58: 5.3 | B58: C9 — kп.к. Для частного дома оставьте 1. | D58: Объект!C9
A59: ПРИМЕЧАНИЕ: Что значит каждая настройка и на что влияет — гайд внизу листа «Объект».
A61: 6. ЛИСТ «ЩИТЫ»
A62: 6.1 | B62: Щит — введите имя щита. Каждый щит — одна строка. | D62: Щиты!A10
A63: 6.2 | B63: Вводов, АВР, ИБП от — введите схему щита. | D63: Щиты!C10
A64: 6.3 | B64: Мест под вводной узел — сколько первых мест схемы занимает вводной узел (обычно 15).
A65: 6.4 | B65: «Питается от» оставьте пусто. Книга найдёт фидер сама. Заполняйте, только если фидера нет в «Линиях».
A66: 6.5 | B66: Для ВРУ / ГРЩ введите данные сети: Iкз min и Iкз max от сетевой организации или «ТП» и Sтр.
A67: ОСТОРОЖНО: Без данных сети книга не считает ток КЗ и не проверяет отключение 0,4 с ни в одном щите.
A69: 7. ЛИСТ «КОДЫ»
A70: 7.1 | B70: Найдите код в таблице «Коды» (столбец A). | D70: Коды!A4
A71: 7.2 | B71: Чтобы добавить код, введите его в первую пустую строку под таблицей. Таблица расширится сама.
A72: 7.3 | B72: В таблице «УГО» задайте значок, дифзащиту (мА, «да» = 30), минимальный автомат, клеммы 3L. | D72: Коды!O4
A73: ВНИМАНИЕ: Один код = одно определение на весь объект. Если изменить опуск кода, изменятся длины всех его линий.
A75: 8. ЛИСТ «ЛИНИИ»
A76: Строка = одно место схемы. Щиты разделены линией и цветом. Строки вводного узла подсвечены голубым.
A77: 8.1 | B77: Щит — введите щит. Места одного щита ставьте подряд. | D77: Линии!A3
A78: 8.2 | B78: № места — оставьте пусто: место будет следующим по порядку, после вводного узла. Число — своё место (пропуск = пустая колонка). «-» — строки нет на схеме. | D78: Линии!B3
A79: 8.3 | B79: «Лист / место» показывает лист схемы A3 и место на нём. «узел» — строка вводного узла. | D79: Линии!C3
A80: 8.4 | B80: Номер линии — введите номер. Наименование подставится по коду. Чтобы переписать — введите свой текст в «Наименование». | D80: Линии!D3
A81: 8.5 | B81: Питает щит — заполняйте, только если номер фидера не совпадает с именем щита.
A82: 8.6 | B82: Мощность, кол-во, фазы, напряжение, группа Кс, длины, кабель — введите или оставьте пусто (по коду, по чертежу).
A83: 8.7 | B83: Категория надёжности и «Пожарная» — для линий, которым они нужны.
A84: 8.8 | B84: Схема: «Автомат» = «авто» в первой строке группы. Дифзащита, аппараты, модуль, канал, клемма — как в v3.12. | D84: Линии!AC3
A85: 8.9 | B85: Режим: «вручную» — строка только в таблице; «рисовать» — нарисовать строку вводного узла.
B86: Что нужно | C86: Что ввести
B87: Линия со своим автоматом | C87: Автомат = «авто». Клемма пусто (номер по порядку) или своя.
B88: Несколько линий на одном автомате | C88: Первая строка: «авто». Следующие строки: автомат пусто.
B89: Дифзащита 30 / 100 / 300 мА | C89: Дифзащита = 30 (100, 300). «нет» — без неё.
B90: Вторая шина (ИБП, секция) | C90: Шина = имя шины в строке с автоматом.
B91: Линия на модуле | C91: Модуль = модель в первой строке модуля. «-» — в первой строке после модуля. Канал: пусто — авто, № — вручную.
B92: Параллельная линия, резерв, тот же кабель, без клеммы | C92: Канал = «=», «р», «+», «б/к».
B93: Клемма без номера | C93: Клемма = «нет».
A94: ПРИМЕЧАНИЕ: Справа серые столбцы: «Замечания», ток, автомат, сечение, ΔU, Iкз, категория. Примечание к заголовку — формула и норма.
A96: 9. ЛИСТ «ШИНЫ»
A97: 9.1 | B97: Обычно лист пустой: имя шины с «ИБП» или «ДГУ» определяется само, иначе — по секции линии.
A98: 9.2 | B98: Заполните строку, только если имя шины не говорит о типе (пример: шина «ЩГП» от ИБП). | D98: Шины!A9
A100: 10. ЛИСТ «ПРОВЕРКА»
A101: 10.1 | B101: Слева — замечания по щитам. Справа — по линиям. «→» — перейти к строке. | D101: Проверка!A4
B102: Замечание | C102: Что сделать
B103: нет данных сети для ТКЗ | C103: Введите Iкз от сетевой организации или трансформатор в строке ВРУ на листе «Щиты».
B104: ПЕРЕГРУЗ | C104: Ток группы больше номинала. Увеличьте автомат или разделите группу.
B105: КАБЕЛЬ НЕ ЗАЩИЩЁН | C105: Автомат больше допустимого тока кабеля. Увеличьте сечение или уменьшите автомат.
B106: категория … не обеспечена | C106: Нужен второй ввод с АВР у щита или шина ИБП/ДГУ. Или снизьте требуемую категорию.
B107: розетка без дифзащиты до 30 мА | C107: Поставьте дифзащиту 30 мА (или 10 мА) на розеточную группу (ПУЭ 7.1.79).
B108: Icu … < Iкз max | C108: Выберите автомат с большей отключающей способностью.
B109: потери … > … | C109: Увеличьте сечение или сократите длину.
B110: не на схеме | C110: Уберите «-» из № места или удалите строку.
...

Sheet Проверка
A1: ПРОВЕРКА ОБЪЕКТА
A2: ="Замечаний: щиты — "&COUNTIF(Щиты[Замечания щита],"?*")&", линии — "&COUNTIF(Линии[Замечания],"?*")&". Методика: "&Методика -> Замечаний: щиты — 1, линии — 29. Методика: нормы 2026
A4: Щит | B4: Замечания щита | D4: Щит | E4: № места | F4: Номер линии | G4: Наименование | H4: Замечания | I4: Перейти
A5: {=_xlfn._xlws.FILTER(_xlfn.HSTACK(Щиты[Щит],Щиты[Замечания щита]),Щиты[Замечания щита]<>"","замечаний нет")} -> ЩР | B5: нет данных сети для ТКЗ: введите Iкз от сетевой организации или трансформатор | D5: {=_xlfn._xlws.FILTER(_xlfn.HSTACK(Линии[Щит],Линии[№ места],Линии[Номер линии],Линии[Наименование],Линии[Замечания],HYPERLINK("#'Линии'!C"&(Линии[_n]+2),"→")),Линии[Замечания]<>"","замечаний нет")} -> ЩР | E5: 20 | F5: R.1.02.1 | G5: Розеточная группа Пом. №02 | H5: дубль клеммы XT2 | I5: →
D6: ЩР | E6: 21 | F6: R.1.03.1 | G6: Розеточная группа Пом. №03 | H6: дубль клеммы XT2 | I6: →
D7: ЩР | E7: 36 | F7: R.1.05.10 | G7: Розеточная группа Пом. №05 | H7: дубль клеммы XT16 | I7: →
D8: ЩР | E8: 37 | F8: R.1.05.11 | G8: Розеточная группа Пом. №05 | H8: дубль клеммы XT17 | I8: →
D9: ЩР | E9: 39 | F9: R.1.06.2 | G9: Розеточная группа Пом. №06 | H9: дубль клеммы XT16 | I9: →
D10: ЩР | E10: 40 | F10: R.1.07.1 | G10: Розеточная группа Пом. №07 | H10: дубль клеммы XT17 | I10: →
D11: ЩР | E11: 50 | F11: L.1.01.1 | G11: Группа освещения Пом. №01 | H11: нет мощности | I11: →
D12: ЩР | E12: 53 | F12: L.1.04.1 | G12: Группа освещения Пом. №04 | H12: нет мощности | I12: →
D13: ЩР | E13: 54 | F13: L.1.04.2 | G13: Группа освещения Пом. №04 | H13: нет мощности | I13: →
D14: ЩР | E14: 55 | F14: L.1.06.2 | G14: Группа освещения Пом. №06 | H14: нет мощности | I14: →
D15: ЩР | E15: 56 | F15: L.1.08.2 | G15: Группа освещения Пом. №08 | H15: нет мощности | I15: →
D16: ЩР | E16: 57 | F16: L.1.10.2 | G16: Группа освещения Пом. №10 | H16: нет мощности | I16: →
D17: ЩР | E17: 58 | F17: L.1.14.1 | G17: Группа освещения Пом. №14 | H17: нет мощности | I17: →
... D33: ЩР | E33: 76 | F33: L.2.12.2 | G33: Группа освещения Пом. №12 | H33: нет мощности | I33: →

Sheet Объект
B1: ОБЪЕКТ: настройки
F2: Число силовых ЭП | G2: Кс (СП 256 табл. 7.5)
B3: Объект | D3: название и адрес | F3: 1 | G3: 1
B4: ρ меди для Iкз min, Ом·мм²/м | C4: 0.0263 | D4: ≈ 1,5·ρ20 (ГОСТ 28249 п. 2.4.2) | F4: 2 | G4: 1
B5: ρ алюминия для Iкз min, Ом·мм²/м | C5: 0.042 | D5: ≈ 1,5·ρ20 | F5: 3 | G5: 0.9
B6: Переходные сопротивления на щит, Ом | C6: 0.015 | D6: контакты и аппараты на каждый щит | F6: 5 | G6: 0.8
B7: c_min для Iкз min | C7: 0.95 | D7: МЭК 60909-0 | F7: 8 | G7: 0.75
B8: Методика расчёта | C8: нормы 2026 | D8: v3.12 — как старая книга (для сверки); нормы 2026 — исправления по СП 256 с Изм. 9 (см. «Методика») | F8: 10 | G8: 0.7
B9: kп.к — региональный коэффициент | C9: 1 | D9: СП 256 табл. 7.5а (ЦФО 0,81, СЗФО 0,91…); для частного дома по умолчанию 1 | F9: 15 | G9: 0.65
F10: 20 | G10: 0.65
B11: Сеть (Uн), К прокладки, Кс быт, Ко — «Справочная» BP:BQ. | F11: 30 | G11: 0.6
F12: 50 | G12: 0.55
F13: 100 | G13: 0.55
B14: ИБП (для щитов с шиной ИБП) | F14: 200 | G14: 0.5
B15: Допустимая загрузка ИБП | C15: 0.75
B16: cos φ на выходе ИБП | C16: 0.9
B17: Автономия, мин | C17: 15 | D17: мин
B18: Напряжение АКБ, В | C18: 240 | D18: В
B19: КПД инвертора | C19: 0.95
B20: Коэффициент разряда / старения АКБ | C20: 0.8
B21: Заряд АКБ, доля мощности | C21: 0.1
B22: cos φ на входе ИБП | C22: 0.95
B24: Ряд типоразмеров ИБП, кВА | C24: 6 | D24: 10 | E24: 15 | F24: 20 | G24: 30 | H24: 40 | I24: 60 | J24: 80 | K24: 100 | L24: 120 | M24: 160 | N24: 200
B28: КАК НАСТРАИВАТЬ ЛИСТ «ОБЪЕКТ»
B29: Лист задаёт настройки ВСЕГО объекта. Обычно меняют только C3 (название), C8 (методика) и C9 (kп.к). Остальное — по необходимости.
B30: C3 Объект — название и адрес. Идёт в таблицу для пояснительной записки.
B31: C4–C7 Ток КЗ: ρ меди/алюминия при нагреве, переходные сопротивления на каждый щит, c_min. Влияют на Iкз min в конце линий и проверку отключения ≤ 0,4 с. Значения по ГОСТ 28249 — не меняйте без причины.
B32: C8 Методика: «нормы 2026» — расчёт по СП 256 с Изм. 9 (cos φ силовых 0,8, Кс силовых по табл. 7.5, Ко только при бытовой + силовой нагрузке, отопление и ВНГ отдельно). «v3.12» — как старая книга, только для сверки.
B33: C9 kп.к — региональный коэффициент к бытовой нагрузке (СП 256 табл. 7.5а). Частный дом — 1. Многоквартирный дом — значение региона (ЦФО 0,81).
B34: F2:G14 Кс силовых по числу электроприёмников (СП 256 табл. 7.5, доля сантехники 100–85 %). Применяется к силовым линиям без ручного Кс в режиме «нормы 2026».
B35: B15:C22 ИБП — допустимая загрузка, cos φ, автономия, напряжение АКБ, КПД, разряд, заряд. Влияют на подбор ИБП и на нагрузку входа ИБП на вводе (лист «Режимы»).
B36: Где ещё настройки: Uн, общий К прокладки, таблица Кс быт, мест на лист схемы — лист «Таблицы_норм» (BF4, BQ29, BQ30, BP4:BQ11).

Sheet Коды
A1: КОДЫ ПОТРЕБИТЕЛЕЙ, УГО, ЭТАЖИ, КАБЕЛИ — новая строка дописывается сразу под таблицей, таблица растёт сама
A3: Код | B3: Наименование | C3: Опуск, м | D3: 1 - этаж/2 - шлейф | E3: Пуск: 1 нет/2 двигатель/3 свет | F3: Марка кабеля | G3: Жил | H3: Напряжение | I3: Фаз | J3: Сечение | K3: Вид нагрузки | L3: Группа Кс | M3: Пожарная | O3: Код (УГО) | P3: УГО | Q3: Дифзащита, мА (да = 30) | R3: Мин. автомат, А | S3: 3L клемм на линию | U3: Этаж | V3: Название этажа | W3: Подъём, м | X3: По другим этажам, м | Z3: Обозначение | AA3: Кабель | AB3: Сечение в марке (1 да / 2 нет)
A4: Ввод | B4: Ввод питающей линии | C4: 5 | D4: 1 | E4: 1 | L4: Нет | M4: нет | O4: Ввод | U4: 0 | V4: Цокольный этаж | Z4: мс | AA4: ВВГнг(А)-LS | AB4: 1
A5: На ИБП | B5: Питание на ИБП | C5: 5 | D5: 1 | E5: 1 | L5: Нет | M5: нет | O5: На ИБП | U5: 1 | Z5: мфр | AA5: ВВГнг(А)-FRLS | AB5: 1
A6: От ИБП | B6: Питание от ИБП | C6: 5 | D6: 1 | E6: 1 | L6: Нет | M6: нет | O6: От ИБП | U6: 2 | Z6: ютп | AA6: FTP-Cat.6-4х2х0.52 | AB6: 2
A7: R | B7: Розеточная группа | C7: 2 | D7: 1 | E7: 1 | F7: мс | G7: 3 | H7: 230 | I7: 1 | J7: 2.5 | K7: Розеточная сеть и бытовые приборы | L7: Быт | M7: нет | O7: R | P7: Розетка | Q7: да | R7: 16 | U7: 3 | V7: Третий этаж | Z7: ре | AA7: ПуГВ | AB7: 1
A8: L | B8: Группа освещения | C8: 1 | D8: 1 | E8: 1 | F8: мс | G8: 3 | H8: 230 | I8: 1 | J8: 1.5 | K8: Рабочее освещение | L8: Быт | M8: нет | O8: L | P8: Светильник | Q8: нет | R8: 10 | Z8: мб | AA8: ВБШвнг(А)-LS | AB8: 1
A9: LED | B9: Светодиодное освещение | C9: 1 | D9: 1 | E9: 1 | K9: Рабочее освещение | L9: Быт | M9: нет | O9: LED | P9: Светильник | Q9: нет | R9: 10 | Z9: кмс | AA9: КГВВнг(А)-LS | AB9: 1
A10: R.ШТК | B10: Шкаф слаботочных систем | C10: 2 | D10: 1 | E10: 1 | K10: Слаботочные системы, автоматизация, KNX | L10: Пост | M10: нет | O10: R.ШТК | P10: Розетка | Q10: нет | R10: 16 | Z10: кмб | AA10: КВБбШвнг(А)-LS 14x2.5 | AB10: 2
A11: R.ЩОПС | B11: Щит охранно-пожарной сигнализации | C11: 2 | D11: 1 | E11: 1 | K11: Системы безопасности и связи | L11: Пост | M11: нет | O11: R.ЩОПС | P11: Розетка | Q11: нет | R11: 16 | Z11: мшф | AA11: ППГнг(А)-HF | AB11: 1
A12: АСУ | B12: Питание системы автоматизации | C12: 1 | D12: 1 | E12: 1 | K12: Слаботочные системы, автоматизация, KNX | L12: Пост | M12: нет | O12: АСУ | P12: Прочее (прямоуг. с подписью) | Q12: нет | Z12: кн | AA12: J-Y(St)Y 2х2х0.8 | AB12: 2
A13: PS-KNX | B13: Блок питания шины KNX | C13: 1 | D13: 1 | E13: 1 | K13: Слаботочные системы, автоматизация, KNX | L13: Пост | M13: нет | O13: PS-KNX | Z13: кф | AA13: КИПЭВ 2х2х0.6 | AB13: 2
A14: В | B14: Вытяжной вентилятор | C14: 1 | D14: 1 | E14: 1 | K14: Вентиляция | L14: Быт | M14: нет | O14: В | P14: Привод (двигатель) | Q14: нет | Z14: кс | AA14: КСПВГ 4х0.35 | AB14: 2
A15: ТП | B15: Теплый пол | C15: 2 | D15: 1 | E15: 1 | K15: Электрический тёплый пол | L15: Быт | M15: нет | O15: ТП | P15: Нагреватель | Q15: да | Z15: кмс1 | AA15: КГВВнг(А)-LS (5х1)
A16: ЭK | B16: Шаровый электрокран | C16: 1 | D16: 1 | E16: 1 | K16: Приводы (шторы, ворота, краны) | L16: Пост | M16: нет | O16: ЭK | P16: Клапан | Q16: нет
A17: TE-O | B17: Управление сервоприводом отопления | C17: 1 | D17: 1 | E17: 1 | K17: Слаботочные системы, автоматизация, KNX | L17: Пост | M17: нет | O17: TE-O
A18: SH | B18: Моторзированная нагрузка | C18: 1 | D18: 1 | E18: 1 | K18: Приводы (шторы, ворота, краны) | L18: Быт | M18: нет | O18: SH | P18: Привод (двигатель) | Q18: нет | S18: 2
A19: DALI | B19: Контролер DALI | C19: 1 | D19: 2 | E19: 1 | K19: Рабочее освещение | L19: Быт | M19: нет | O19: DALI | P19: Светильник | Q19: нет | R19: 10
A20: АПС | B20: Реле АПС | C20: 1 | D20: 1 | E20: 1 | K20: Системы безопасности и связи | L20: Пост | M20: нет | O20: АПС
A21: K | B21: Внутренний блок кондиционера | C21: 1 | D21: 1 | E21: 1 | K21: Кондиционирование и увлажнение | L21: Быт | M21: нет | O21: K | P21: Привод (двигатель) | Q21: нет
A22: ПВ | B22: Приточно-вытяжная установка | C22: 1 | D22: 1 | E22: 1 | K22: Вентиляция | L22: Сил | M22: нет | O22: ПВ
A23: УВ | B23: Увлажнитель | C23: 1 | D23: 1 | E23: 1 | K23: Кондиционирование и увлажнение | L23: Быт | M23: нет | O23: УВ | P23: Привод (двигатель) | Q23: нет
A24: ПН | B24: Проточный водонагреватель | C24: 1 | D24: 1 | E24: 1 | K24: Водонагреватели | L24: Быт | M24: нет | O24: ПН | P24: Нагреватель | Q24: да
A25: WD | B25: Датчик протечки | C25: 0 | D25: 1 | E25: 1 | K25: Слаботочные системы, автоматизация, KNX | L25: Пост | M25: нет | O25: WD
A26: VK | B26: Выключатель нажимной | C26: 0 | D26: 1 | E26: 1 | K26: Слаботочные системы, автоматизация, KNX | L26: Пост | M26: нет | O26: VK
A27: КУП | B27: Коробка уравнивания потенциалов | C27: 1 | D27: 1 | E27: 1 | L27: Нет | M27: нет | O27: КУП
A28: PE | B28: Заземляющая шина | C28: 1 | D28: 1 | E28: 1 | L28: Нет | M28: нет | O28: PE
A29: R.GSM | B29: Щит усиления соловой связи | C29: 1 | D29: 1 | E29: 1 | K29: Системы безопасности и связи | L29: Пост | M29: нет | O29: R.GSM | P29: Розетка | Q29: нет | R29: 16
A30: TE-ТП | B30: Управление сервоприводом теплого пола | C30: 1 | D30: 1 | E30: 1 | K30: Слаботочные системы, автоматизация, KNX | L30: Пост | M30: нет | O30: TE-ТП
A31: ПУ | B31: Приточная установка | C31: 1 | D31: 1 | E31: 1 | K31: Вентиляция | L31: Сил | M31: нет | O31: ПУ | P31: Привод (двигатель) | Q31: нет
A32: LD | B32: Питание подсветок | C32: 3 | D32: 1 | E32: 1 | K32: Рабочее освещение | L32: Быт | M32: нет | O32: LD | P32: Светильник | Q32: нет | R32: 10
A33: КМН | B33: Электрокамин | C33: 1 | D33: 1 | E33: 1 | K33: Электроотопление (конвекторы, камины) | L33: Быт | M33: нет | O33: КМН | P33: Нагреватель | Q33: нет
O34: Доп. коды (нет в списке P — латиница/кириллица и т.п.)
O35: К | P35: Привод (двигатель) | Q35: нет
O36: ЭК | P36: Клапан | Q36: нет
O37: TE | P37: Сервопривод | Q37: нет
O38: ТЕ | P38: Сервопривод | Q38: нет

Sheet Щиты
B1: КАК ЗАПОЛНЯТЬ ЛИСТ «ЩИТЫ»
B2: ЩИТЫ: одна строка — один щит объекта. Жёлтые столбцы — ввод, серые — результат. Свёрнутые столбцы (кнопка «+» над таблицей) — подробности расчёта.
B3: Для КАЖДОГО щита: Щит (имя, как в «Линиях»), Вводов (1/2/3), АВР (да/нет), ИБП от (Ввод 1/2/3), Мест под вводной узел (обычно 15).
B4: «Питается от» обычно НЕ заполняйте: книга сама находит линию-фидер в «Линиях» (номер линии = имя щита, или столбец «Питает щит»).
B5: Только для ВРУ / ГРЩ (щит без вышестоящего): данные сети — Iкз min и Iкз max от сетевой организации, или «ТП» и мощность трансформатора; питающий кабель и аппарат. Без них ток КЗ не считается ни в одном щите.
B6: Результат: Руст, Рр, Iр, cos φ — щит вместе со всеми нижестоящими; ΔU до шин и Iкз — от ВРУ по фидерам; «Категория шины «Ввод»» — какую категорию даёт схема; «Замечания щита» — что исправить.
A8: СХЕМА ЩИТА (ввод для каждого щита) | G8: ТОЛЬКО ДЛЯ ВРУ / ГРЩ: сеть и питающий кабель (ввод) | U8: РЕЗУЛЬТАТ (считается сам)
A9: Щит | B9: Питается от | C9: Вводов | D9: АВР | E9: ИБП от | F9: Мест под вводной узел | G9: Питание: от (ТП / сеть) | H9: ΔU до питающего, % | I9: Iкз min от сети, А | J9: Iкз max от сети, кА | K9: Sтр, кВА | L9: Схема тр-ра | M9: Питающий кабель: S, мм² | N9: Жил | O9: Кабелей параллельно | P9: Длина, м | Q9: Материал | R9: In питающего аппарата, А | S9: Хар-ка аппарата | T9: Кат. питающей линии (ручн.) | U9: Питается от (итог) | V9: Замечания щита | W9: Линия фидера | X9: Руст, кВт | Y9: Рр, кВт | Z9: Iр, А | AA9: cos φ | AB9: ΔU до шин, % | AC9: Iкз min на шинах, А | AD9: Iкз max на шинах, кА | AE9: Категория шины «Ввод» | AF9: Путь | AG9: Корень | AH9: Уровень | AI9: _строка фидера | AJ9: _Руст собств | AK9: _быт собств | AL9: _сил собств | AM9: _пост собств | AN9: _P собств | AO9: _Pcos собств | AP9: _отоп собств | AQ9: _внг собств | AR9: Руст быт, кВт | AS9: Кс быт | AT9: Рр сил, кВт | AU9: Руст пост, кВт | AV9: Р отопления, кВт | AW9: Рр ВНГ, кВт | AX9: _n силовых | AY9: Кс силовых (табл. 7.5) | AZ9: Ко | BA9: Кс итог | BB9: P L1, кВт | BC9: P L2, кВт | BD9: P L3, кВт | BE9: _ΔU фидера | BF9: _ΔU пит. линии | BG9: _ΔU источника | BH9: _петля пит. кабеля | BI9: _Zсети | BJ9: _Zисточника | BK9: _Zфидера | BL9: Zпетли на шинах, Ом | BM9: _Zmax сети | BN9: _Zmax источника | BO9: _Zmax фидера | BP9: Zmax на шинах, Ом | BQ9: _ранг собств | BR9: Высшая категория нагрузки | BS9: Категория фидера | BT9: Iпуск max, А | BU9: Источник фидера | BV9: Пожарный фидер | BW9: Не обеспечено, линий
A10: ЩР | C10: 1 | D10: нет | E10: Ввод 1 | F10: 18 | U10: {=IF(Щиты[[#This Row],[Питается от]]<>"",Щиты[[#This Row],[Питается от]],IFERROR(INDEX(Линии[Щит],Щиты[[#This Row],[_строка фидера]]),""))} | V10: =_xlfn.TEXTJOIN("; ",TRUE,IF(AND(Щиты[[#This Row],[Питается от (итог)]]="",Щиты[[#This Row],[Zпетли на шинах, Ом]]=""),"нет данных сети для ТКЗ: введите Iкз от сетевой организации или трансформатор",""),IF(AND(Щиты[[#This Row],[Категория фидера]]<>"",IFERROR(MATCH(Щиты[[#This Row],[Категория фидера]],{"III","II","I","I особая"},0),1)<IFERROR(MATCH(Щиты[[#This Row],[Высшая категория нагрузки]],{"III","II","I","I особая"},0),1)),"фидер "&Щиты[[#This Row],[Категория фидера]]&" ниже нагрузки "&Щиты[[#This Row],[Высшая категория нагрузки]],""),IF(Щиты[[#This Row],[Не обеспечено, линий]]>0,"не обеспечена категория у "&Щиты[[#This Row],[Не обеспечено, линий]]&" линий",""),IF(AND(Щиты[[#This Row],[Питается от]]<>"",Щиты[[#This Row],[_строка фидера]]=""),"нет линии-фидера в «Линиях»: номер линии = имя щита или столбец «Питает щит»",""),IF(AND(ISNUMBER(Щиты[[#This Row],[ΔU до шин, %]]),Щиты[[#This Row],[ΔU до шин, %]]>4),"ΔU до шин "&FIXED(Щиты[[#This Row],[ΔU до шин, %]],2)&" % > 4 %","")) -> нет данных сети для ТКЗ: введите Iкз от сетевой организации или трансформатор | W10: {=IF(Щиты[[#This Row],[_строка фидера]]="","",INDEX(Линии[Номер линии],Щиты[[#This Row],[_строка фидера]]))} | X10: =SUMIFS(Щиты[_Руст собств],Щиты[Путь],"*|"&Щиты[[#This Row],[Щит]]&"|*") -> 5.52 | Y10: =k_пк*Щиты[[#This Row],[Руст быт, кВт]]*Щиты[[#This Row],[Кс быт]]+Щиты[[#This Row],[Ко]]*Щиты[[#This Row],[Рр сил, кВт]]+Щиты[[#This Row],[Руст пост, кВт]]+Щиты[[#This Row],[Р отопления, кВт]]+Щиты[[#This Row],[Рр ВНГ, кВт]] -> 4.416 | Z10: =IFERROR(MAX(MAX(Щиты[[#This Row],[P L1, кВт]],Щиты[[#This Row],[P L2, кВт]],Щиты[[#This Row],[P L3, кВт]])*Щиты[[#This Row],[Кс итог]]/((Uн_лин*1000/SQRT(3))/1000*Щиты[[#This Row],[cos φ]]),Щиты[[#This Row],[Рр, кВт]]/(SQRT(3)*Uн_лин*Щиты[[#This Row],[cos φ]])),0) -> 7.2928455 | AA10: =IFERROR(SUMIFS(Щиты[_Pcos собств],Щиты[Путь],"*|"&Щиты[[#This Row],[Щит]]&"|*")/SUMIFS(Щиты[_P собств],Щиты[Путь],"*|"&Щиты[[#This Row],[Щит]]&"|*"),0.95) -> 0.95 | AB10: {=SUMPRODUCT(--ISNUMBER(SEARCH("|"&Щиты[Щит]&"|",Щиты[[#This Row],[Путь]])),IFERROR(--Щиты[_ΔU фидера],0)+IFERROR(--Щиты[_ΔU источника],0))} -> 0 | AC10: =IF(ISNUMBER(Щиты[[#This Row],[Zпетли на шинах, Ом]]),c_min*(Uн_лин*1000/SQRT(3))/Щиты[[#This Row],[Zпетли на шинах, Ом]],"") | AD10: =IF(ISNUMBER(Щиты[[#This Row],[Zmax на шинах, Ом]]),1.05*(Uн_лин*1000/SQRT(3))/Щиты[[#This Row],[Zmax на шинах, Ом]]/1000,"") | AE10: {=_xlfn.LET(_xlpm.w,_xlfn.TEXTSPLIT(Щиты[[#This Row],[Путь]],"|"),_xlpm.names,_xlfn._xlws.FILTER(_xlpm.w,_xlpm.w<>""),_xlfn.REDUCE("",_xlpm.names,_xlfn.LAMBDA(_xlpm.acc,_xlpm.nm,_xlfn.LET(_xlpm.inp,N(_xlfn.XLOOKUP(_xlpm.nm,Щиты[Щит],Щиты[Вводов],1)),_xlpm.avr,LOWER(TRIM(_xlfn.XLOOKUP(_xlpm.nm,Щиты[Щит],Щиты[АВР],"нет")&"")),_xlpm.own,IF(_xlpm.inp>=2,IF(_xlpm.avr="да","I","II"),"III"),_xlpm.fr,_xlfn.XLOOKUP(_xlpm.nm,Щиты[Щит],Щиты[_строка фидера],""),_xlpm.bt,IF(_xlpm.fr="","",INDEX(Линии[Тип шины],_xlpm.fr)&""),_xlpm.man,TRIM(_xlfn.XLOOKUP(_xlpm.nm,Щиты[Щит],Щиты[Кат. питающей линии (ручн.)],"")&""),_xlpm.up,IF(_xlpm.acc="",_xlpm.man,IF(OR(_xlpm.bt="ИБП",_xlpm.bt="ДГУ"),"I особая",IF(_xlpm.bt="Одиночная","III",_xlpm.acc))),IF(_xlpm.own<>"III",_xlpm.own,IF(OR(_xlpm.up="I особая",_xlpm.up="I",_xlpm.up="II"),"II","III"))))))} -> III | AF10: {=_xlfn.LET(_xlpm.f,_xlfn.LAMBDA(_xlpm.x,IF(_xlpm.x="","",_xlfn.XLOOKUP(_xlpm.x,Щиты[Щит],Щиты[Питается от (итог)],"")&"")),_xlpm.п0,Щиты[[#This Row],[Щит]],_xlpm.п1,_xlpm.f(_xlpm.п0),_xlpm.п2,_xlpm.f(_xlpm.п1),_xlpm.п3,_xlpm.f(_xlpm.п2),_xlpm.п4,_xlpm.f(_xlpm.п3),_xlpm.п5,_xlpm.f(_xlpm.п4),_xlpm.п6,_xlpm.f(_xlpm.п5),_xlpm.п7,_xlpm.f(_xlpm.п6),"|"&_xlfn.TEXTJOIN("|",TRUE,_xlpm.п7,_xlpm.п6,_xlpm.п5,_xlpm.п4,_xlpm.п3,_xlpm.п2,_xlpm.п1,_xlpm.п0)&"|")} -> |ЩР| | AG10: =_xlfn.TEXTBEFORE(MID(Щиты[[#This Row],[Путь]],2,999),"|") -> ЩР | AH10: =LEN(Щиты[[#This Row],[Путь]])-LEN(SUBSTITUTE(Щиты[[#This Row],[Путь]],"|",""))-2 -> 0 | AI10: =IFERROR(_xlfn.XMATCH(Щиты[[#This Row],[Щит]],Линии[_фидер]),"") | AJ10: =SUMIFS(Линии[_Руст (без Нет)],Линии[Щит],Щиты[[#This Row],[Щит]]) -> 5.52 | AK10: =SUMIFS(Линии[_Руст быт],Линии[Щит],Щиты[[#This Row],[Щит]]) -> 5.52 | AL10: =SUMIFS(Линии[_Рр сил],Линии[Щит],Щиты[[#This Row],[Щит]]) -> 0 | AM10: =SUMIFS(Линии[_Руст пост],Линии[Щит],Щиты[[#This Row],[Щит]]) -> 0 | AN10: =SUMIFS(Линии[_P для cos],Линии[Щит],Щиты[[#This Row],[Щит]]) -> 5.52 | AO10: =SUMIFS(Линии[_P·cos],Линии[Щит],Щиты[[#This Row],[Щит]]) -> 5.244 | AP10: =SUMIFS(Линии[_Р отопления],Линии[Щит],Щиты[[#This Row],[Щит]]) -> 0 | AQ10: =SUMIFS(Линии[_Рр ВНГ],Линии[Щит],Щиты[[#This Row],[Щит]]) -> 0 | AR10: =SUMIFS(Щиты[_быт собств],Щиты[Путь],"*|"&Щиты[[#This Row],[Щит]]&"|*") -> 5.52 | AS10: {=_xlfn.LET(_xlpm.x,Щиты[[#This Row],[Руст быт, кВт]],_xlpm.m,MATCH(_xlpm.x,Кс_Р,1),IF(_xlpm.x>=INDEX(Кс_Р,ROWS(Кс_Р)),INDEX(Кс_К,ROWS(Кс_К)),INDEX(Кс_К,_xlpm.m)+(_xlpm.x-INDEX(Кс_Р,_xlpm.m))*(INDEX(Кс_К,_xlpm.m+1)-INDEX(Кс_К,_xlpm.m))/(INDEX(Кс_Р,_xlpm.m+1)-INDEX(Кс_Р,_xlpm.m))))} -> 0.8 | AT10: =SUMIFS(Щиты[_сил собств],Щиты[Путь],"*|"&Щиты[[#This Row],[Щит]]&"|*") -> 0 | AU10: =SUMIFS(Щиты[_пост собств],Щиты[Путь],"*|"&Щиты[[#This Row],[Щит]]&"|*") -> 0 | AV10: =SUMIFS(Щиты[_отоп собств],Щиты[Путь],"*|"&Щиты[[#This Row],[Щит]]&"|*") -> 0 | AW10: =SUMIFS(Щиты[_внг собств],Щиты[Путь],"*|"&Щиты[[#This Row],[Щит]]&"|*") -> 0 | AX10: =COUNTIFS(Линии[Щит],Щиты[[#This Row],[Щит]],Линии[Группа Кс (итог)],"Сил") -> 0 | AY10: {=_xlfn.LET(_xlpm.n,Щиты[[#This Row],[_n силовых]],IF(_xlpm.n<=1,1,IF(_xlpm.n>=MAX(Кс75_n),INDEX(Кс75_k,ROWS(Кс75_k)),_xlfn.LET(_xlpm.m,MATCH(_xlpm.n,Кс75_n,1),INDEX(Кс75_k,_xlpm.m)+(_xlpm.n-INDEX(Кс75_n,_xlpm.m))*(INDEX(Кс75_k,_xlpm.m+1)-INDEX(Кс75_k,_xlpm.m))/(INDEX(Кс75_n,_xlpm.m+1)-INDEX(Кс75_n,_xlpm.m))))))} -> 1 | AZ10: =IF(Методика="нормы 2026",IF(AND(Щиты[[#This Row],[Руст быт, кВт]]>0,Щиты[[#This Row],[Рр сил, кВт]]>0),Ко_сил,1),Ко_сил) -> 1 | BA10: =IF(Щиты[[#This Row],[Руст, кВт]]=0,0,Щиты[[#This Row],[Рр, кВт]]/Щиты[[#This Row],[Руст, кВт]]) -> 0.8 | BB10: =SUMIFS(Линии[Р, кВт],Линии[Щит],Щиты[[#This Row],[Щит]],Линии[Фаза],"L1,L2,L3",Линии[Группа Кс (итог)],"<>Нет")/3+SUMIFS(Линии[Р, кВт],Линии[Щит],Щиты[[#This Row],[Щит]],Линии[Фаза],"L1",Линии[Группа Кс (итог)],"<>Нет") -> 1.58 | BC10: =SUMIFS(Линии[Р, кВт],Линии[Щит],Щиты[[#This Row],[Щит]],Линии[Фаза],"L1,L2,L3",Линии[Группа Кс (итог)],"<>Нет")/3+SUMIFS(Линии[Р, кВт],Линии[Щит],Щиты[[#This Row],[Щит]],Линии[Фаза],"L2",Линии[Группа Кс (итог)],"<>Нет") -> 1.94 | BD10: =SUMIFS(Линии[Р, кВт],Линии[Щит],Щиты[[#This Row],[Щит]],Линии[Фаза],"L1,L2,L3",Линии[Группа Кс (итог)],"<>Нет")/3+SUMIFS(Линии[Р, кВт],Линии[Щит],Щиты[[#This Row],[Щит]],Линии[Фаза],"L3",Линии[Группа Кс (итог)],"<>Нет") -> 2 | BE10: {=IF(Щиты[[#This Row],[_строка фидера]]="","",INDEX(Линии[ΔU, %],Щиты[[#This Row],[_строка фидера]]))} | BF10: =IF(OR(N(Щиты[[#This Row],[Питающий кабель: S, мм²]])=0,N(Щиты[[#This Row],[Длина, м]])=0),0,(IF(Щиты[[#This Row],[Материал]]="алюминий",0.036,0.0225)*N(Щиты[[#This Row],[Длина, м]])/(N(Щиты[[#This Row],[Питающий кабель: S, мм²]])*MAX(1,N(Щиты[[#This Row],[Кабелей параллельно]])))*Щиты[[#This Row],[cos φ]]+0.00008*N(Щиты[[#This Row],[Длина, м]])/MAX(1,N(Щиты[[#This Row],[Кабелей параллельно]]))*SIN(ACOS(Щиты[[#This Row],[cos φ]])))*Щиты[[#This Row],[Iр, А]]/(Uн_лин*1000/SQRT(3))*100) -> 0 | BG10: =IF(Щиты[[#This Row],[Питается от (итог)]]<>"",0,IF(LEFT(UPPER(TRIM(Щиты[[#This Row],[Питание: от (ТП / сеть)]])),2)="ТП",0,N(Щиты[[#This Row],[ΔU до питающего, %]])+Щиты[[#This Row],[_ΔU пит. линии]])) -> 0 | BH10: =IF(N(Щиты[[#This Row],[Питающий кабель: S, мм²]])>0,2*IF(Щиты[[#This Row],[Материал]]="алюминий",ρкз_Al,ρкз_Cu)*N(Щиты[[#This Row],[Длина, м]])/(N(Щиты[[#This Row],[Питающий кабель: S, мм²]])*MAX(1,N(Щиты[[#This Row],[Кабелей параллельно]]))),0) -> 0 | BI10: =IF(Щиты[[#This Row],[Питается от (итог)]]<>"","",IF(N(Щиты[[#This Row],[Iкз min от сети, А]])>0,c_min*(Uн_лин*1000/SQRT(3))/Щиты[[#This Row],[Iкз min от сети, А]],IF(AND(LEFT(UPPER(TRIM(Щиты[[#This Row],[Питание: от (ТП / сеть)]])),2)="ТП",N(Щиты[[#This Row],[Sтр, кВА]])>0),0.055*Uн_лин^2/(Щиты[[#This Row],[Sтр, кВА]]/1000)*IF(Щиты[[#This Row],[Схема тр-ра]]="Y/Yн",3,1),""))) | BJ10: =IF(Щиты[[#This Row],[_Zсети]]="","",Щиты[[#This Row],[_Zсети]]+Щиты[[#This Row],[_петля пит. кабеля]]) | BK10: {=IF(Щиты[[#This Row],[_строка фидера]]="","",INDEX(Линии[_Zкабеля],Щиты[[#This Row],[_строка фидера]]))} | BL10: {=IF(_xlfn.XLOOKUP(Щиты[[#This Row],[Корень]],Щиты[Щит],Щиты[_Zисточника],"")="","",SUMPRODUCT(--ISNUMBER(SEARCH("|"&Щиты[Щит]&"|",Щиты[[#This Row],[Путь]])),IFERROR(--Щиты[_Zисточника],0)+IFERROR(--Щиты[_Zфидера],0))+SUMPRODUCT(--ISNUMBER(SEARCH("|"&Щиты[Щит]&"|",Щиты[[#This Row],[Путь]])))*R_пер)} | BM10: =IF(Щиты[[#This Row],[Питается от (итог)]]<>"","",IF(N(Щиты[[#This Row],[Iкз max от сети, кА]])>0,1.05*(Uн_лин*1000/SQRT(3))/(Щиты[[#This Row],[Iкз max от сети, кА]]*1000),IF(AND(LEFT(UPPER(TRIM(Щиты[[#This Row],[Питание: от (ТП / сеть)]])),2)="ТП",N(Щиты[[#This Row],[Sтр, кВА]])>0),0.055*Uн_лин^2/(Щиты[[#This Row],[Sтр, кВА]]/1000),""))) | BN10: =IF(Щиты[[#This Row],[_Zmax сети]]="","",Щиты[[#This Row],[_Zmax сети]]+IF(N(Щиты[[#This Row],[Питающий кабель: S, мм²]])>0,IF(Щиты[[#This Row],[Материал]]="алюминий",0.028,0.0175)*N(Щиты[[#This Row],[Длина, м]])/(N(Щиты[[#This Row],[Питающий кабель: S, мм²]])*MAX(1,N(Щиты[[#This Row],[Кабелей параллельно]]))),0)) | BO10: {=IF(Щиты[[#This Row],[_строка фидера]]="","",INDEX(Линии[_Zmax кабеля],Щиты[[#This Row],[_строка фидера]]))} | BP10: {=IF(_xlfn.XLOOKUP(Щиты[[#This Row],[Корень]],Щиты[Щит],Щиты[_Zmax источника],"")="","",SUMPRODUCT(--ISNUMBER(SEARCH("|"&Щиты[Щит]&"|",Щиты[[#This Row],[Путь]])),IFERROR(--Щиты[_Zmax источника],0)+IFERROR(--Щиты[_Zmax фидера],0)))} | BQ10: =_xlfn.MAXIFS(Линии[_ранг для фидера],Линии[Щит],Щиты[[#This Row],[Щит]]) -> 1 | BR10: {=IFERROR(INDEX({"III","II","I","I особая"},MAX(1,_xlfn.MAXIFS(Щиты[_ранг собств],Щиты[Путь],"*|"&Щиты[[#This Row],[Щит]]&"|*"))),"III")} -> III | BS10: {=IF(Щиты[[#This Row],[_строка фидера]]="","",INDEX(Линии[Категория (итог)],Щиты[[#This Row],[_строка фидера]]))} | BT10: =_xlfn.MAXIFS(Линии[Iпуск, А],Линии[Щит],Щиты[[#This Row],[Щит]]) -> 0 | BU10: {=IF(Щиты[[#This Row],[_строка фидера]]="","",INDEX(Линии[Источник для режимов],Щиты[[#This Row],[_строка фидера]]))} | BV10: {=IF(Щиты[[#This Row],[_строка фидера]]="","",INDEX(Линии[Пожарная (итог)],Щиты[[#This Row],[_строка фидера]]))} | BW10: =COUNTIFS(Линии[Щит],Щиты[[#This Row],[Щит]],Линии[Категория: проверка],"НЕ ОБЕСПЕЧЕНА") -> 0

Sheet Итоги_щитов
B1: ИТОГИ ПО ЩИТАМ (данные под однолинейку)
B3: Щит: | C3: ЩР | F3: Щит | G3: Питается от | H3: Руст, кВт | I3: Кс итог | J3: Рр, кВт | K3: cos φ | L3: Iр, А | M3: P L1, кВт | N3: P L2, кВт | O3: P L3, кВт | P3: ΔU до шин, % | Q3: Iкз min, А | R3: Iкз max, кА | S3: Категория
B4: Питается от | C4: =_xlfn.XLOOKUP($C$3,Щиты[Щит],Щиты[Питается от (итог)],"") | F4: {=_xlfn.HSTACK(Щиты[Щит],Щиты[Питается от (итог)],Щиты[Руст, кВт],Щиты[Кс итог],Щиты[Рр, кВт],Щиты[cos φ],Щиты[Iр, А],Щиты[P L1, кВт],Щиты[P L2, кВт],Щиты[P L3, кВт],Щиты[ΔU до шин, %],Щиты[Iкз min на шинах, А],Щиты[Iкз max на шинах, кА],Щиты[Категория шины «Ввод»])} -> ЩР | H4: 5.52 | I4: 0.8 | J4: 4.416 | K4: 0.95 | L4: 7.2928455 | M4: 1.58 | N4: 1.94 | O4: 2 | P4: 0 | S4: III
B5: Руст | C5: =_xlfn.XLOOKUP($C$3,Щиты[Щит],Щиты[Руст, кВт],"") -> 5.52 | D5: кВт
B6: в т. ч. бытовая | C6: =_xlfn.XLOOKUP($C$3,Щиты[Щит],Щиты[Руст быт, кВт],"") -> 5.52 | D6: кВт
B7: Кс быт (табл. 7.2) | C7: =_xlfn.XLOOKUP($C$3,Щиты[Щит],Щиты[Кс быт],"") -> 0.8
B8: Рр силовой (Σ P·Кс) | C8: =_xlfn.XLOOKUP($C$3,Щиты[Щит],Щиты[Рр сил, кВт],"") -> 0 | D8: кВт
B9: Руст постоянной | C9: =_xlfn.XLOOKUP($C$3,Щиты[Щит],Щиты[Руст пост, кВт],"") -> 0 | D9: кВт
B10: Р отопления (Кс 1) | C10: =_xlfn.XLOOKUP($C$3,Щиты[Щит],Щиты[Р отопления, кВт],"") -> 0 | D10: кВт
B11: Рр ВНГ (×0,7) | C11: =_xlfn.XLOOKUP($C$3,Щиты[Щит],Щиты[Рр ВНГ, кВт],"") -> 0 | D11: кВт
B12: Ко | C12: =_xlfn.XLOOKUP($C$3,Щиты[Щит],Щиты[Ко],"") -> 1
B13: Рр | C13: =_xlfn.XLOOKUP($C$3,Щиты[Щит],Щиты[Рр, кВт],"") -> 4.416 | D13: кВт
B14: Кс итог = Рр / Руст | C14: =_xlfn.XLOOKUP($C$3,Щиты[Щит],Щиты[Кс итог],"") -> 0.8
B15: cos φ | C15: =_xlfn.XLOOKUP($C$3,Щиты[Щит],Щиты[cos φ],"") -> 0.95
B16: Qр = Рр·tg φ | C16: =IFERROR(C13*TAN(ACOS(C15)),"") -> 1.451469 | D16: квар
B17: Sр | C17: =IFERROR(SQRT(C13^2+C16^2),"") -> 4.6484211 | D17: кВА
B18: Iр (по наиб. нагруженной фазе) | C18: =_xlfn.XLOOKUP($C$3,Щиты[Щит],Щиты[Iр, А],"") -> 7.2928455 | D18: А
B19: P L1 / L2 / L3 | C19: =IFERROR(FIXED(_xlfn.XLOOKUP($C$3,Щиты[Щит],Щиты[P L1, кВт],""),2)&" / "&FIXED(_xlfn.XLOOKUP($C$3,Щиты[Щит],Щиты[P L2, кВт],""),2)&" / "&FIXED(_xlfn.XLOOKUP($C$3,Щиты[Щит],Щиты[P L3, кВт],""),2),"") -> 1,58 / 1,94 / 2,00 | D19: кВт
B20: L1р / L2р / L3р (P·Кс итог) | C20: =IFERROR(FIXED(_xlfn.XLOOKUP($C$3,Щиты[Щит],Щиты[P L1, кВт],"")*C14,2)&" / "&FIXED(_xlfn.XLOOKUP($C$3,Щиты[Щит],Щиты[P L2, кВт],"")*C14,2)&" / "&FIXED(_xlfn.XLOOKUP($C$3,Щиты[Щит],Щиты[P L3, кВт],"")*C14,2),"") -> 1,26 / 1,55 / 1,60 | D20: кВт
B21: Перекос фаз (max−min)/max | C21: =IFERROR(_xlfn.LET(_xlpm.a,_xlfn.XLOOKUP($C$3,Щиты[Щит],Щиты[P L1, кВт],""),_xlpm.b,_xlfn.XLOOKUP($C$3,Щиты[Щит],Щиты[P L2, кВт],""),_xlpm.cc,_xlfn.XLOOKUP($C$3,Щиты[Щит],Щиты[P L3, кВт],""),(MAX(_xlpm.a,_xlpm.b,_xlpm.cc)-MIN(_xlpm.a,_xlpm.b,_xlpm.cc))/MAX(_xlpm.a,_xlpm.b,_xlpm.cc)*100),"") -> 21 | D21: %
B22: Наибольший пусковой ток | C22: =_xlfn.XLOOKUP($C$3,Щиты[Щит],Щиты[Iпуск max, А],"") -> 0 | D22: А
B23: Компенсация реактивной мощности | C23: =IFERROR(IF((TAN(ACOS(C15))-0.35)*C13<50,"не требуется (< 50 квар, СП 256 п. 7.3)",FIXED((TAN(ACOS(C15))-0.35)*C13,1)&" квар"),"") -> не требуется (< 50 квар, СП 256 п. 7.3)
B24: ΔU от ВРУ до шин | C24: =_xlfn.XLOOKUP($C$3,Щиты[Щит],Щиты[ΔU до шин, %],"") -> 0 | D24: %
B25: Iкз min (1ф) на шинах | C25: =_xlfn.XLOOKUP($C$3,Щиты[Щит],Щиты[Iкз min на шинах, А],"") | D25: А
B26: Iкз max (3ф) на шинах | C26: =_xlfn.XLOOKUP($C$3,Щиты[Щит],Щиты[Iкз max на шинах, кА],"") | D26: кА
B27: Категория шины «Ввод» | C27: =_xlfn.XLOOKUP($C$3,Щиты[Щит],Щиты[Категория шины «Ввод»],"") -> III
B29: Карточка слева — для таблицы под однолинейкой выбранного щита (скопируйте B4:D27 как значения). Справа — все щиты объекта.

Sheet Шины
B1: КАК ЗАПОЛНЯТЬ ЛИСТ «ШИНЫ»
B2: ШИНЫ: нужен, только если тип шины НЕ определяется сам. Обычно лист пустой.
B3: Как определяется сам: в «Линиях» в столбце «Шина» (в строке с автоматом) пишется имя шины. Имя содержит «ИБП» → шина ИБП (категория I особая); «ДГУ» → шина ДГУ; иначе — основная шина секции линии (Ввод 1/2/3 по столбцу «Секция»).
B4: Когда заполнять: имя шины не говорит о её типе. Пример: шина «ЩГП» питается от ИБП → строка: Шина = ЩГП, Щит = ЩР-1 (или пусто — для всех щитов), Тип = ИБП. Пример: «Шина вентиляции» без резерва → Тип = Одиночная (категория III).
B5: Типы: Ввод 1 / Ввод 2 / Ввод 3 — источник по секции; ИБП, ДГУ — отдельный источник (I особая); Одиночная — без резерва (III). Тип влияет на категорию линий и на режимы (лист «Режимы»).
A7: ШИНЫ: тип шины вручную. Без строки здесь — по имени (ИБП / ДГУ) или по секции линии (Ввод 1 / 2 / 3).
A8: Шина | B8: Щит | C8: Тип

Sheet Линии
A1: ЛИНИЯ (ввод) | P1: КАБЕЛЬ (ввод) | Z1: КАТЕГОРИИ (ввод) | AC1: СХЕМА (ввод) | AM1: DWG (заполняет DLN) | AR1: ЗАМЕЧАНИЯ | DE1: КАТЕГОРИИ (расчёт) | EP1: СХЕМА (расчёт)
A2: Щит | B2: № места | C2: Лист / место | D2: Номер линии | E2: Наименование | F2: Питает щит | G2: Мощность, кВт | H2: Кол-во потребителей (для длины) | I2: Кол-во фаз | J2: Напряжение | K2: Группа Кс (Быт/Сил/Пост/Отоп/ВНГ/Нет; пусто = по коду) | L2: Кс (для Сил) | M2: cos φ (ручн.) | N2: Секция (1/2/3; пусто = 1) | O2: Фаза (ручная) | P2: Длина линии (по плану) | Q2: Лоток | R2: Гофра ПВХ | S2: Гофра ПНД | T2: Потолок - 1/Пол - 2 | U2: Марка кабеля | V2: Кол-во жил | W2: Сечение (ручное) | X2: автомат (ручное) | Y2: К прокл. линии (пусто = общий) | Z2: Вид нагрузки (пусто = по коду) | AA2: Категория надёжности (ввод: I особая / I / II / III; пусто = III) | AB2: Пожарная (ввод: да / нет; пусто = по коду) | AC2: Шина | AD2: Автомат «авто» или текст | AE2: Дифзащита, мА | AF2: Аппарат 1 | AG2: Аппарат 2 | AH2: Аппарат 3 | AI2: Модуль | AJ2: Канал | AK2: Клемма | AL2: Режим | AM2: DWG: гофра ПВХ по плану, м | AN2: DWG: гофра ПНД по плану, м | AO2: DWG: хэндлы полилиний | AP2: DWG: примечание | AQ2: Доп информация из выноски | AR2: Замечания | AS2: _n | AT2: Код | AU2: _часть1 | AV2: Этаж/Шлейф | AW2: _часть2 | AX2: Помещение | AY2: Наименование по коду | AZ2: Наименование (итог) | BA2: _фидер | BB2: _№ щита | BC2: _мест узла | BD2: _№ места (итог) | BE2: _зона | BF2: Р, кВт | BG2: U, В | BH2: Фаз | BI2: Марка (итог) | BJ2: Жил | BK2: Сечение задано | BL2: _тип пуска | BM2: cos φ | BN2: Ток, А | BO2: Автомат | BP2: _k жил | BQ2: _К прокл | BR2: _столбец Iдоп | BS2: Сечение | BT2: _ρ | BU2: _x | BV2: _Lплан | BW2: Длина, м | BX2: _гофра ПВХ | BY2: _гофра ПНД | BZ2: _b | CA2: _sin | CB2: _ΔU, В | CC2: ΔU, % | CD2: ΔU от ВРУ, % | CE2: Допустимо ΔU, % | CF2: _кабель | CG2: _кабель с сечением | CH2: Кабель | CI2: _Zкабеля | CJ2: _Zmax кабеля | CK2: Zпетли в конце, Ом | CL2: Iкз min в конце линии, А | CM2: Iкз max в конце, кА | CN2: Группа Кс (итог) | CO2: Кс | CP2: Секция | CQ2: _Руст (без Нет) | CR2: _Руст быт | CS2: _Рр сил | CT2: _Руст пост | CU2: _Р отопления | CV2: _Рр ВНГ | CW2: _P для cos | CX2: _P·cos | CY2: _фаза № | CZ2: _фаза авто | DA2: _Iпуск двиг. | DB2: _Iпуск LED | DC2: Iпуск, А | DD2: Фаза | DE2: Категория (итог) | DF2: Пожарная (итог) | DG2: _шина группы | DH2: Шина (итог) | DI2: _секция № | DJ2: Тип шины | DK2: Источник для режимов | DL2: Категория обеспечена | DM2: _ранг категории | DN2: _ранг для фидера | DO2: Категория: проверка | DP2: _путь щита | DQ2: Вид нагрузки (итог) | DR2: Лист схемы | DS2: Кабель (строкой) | DT2: _Р схемы | DU2: _Ток схемы | DV2: _фаз | DW2: _дифзащита по коду, мА | DX2: _в кабель выше | DY2: _гр. | DZ2: _гр. (перенос) | EA2: _мин. по типу | EB2: _макс. автомат по кабелю | EC2: _ток группы | ED2: _номинал по току | EE2: _по току | EF2: _мин. по кабелям | EG2: _фаз гр. | EH2: Дифзащита группы, мА | EI2: _дифзащита гр. (0/1) | EJ2: _QF нач. | EK2: _QF гр. | EL2: _аппараты гр. | EM2: _БП/тр-р | EN2: _номинал | EO2: _полюса | EP2: Автомат (схема) | EQ2: _номинал итог | ER2: _префикс | ES2: _модуль нач. | ET2: _модуль гр. | EU2: _модель гр. | EV2: Канал (итог) | EW2: _посл. канал | EX2: _клемма | EY2: Клемма (итог) | EZ2: QF | FA2: _Модуль (схема) | FB2: Проверка автомата | FC2: Проверка канала | FD2: _In гр. | FE2: _автомат гр. | FF2: _дифзащита гр. (строки) | FG2: _мА гр. (строки) | FH2: Iкз / In | FI2: _кратность | FJ2: Отключение ≤ 0,4 с | FK2: Статус | FL2: Icu автомата, кА | FM2: Проверка Icu | FN2: _цепь для бирок | FO2: _цепь с кабелем | FP2: _бирка 1 | FQ2: _бирка 1 линия | FR2: _бирка 2 | FS2: _бирка 2 линия | FT2: _бирка 3 | FU2: _бирка 3 линия | FV2: _бирка 4 | FW2: _бирка 4 линия | FX2: _бирка 5 | FY2: _бирка 5 линия | FZ2: _бирка 6 | GA2: _бирка 6 линия | GB2: _модель (схема) | GC2: _цепь | GD2: _draw | GE2: _bus2 | GF2: _rcd | GG2: _chtype | GH2: _dev1 | GI2: _dev2 | GJ2: _dev3 | GK2: _УГО (рус) | GL2: _sym | GM2: _hasline | GN2: _тип автомата № | GO2: _аппарат 1 № | GP2: _аппарат 2 № | GQ2: _аппарат 3 № | GR2: _кабель клеммы | GS2: _вид клеммы № | GT2: _модуль № | GU2: _модель № | GV2: _уровень | GW2: _№ линии | GX2: _3L клемм | GY2: _доп. проходных
A3: ЩР | B3: 1 | C3: =IF(BD3="","",IF(BE3="вводной узел","узел ","")&"л."&(INT((BD3-1)/Столбцов_на_лист)+1)&" / "&(MOD(BD3-1,Столбцов_на_лист)+1)) -> узел л.1 / 1 | E3: =AY3 | AL3: вручную | AR3: =_xlfn.TEXTJOIN("; ",TRUE,FK3,IF(DO3="НЕ ОБЕСПЕЧЕНА","категория "&DE3&" не обеспечена (есть "&DL3&")",""),IF(LEFT(FM3,3)="Icu",FM3,""),IF(AND(D3<>"",BS3="Не исп"),"сечение не подобрано","")) | AS3: {=ROW()-ROW(Линии[#Headers])} -> 1 | AT3: =IF(D3="","",IFERROR(LEFT(D3,SEARCH(".",D3)-1),D3)) | AU3: =IFERROR(RIGHT(D3,LEN(D3)-SEARCH(".",D3)),"") | AV3: =IFERROR(LEFT(AU3,SEARCH(".",AU3)-1),AU3) | AW3: =IFERROR(RIGHT(AU3,LEN(AU3)-SEARCH(".",AU3)),"") | AX3: =IFERROR(LEFT(AW3,SEARCH(".",AW3)-1),AW3) | AY3: =IF(D3="","",IF(ISERROR(SEARCH(".",D3)),IFERROR(VLOOKUP(D3,Потребители_обозначение,2,FALSE)&"",""),IFERROR(IF(VLOOKUP(AT3,Потребители_обозначение,4,FALSE)=1,VLOOKUP(AT3,Потребители_обозначение,2,FALSE)&" "&VLOOKUP(AV3,Этаж_обозначение,2,FALSE)&" Пом. №"&AX3,VLOOKUP(AT3,Потребители_обозначение,2,FALSE)&" Шлейф №"&AV3),IFERROR(VLOOKUP(D3,Потребители_обозначение,2,FALSE),"")))) | AZ3: =IF(E3<>"",E3,AY3) | BA3: =IF(F3<>"",F3,IF(AND(D3<>"",D3<>A3,ISNUMBER(_xlfn.XMATCH(D3,Щиты[Щит]))),D3,"")) | BB3: =IFERROR(_xlfn.XMATCH(A3,Щиты[Щит]),0) -> 1 | BC3: =IFERROR(N(_xlfn.XLOOKUP(A3,Щиты[Щит],Щиты[Мест под вводной узел])),15) -> 18 | BD3: =IF(B3="-","",IF(ISNUMBER(B3),B3,_xlfn.LET(_xlpm.prev,IF(OR(AS3=1,A3<>A2),0,N(IF(AS3=1,"",BD2))),_xlpm.nx,_xlpm.prev+1,IF(AND(AL3<>"вручную",_xlpm.nx<=BC3),BC3+1,_xlpm.nx)))) -> 1 | BE3: =IF(BD3="","",IF(BD3<=BC3,"вводной узел","линии")) -> вводной узел | BF3: =IF(D3="","",IF(BA3<>"",IFERROR(_xlfn.XLOOKUP(BA3,Щиты[Щит],Щиты[Руст, кВт]),0),N(G3))) | BG3: =IF(J3<>"",J3,IF(D3="","",IFERROR(IF(VLOOKUP(AT3,Потребители_обозначение,8,FALSE)=0,"",VLOOKUP(AT3,Потребители_обозначение,8,FALSE)),""))) | BH3: =IF(I3<>"",I3,IF(D3="","",IFERROR(IF(VLOOKUP(AT3,Потребители_обозначение,9,FALSE)=0,"",VLOOKUP(AT3,Потребители_обозначение,9,FALSE)),""))) | BI3: =IF(U3<>"",U3,IF(D3="","",IFERROR(IF(VLOOKUP(AT3,Потребители_обозначение,6,FALSE)=0,"",VLOOKUP(AT3,Потребители_обозначение,6,FALSE)),""))) | BJ3: =IF(V3<>"",V3,IF(D3="","",IFERROR(IF(VLOOKUP(AT3,Потребители_обозначение,7,FALSE)=0,"",VLOOKUP(AT3,Потребители_обозначение,7,FALSE)),""))) | BK3: =IF(W3<>"",W3,IF(D3="","",IFERROR(IF(VLOOKUP(AT3,Потребители_обозначение,10,FALSE)=0,"",VLOOKUP(AT3,Потребители_обозначение,10,FALSE)),""))) | BL3: =IFERROR(VLOOKUP(AT3,Потребители_обозначение,5,FALSE),0) -> 0 | BM3: {=IF(D3="","",IF(BA3<>"",IFERROR(_xlfn.XLOOKUP(BA3,Щиты[Щит],Щиты[cos φ]),0.95),IF(ISNUMBER(M3),M3,IFERROR(IF(BL3=2,_xlfn.IFS(BH3=3,VLOOKUP(BF3,Справочная_двигатели,8,FALSE),BH3=1,VLOOKUP(BF3,Справочная_двигатели,10,TRUE)),IF(AND(Методика="нормы 2026",CN3="Сил"),0.8,0.95)),0.95))))} | BN3: {=IF(D3="","",IF(BA3<>"",IFERROR(_xlfn.XLOOKUP(BA3,Щиты[Щит],Щиты[Iр, А]),""),IFERROR(_xlfn.IFS(BH3=1,BF3/((Uн_лин/SQRT(3))*BM3),BH3=3,BF3/(SQRT(3)*Uн_лин*BM3)),"")))} | BO3: =IF(D3="","",IF(N(X3)=0,IFERROR(VLOOKUP(BN3,Автомат_номиналы,2,TRUE),""),X3)) | BP3: =IF(N(BJ3)=1,1,IF(BH3=1,1,IF(N(BJ3)>=4,0.92,1))) -> 1 | BQ3: =IF(ISNUMBER(Y3),Y3,К_прокл) -> 1 | BR3: =IF(N(BJ3)=1,1,IF(BH3=1,2,3)) -> 3 | BS3: {=IF(D3="","",IF(N(BK3)<>0,BK3,IFERROR(_xlfn.LET(_xlpm.need,BO3/(BP3*BQ3),_xlpm.t,CHOOSE(BR3,Iдоп_1ж,Iдоп_2ж,Iдоп_3ж),_xlpm.k,_xlfn.XMATCH(_xlpm.need,_xlpm.t,1),IF(ISNA(_xlpm.k),"Не исп",INDEX(Iдоп_S,_xlpm.k))),"Не исп")))} | BT3: =IFERROR(VLOOKUP(BS3,Кабель_сопротивление,3,FALSE),"") | BU3: =IFERROR(VLOOKUP(BS3,Кабель_сопротивление,2,FALSE),"") | BV3: =IF(P3<>"",P3,IF(COUNT(AM3,AN3)=0,"",ROUNDUP(SUM(AM3,AN3),0))) | BW3: =IF(D3="","",IFERROR(IF(VLOOKUP(AT3,Потребители_обозначение,4,FALSE)=1,VLOOKUP(AT3,Потребители_обозначение,3,FALSE)*(H3*2-1)+BV3+VLOOKUP(AV3,Этаж_обозначение,3,FALSE)+VLOOKUP(AV3,Этаж_обозначение,4,FALSE),VLOOKUP(AT3,Потребители_обозначение,3,FALSE)*(H3*2-1)+BV3),BV3)) | BX3: =IF(R3<>"",R3,IF(OR(BV3="",T3=""),"",IF(T3=1,MAX(0,BW3-ROUNDUP(N(AN3),0)-4),ROUNDUP(N(AM3),0)))) | BY3: =IF(S3<>"",S3,IF(OR(BV3="",T3=""),"",IF(T3=2,MAX(0,BW3-ROUNDUP(N(AM3),0)-4),ROUNDUP(N(AN3),0)))) | BZ3: =IF(BH3=1,2,IF(BH3=3,1,"")) | CA3: =IFERROR(ROUND(SIN(ACOS(BM3)),2),"") | CB3: =IFERROR(BZ3*(BT3*BW3/BS3*BM3+BU3*BW3*CA3/1000)*BN3,"") | CC3: =IFERROR(ROUNDUP(CB3/((Uн_лин/SQRT(3))*1000)*100,2),"") | CD3: =IF(ISNUMBER(CC3),CC3+IFERROR(_xlfn.XLOOKUP(A3,Щиты[Щит],Щиты[ΔU до шин, %]),0),"") | CE3: =IF(D3="","",IF(IFERROR(VLOOKUP(AT3,УГО_спр,2,FALSE),"")="Светильник",3,4)+IF(Методика="нормы 2026",MIN(0.5,MAX(0,N(BW3)-100)*0.005),0)) | CF3: =IFERROR(VLOOKUP(BI3,Кабель_обозначение,2,FALSE),"") | CG3: =IFERROR(IF(VLOOKUP(BI3,Кабель_обозначение,3,FALSE)=1,CF3&" ("&BJ3&"х"&BS3&")",CF3),"") | CH3: =IF(OR(D3="",CF3="",AND(G3<>"",NOT(ISNUMBER(G3)))),"",IF(BS3=0,CF3,CG3&CHAR(10)&"L="&BW3&"-"&CC3&"%")) | CI3: =IFERROR(2*ρкз_Cu*BW3/BS3,"") | CJ3: =IFERROR(0.0175*N(BW3)/BS3,"") | CK3: =IFERROR(IF(OR(D3="",NOT(ISNUMBER(BS3)),N(BW3)=0),"",_xlfn.XLOOKUP(A3,Щиты[Щит],Щиты[Zпетли на шинах, Ом])+CI3),"") | CL3: =IF(ISNUMBER(CK3),c_min*(Uн_лин*1000/SQRT(3))/CK3,"") | CM3: =IFERROR(IF(OR(D3="",NOT(ISNUMBER(BS3))),"",1.05*(Uн_лин*1000/SQRT(3))/(_xlfn.XLOOKUP(A3,Щиты[Щит],Щиты[Zmax на шинах, Ом])+CJ3)/1000),"") | CN3: =IF(D3="","",IF(BA3<>"","Щит",IF(K3<>"",K3,IF(ISNUMBER(L3),"Сил",IF(IFERROR(_xlfn.XLOOKUP(AT3,Коды_код,Коды_группа)&"","")="","Быт",_xlfn.XLOOKUP(AT3,Коды_код,Коды_группа)&""))))) | CO3: =IF(CN3="Щит","щит",IF(CN3="","",IF(CN3="Быт",IFERROR(_xlfn.XLOOKUP(A3,Щиты[Щит],Щиты[Кс быт]),1),IF(CN3="Сил",IF(ISNUMBER(L3),L3,IF(Методика="нормы 2026",IFERROR(_xlfn.XLOOKUP(A3,Щиты[Щит],Щиты[Кс силовых (табл. 7.5)]),1),1)),IF(OR(CN3="Пост",CN3="Отоп"),1,IF(CN3="ВНГ",0.7,0)))))) | CP3: =IF(CN3="","",IFERROR(MIN(3,MAX(1,INT(--N3))),1)) | CQ3: =IF(OR(CN3="",CN3="Нет",CN3="Щит"),0,N(BF3)) -> 0 | CR3: =IF(CN3="Быт",N(BF3),0) -> 0 | CS3: =IF(CN3="Сил",N(BF3)*N(CO3),0) -> 0 | CT3: =IF(CN3="Пост",N(BF3),0) -> 0 | CU3: =IF(CN3="Отоп",N(BF3),0) -> 0 | CV3: =IF(CN3="ВНГ",N(BF3)*0.7,0) -> 0 | CW3: =IF(OR(D3="",CN3="Щит"),0,N(BF3)) -> 0 | CX3: =IF(OR(D3="",CN3="Щит"),0,N(BF3)*N(BM3)) -> 0 | CY3: =_xlfn.LET(_xlpm.prev,IF(OR(OR(AS3=1,A3<>A2)),0,N(IF(AS3=1,"",CY2))),IF(OR(D3="",BH3=3),_xlpm.prev,IF(_xlpm.prev>=3,1,_xlpm.prev+1))) -> 0 | CZ3: =IF(D3="","",IF(BH3=3,"L1,L2,L3","L"&MAX(1,CY3))) | DA3: {=IFERROR(IF(BL3=2,_xlfn.IFS(BH3=3,VLOOKUP(BF3,Справочная_двигатели,3,FALSE),BH3=1,VLOOKUP(BF3,Справочная_двигатели,5,TRUE)),0),0)} -> 0 | DB3: =IFERROR(IF(BL3=3,VLOOKUP(BF3,Справочная_ЛЭД,2,TRUE),0),0) -> 0 | DC3: =IF(D3="","",IF(DA3=0,DB3,DA3)) | DD3: =IF(D3="","",IF(O3="упр","",IF(O3="",CZ3,IF(O3&""="1,2,3","L1,L2,L3","L"&O3)))) | DE3: {=IF(D3="","",IFERROR(INDEX({"I особая","I","II","III"},MATCH(TRIM(AA3&""),{"I особая","I","II","III"},0)),"III"))} | DF3: =IF(D3="","",IF(TRIM(AB3&"")<>"",IF(LOWER(TRIM(AB3&""))="да","да","нет"),IF(IFERROR(_xlfn.XLOOKUP(AT3,Коды_код,Коды_пожарная),"")="да","да","нет"))) | DG3: =IF(AC3<>"",AC3,IF(AD3<>"","",IF(EK3="","",IF(AS3=1,"",DG2)))) | DH3: =IF(D3="","",IF(DG3="","основная",DG3)) | DI3: =IFERROR(MIN(3,MAX(1,INT(--N3))),1) -> 1 | DJ3: {=IF(D3="","",_xlfn.LET(_xlpm.t,IFERROR(_xlfn.XLOOKUP(1,(Шины[Шина]=DH3)*(((Шины[Щит]=A3)+(Шины[Щит]=""))>0),Шины[Тип]),"")&"",IF(_xlpm.t<>"",_xlpm.t,IF(ISNUMBER(SEARCH("ИБП",DH3)),"ИБП",IF(ISNUMBER(SEARCH("ДГУ",DH3)),"ДГУ","Ввод "&DI3)))))} | DK3: =IF(D3="","",IF(OR(DJ3="ИБП",DJ3="ДГУ"),DJ3,IF(LEFT(DJ3,5)="Ввод ",DJ3,"Ввод "&DI3))) | DL3: =IF(D3="","",IF(OR(DJ3="ИБП",DJ3="ДГУ"),"I особая",IF(DJ3="Одиночная","III",_xlfn.XLOOKUP(A3,Щиты[Щит],Щиты[Категория шины «Ввод»],"III")))) | DM3: =IF(D3="",0,IFERROR(MATCH(DE3,{"III","II","I","I особая"},0),1)) -> 0 | DN3: =IF(OR(DJ3="ИБП",DJ3="ДГУ"),MIN(DM3,3),DM3) -> 0 | DO3: =IF(D3="","",IF(DM3>IFERROR(MATCH(DL3,{"III","II","I","I особая"},0),1),"НЕ ОБЕСПЕЧЕНА","ОК")) | DP3: =IF(A3="","",_xlfn.XLOOKUP(A3,Щиты[Щит],Щиты[Путь],"")) -> |ЩР| | DQ3: =IF(D3="","",IF(Z3<>"",Z3,IF(IFERROR(_xlfn.XLOOKUP(AT3,Коды_код,Коды_вид)&"","")="","Прочее",_xlfn.XLOOKUP(AT3,Коды_код,Коды_вид)&""))) | DR3: =IF(BD3="","",INT((BD3-1)/Столбцов_на_лист)+1) -> 1 | DS3: =IF(D3="","",SUBSTITUTE(CH3,CHAR(10)," ")) | DT3: =IF(D3="","",IFERROR(--BF3,"")) | DU3: =IF(D3="","",IFERROR(ROUNDUP(BN3,2),"")) | DV3: =IF(D3="","",IFERROR(--BH3,1)) | DW3: =IF(AT3="",0,_xlfn.LET(_xlpm.v,IFERROR(VLOOKUP(D3,УГО_спр,3,FALSE),IFERROR(VLOOKUP(AT3,УГО_спр,3,FALSE),IFERROR(VLOOKUP(LEFT(AT3,2),УГО_спр,3,FALSE),""))),IF(_xlpm.v="да",30,IF(ISNUMBER(_xlpm.v),_xlpm.v,0)))) -> 0 | DX3: =IF(OR(AJ3="+",AND(D3<>"",D3=IF(AS3=1,"",D2))),1,0) -> 0 | DY3: =IF(BD3="","",IF(AD3<>"",COUNTIFS(A$3:A3,A3,AD$3:AD3,"?*"),IF(OR(OR(AS3=1,A3<>A2),AL3="вручную"),"",IF(AS3=1,"",DZ2)))) | DZ3: =IF(BD3="",IF(OR(AS3=1,A3<>A2),"",IF(AS3=1,"",DZ2)),DY3) | EA3: =IF(D3="",0,MAX(IFERROR(--X3,0),IFERROR(--VLOOKUP(D3,УГО_спр,4,FALSE),IFERROR(--VLOOKUP(AT3,УГО_спр,4,FALSE),IFERROR(--VLOOKUP(LEFT(AT3,2),УГО_спр,4,FALSE),0))))) -> 0 | EB3: =IF(D3="","",IFERROR(LOOKUP(INDEX(CHOOSE(BR3,Iдоп_1ж,Iдоп_2ж,Iдоп_3ж),MATCH(BS3,Iдоп_S,0))*BP3*BQ3,{6,10,16,20,25,32,40,50,63,80,100,125,160,200,250,315,400,500,630}),"")) | EC3: =IF(AD3="","",SUMIFS(Линии[_Ток схемы],Линии[_гр.],DY3,Линии[Щит],A3,Линии[_в кабель выше],0)) | ED3: =IF(AD3="","",IFERROR(VLOOKUP(EC3,Автомат_номиналы,2,TRUE),"")) | EE3: =IF(AD3="","",MAX(N(ED3),_xlfn.MAXIFS(Линии[_мин. по типу],Линии[_гр.],DY3,Линии[Щит],A3))) | EF3: =IF(AD3="","",_xlfn.MINIFS(Линии[_макс. автомат по кабелю],Линии[_гр.],DY3,Линии[Щит],A3)) | EG3: =IF(AD3="","",MAX(1,_xlfn.MAXIFS(Линии[_фаз],Линии[_гр.],DY3,Линии[Щит],A3))) | EH3: =IF(AD3="","",IF(AND(AD3<>"авто",AD3<>"+"),IF(ISNUMBER(SEARCH("мА",AD3)),IFERROR(--TRIM(RIGHT(SUBSTITUTE(LEFT(AD3,SEARCH("мА",AD3)-1)," ",REPT(" ",9)),6)),30),0),IF(AE3="нет",0,IF(ISNUMBER(AE3),AE3,IF(AE3="да",30,_xlfn.MINIFS(Линии[_дифзащита по коду, мА],Линии[_гр.],DY3,Линии[Щит],A3,Линии[_дифзащита по коду, мА],">0")))))) | EI3: =IF(AD3="","",IF(N(EH3)>0,1,0)) | EJ3: =IF(AD3="","",IF(EI3=1,"QFD","QF")&DY3) | EK3: =IF(EJ3<>"",EJ3,IF(OR(OR(AS3=1,A3<>A2),AL3="вручную"),"",IF(AS3=1,"",EK2))) | EL3: =IF(EJ3<>"",_xlfn.TEXTJOIN(" → ",TRUE,AF3,AG3,AH3),IF(EK3="","",IF(AS3=1,"",EL2))) | EM3: =IF(EL3="",0,IF(OR(LEFT(EL3,2)="T ",LEFT(EL3,2)="Т ",ISNUMBER(SEARCH("→ T ",EL3)),ISNUMBER(SEARCH("→ Т ",EL3)),ISNUMBER(SEARCH("БП",EL3))),1,0)) -> 0 | EN3: =IF(AD3="","",IF(EM3=1,MAX(EE3,Мин_автомат_БП),EE3)) | EO3: =IF(AD3="","",IF(EG3>=3,IF(EI3=1,"4P","3P"),IF(EI3=1,"2P","1P"))) | EP3: =IF(AD3="","",IF(AND(AD3<>"авто",AD3<>"+"),AD3,EO3&" С"&EN3&"А"&IF(EI3=1," "&EH3&"мА",""))) | EQ3: =IF(EP3="","",_xlfn.LET(_xlpm.t,SUBSTITUTE(SUBSTITUTE(UPPER(EP3),"С","C"),"А","A"),_xlpm.c,FIND("C",_xlpm.t),IFERROR(--MID(_xlpm.t,_xlpm.c+1,FIND("A",_xlpm.t&"A",_xlpm.c)-_xlpm.c-1),""))) | ER3: =IF(OR(AI3="",AI3="-"),"",IFERROR(VLOOKUP(AI3,Модули_спр,2,FALSE),"R")) | ES3: =IF(ER3="","",ER3&"."&COUNTIFS(A$3:A3,A3,ER$3:ER3,ER3)) | ET3: =IF(AI3="-","",IF(ES3<>"",ES3,IF(OR(AS3=1,A3<>A2),"",IF(AS3=1,"",ET2)))) | EU3: =IF(ET3="","",IF(AND(AI3<>"",AI3<>"-"),AI3,IF(AS3=1,"",EU2))) | EV3: =IF(AJ3="=",IF(AS3=1,"",EW2),IF(ISNUMBER(AJ3),AJ3,IF(ET3="","",IF(OR(D3<>"",AJ3="+",AJ3="р"),IF(OR(ES3<>"",IF(AS3=1,"",EW2)=""),1,IF(AS3=1,"",EW2)+1),"")))) | EW3: =IF(EV3<>"",EV3,IF(OR(OR(AS3=1,A3<>A2),AI3="-",ES3<>""),"",IF(AS3=1,"",EW2))) | EX3: =IF(AJ3="б/к",0,IF(OR(ISNUMBER(SEARCH("L=",CH3)),AJ3="+",AJ3="="),1,0)) -> 0 | EY3: =IF(AK3="нет","",IF(AK3<>"",AK3,IF(EX3=1,"XT"&COUNTIFS(A$3:A3,A3,EX$3:EX3,1),""))) | EZ3: =IF(OR(D3<>"",EV3<>"",EX3=1),EK3,"") | FA3: =IF(OR(EV3<>"",AND(AI3<>"",AI3<>"-")),ET3,"") | FB3: =IF(AD3="","",IF(NOT(ISNUMBER(EQ3)),"",IF(EC3>EQ3,"ПЕРЕГРУЗ",IF(AND(EM3=0,EF3>0,EQ3>EF3),"КАБЕЛЬ НЕ ЗАЩИЩЁН","ok")))) | FC3: =IF(OR(EV3="",ET3=""),"",IF(EV3>IFERROR(VLOOKUP(EU3,Модули_спр,3,FALSE),99),"ЛИШНИЙ КАНАЛ",IF(AND(AJ3<>"=",COUNTIFS(Линии[_модуль гр.],ET3,Линии[Канал (итог)],EV3,Линии[Канал],"<>=",Линии[Щит],A3)>1),"ДУБЛЬ КАНАЛА",""))) | FD3: =IF(AD3<>"",EQ3,IF(EK3="","",IF(AS3=1,"",FD2))) | FE3: =IF(AD3<>"",EP3,IF(EK3="","",IF(AS3=1,"",FE2))) | FF3: =IF(AD3<>"",EI3,IF(EK3="","",IF(AS3=1,"",FF2))) | FG3: =IF(AD3<>"",EH3,IF(EK3="","",IF(AS3=1,"",FG2))) | FH3: =IFERROR(IF(ISNUMBER(CL3),CL3/IFERROR(--FD3,N(BO3)),""),"") | FI3: =IF(OR(ISNUMBER(SEARCH(" B"," "&FE3)),ISNUMBER(SEARCH(" В"," "&FE3))),5,IF(ISNUMBER(SEARCH(" D"," "&FE3)),20,10)) -> 10 | FJ3: =IF(NOT(ISNUMBER(FH3)),"",IF(FH3>=FI3,"ok",IF(N(FF3)=1,"ok (дифзащита "&FG3&" мА)","мало: Iкз < "&FI3&"·In"))) | FK3: =IF(AND(D3="",EZ3=""),"",_xlfn.TEXTJOIN("; ",TRUE,IF(AND(D3<>"",DD3=""),"нет фазы",""),IF(AND(D3<>"",N(DT3)=0,CN3<>"Нет"),"нет мощности",""),IF(AND(EY3<>"",COUNTIFS(Линии[Щит],A3,Линии[Клемма (итог)],EY3)>1),"дубль клеммы "&EY3,""),IF(AND(FB3<>"",FB3<>"ok"),FB3,""),IF(FC3<>"",FC3,""),IF(AND(ISNUMBER(SEARCH("(5х",DS3)),N(DV3)=1),"5 жил на 1 фазе",""),IF(AND(AT3="R",AD3<>"",OR(N(EH3)=0,N(EH3)>30)),"розетка без дифзащиты до 30 мА",""),IFERROR(IF(AND(ISNUMBER(CD3),CD3>CE3),"потери "&FIXED(CD3,1)&" % > "&CE3&" %",""),""),IFERROR(IF(LEFT(FJ3,4)="мало","Iкз мало — отключение > 0,4 с",""),""),IF(AND(D3<>"",BD3=""),"не на схеме",""))) | FL3: =IF(AD3="","",_xlfn.LET(_xlpm.t,IFERROR(_xlfn.XLOOKUP(EP3,Каталог!$U$4:$U$500,Каталог!$G$4:$G$500),""),_xlpm.k,SEARCH("кА",_xlpm.t),IFERROR(--TRIM(RIGHT(SUBSTITUTE(MID(_xlpm.t,MAX(1,_xlpm.k-4),_xlpm.k-MAX(1,_xlpm.k-4))," ",REPT(" ",9)),5)),""))) | FM3: =IF(OR(FL3="",AD3=""),"",IF(_xlfn.XLOOKUP(A3,Щиты[Щит],Щиты[Iкз max на шинах, кА],"")="","",IF(FL3<_xlfn.XLOOKUP(A3,Щиты[Щит],Щиты[Iкз max на шинах, кА]),"Icu "&FL3&" кА < Iкз max","ok"))) | FN3: =IF(OR(AL3="вручную",BD3="",AND(D3="",EY3="")),"",_xlfn.TEXTJOIN("|",TRUE,EK3,SUBSTITUTE(EL3," → ","|"),IF(ET3<>"",ET3&IF(EV3<>""," к."&EV3,""),""),EY3)) | FO3: =IF(FN3="","",FN3&IF(D3<>"","|кабель "&CG3&" → "&AZ3,"")) | FP3: {=IF(FO3="","",_xlfn.LET(_xlpm.nd,_xlfn.TEXTSPLIT(FO3,"|"),IF(COLUMNS(_xlpm.nd)>1,A3&"¦"&INDEX(_xlpm.nd,1)&"¦"&INDEX(_xlpm.nd,2),"")))} | FQ3: =IF(FP3="","",D3&"¦"&AZ3) | FR3: {=IF(FO3="","",_xlfn.LET(_xlpm.nd,_xlfn.TEXTSPLIT(FO3,"|"),IF(COLUMNS(_xlpm.nd)>2,A3&"¦"&INDEX(_xlpm.nd,2)&"¦"&INDEX(_xlpm.nd,3),"")))} | FS3: =IF(FR3="","",D3&"¦"&AZ3) | FT3: {=IF(FO3="","",_xlfn.LET(_xlpm.nd,_xlfn.TEXTSPLIT(FO3,"|"),IF(COLUMNS(_xlpm.nd)>3,A3&"¦"&INDEX(_xlpm.nd,3)&"¦"&INDEX(_xlpm.nd,4),"")))} | FU3: =IF(FT3="","",D3&"¦"&AZ3) | FV3: {=IF(FO3="","",_xlfn.LET(_xlpm.nd,_xlfn.TEXTSPLIT(FO3,"|"),IF(COLUMNS(_xlpm.nd)>4,A3&"¦"&INDEX(_xlpm.nd,4)&"¦"&INDEX(_xlpm.nd,5),"")))} | FW3: =IF(FV3="","",D3&"¦"&AZ3) | FX3: {=IF(FO3="","",_xlfn.LET(_xlpm.nd,_xlfn.TEXTSPLIT(FO3,"|"),IF(COLUMNS(_xlpm.nd)>5,A3&"¦"&INDEX(_xlpm.nd,5)&"¦"&INDEX(_xlpm.nd,6),"")))} | FY3: =IF(FX3="","",D3&"¦"&AZ3) | FZ3: {=IF(FO3="","",_xlfn.LET(_xlpm.nd,_xlfn.TEXTSPLIT(FO3,"|"),IF(COLUMNS(_xlpm.nd)>6,A3&"¦"&INDEX(_xlpm.nd,6)&"¦"&INDEX(_xlpm.nd,7),"")))} | GA3: =IF(FZ3="","",D3&"¦"&AZ3) | GB3: =IF(FA3="","",EU3) | GC3: =IF(AND(D3="",EV3="",EY3=""),"",_xlfn.TEXTJOIN(" → ",TRUE,EK3,EL3,IF(ET3<>"",ET3&IF(EV3<>""," к."&EV3,""),IF(EV3<>"","к."&EV3,"")),EY3,IF(DX3=1,"(в кабель выше)",""))) | GD3: =IF(OR(BD3="",AL3="вручную",AND(BE3="вводной узел",AL3<>"рисовать")),0,1) -> 0 | GE3: =IF(AC3="",0,1) -> 0 | GF3: =IF(EJ3="",0,IF(LEFT(EJ3,3)="QFD",1,0)) -> 0 | GG3: =IF(AJ3="=","=",IF(AJ3="+","+",IF(AJ3="р","R",""))) | GH3: =IF(AF3="","",IF(OR(LEFT(AF3,1)="T",LEFT(AF3,1)="Т"),"T",IF(LEFT(UPPER(AF3),2)="БП","PS",IF(OR(LEFT(UPPER(AF3),2)="МК",LEFT(UPPER(AF3),2)="MK"),"MK",IF(OR(LEFT(UPPER(AF3),2)="КМ",LEFT(UPPER(AF3),2)="KM"),"KM","X"))))) | GI3: =IF(AG3="","",IF(OR(LEFT(AG3,1)="T",LEFT(AG3,1)="Т"),"T",IF(LEFT(UPPER(AG3),2)="БП","PS",IF(OR(LEFT(UPPER(AG3),2)="МК",LEFT(UPPER(AG3),2)="MK"),"MK",IF(OR(LEFT(UPPER(AG3),2)="КМ",LEFT(UPPER(AG3),2)="KM"),"KM","X"))))) | GJ3: =IF(AH3="","",IF(OR(LEFT(AH3,1)="T",LEFT(AH3,1)="Т"),"T",IF(LEFT(UPPER(AH3),2)="БП","PS",IF(OR(LEFT(UPPER(AH3),2)="МК",LEFT(UPPER(AH3),2)="MK"),"MK",IF(OR(LEFT(UPPER(AH3),2)="КМ",LEFT(UPPER(AH3),2)="KM"),"KM","X"))))) | GK3: =IF(D3="","",IFERROR(VLOOKUP(D3,УГО_спр,2,FALSE),IFERROR(VLOOKUP(AT3,УГО_спр,2,FALSE),IFERROR(VLOOKUP(LEFT(AT3,2),УГО_спр,2,FALSE),"")))) | GL3: =IF(D3="","",IF(OR(GK3="",GK3=0),"BOX",IFERROR(IF(VLOOKUP(GK3,УГО_блоки,3,FALSE)&""<>"",VLOOKUP(GK3,УГО_блоки,3,FALSE),VLOOKUP(GK3,УГО_блоки,2,FALSE)),GK3))) | GM3: =IF(D3="",0,1) -> 0 | GN3: =IF(EP3="","",IF(COUNTIF(EP$3:EP3,EP3)=1,MAX(GN$2:GN2)+1,"")) | GO3: =IF(AF3="","",IF(COUNTIF(AF$3:AF3,AF3)+COUNTIF(AG$2:AG2,AF3)+COUNTIF(AH$2:AH2,AF3)=1,MAX(GO$2:GQ2)+1,"")) | GP3: =IF(AG3="","",IF(COUNTIF(AF$3:AF3,AG3)+COUNTIF(AG$3:AG3,AG3)+COUNTIF(AH$2:AH2,AG3)=1,MAX(GO$2:GQ2,GO3)+1,"")) | GQ3: =IF(AH3="","",IF(COUNTIF(AF$3:AF3,AH3)+COUNTIF(AG$3:AG3,AH3)+COUNTIF(AH$3:AH3,AH3)=1,MAX(GO$2:GQ2,GO3,GP3)+1,"")) | GR3: =IF(EX3=1,IFERROR(MID(DS3,FIND(" (",DS3)+2,FIND(")",DS3,FIND(" (",DS3))-FIND(" (",DS3)-2),"?"),"") | GS3: =IF(GR3="","",IF(COUNTIF(GR$3:GR3,GR3)=1,MAX(GS$2:GS2)+1,"")) | GT3: =IF(ES3="","",COUNTIF(ES$3:ES3,"?*")) | GU3: =IF(OR(ES3="",EU3=""),"",IF(COUNTIFS(ES$3:ES3,"?*",EU$3:EU3,EU3)=1,MAX(GU$2:GU2)+1,"")) | GV3: =IF(FK3="",0,IF(OR(ISNUMBER(SEARCH("дубль",FK3)),ISNUMBER(SEARCH("ПЕРЕГРУЗ",FK3)),ISNUMBER(SEARCH("ЗАЩИЩ",FK3)),ISNUMBER(SEARCH("КАНАЛ",FK3)),ISNUMBER(SEARCH("без диф",FK3))),2,1)) -> 0 | GW3: =IF(D3="","",COUNTIF(D$3:D3,"?*")) | GX3: =IF(EX3<>1,0,_xlfn.LET(_xlpm.k,MAX(IFERROR(--VLOOKUP(D3,УГО_спр,5,FALSE),0),IFERROR(--VLOOKUP(AT3,УГО_спр,5,FALSE),0),IFERROR(--VLOOKUP(LEFT(AT3,2),УГО_спр,5,FALSE),0)),IF(_xlpm.k>0,_xlpm.k,IF(IFERROR(--LEFT(SUBSTITUTE(GR3,"x","х"),FIND("х",SUBSTITUTE(GR3,"x","х"))-1),3)>3,Каталог!$S$9,1)))) -> 0 | GY3: =IF(EX3<>1,0,MAX(0,IFERROR(--LEFT(SUBSTITUTE(GR3,"x","х"),FIND("х",SUBSTITUTE(GR3,"x","х"))-1),3)-3*GX3)) -> 0
A4: ЩР | B4: 2 | C4: =IF(BD4="","",IF(BE4="вводной узел","узел ","")&"л."&(INT((BD4-1)/Столбцов_на_лист)+1)&" / "&(MOD(BD4-1,Столбцов_на_лист)+1)) -> узел л.1 / 2 | E4: =AY4 | AL4: вручную | AR4: =_xlfn.TEXTJOIN("; ",TRUE,FK4,IF(DO4="НЕ ОБЕСПЕЧЕНА","категория "&DE4&" не обеспечена (есть "&DL4&")",""),IF(LEFT(FM4,3)="Icu",FM4,""),IF(AND(D4<>"",BS4="Не исп"),"сечение не подобрано","")) | AS4: {=ROW()-ROW(Линии[#Headers])} -> 2 | AT4: =IF(D4="","",IFERROR(LEFT(D4,SEARCH(".",D4)-1),D4)) | AU4: =IFERROR(RIGHT(D4,LEN(D4)-SEARCH(".",D4)),"") | AV4: =IFERROR(LEFT(AU4,SEARCH(".",AU4)-1),AU4) | AW4: =IFERROR(RIGHT(AU4,LEN(AU4)-SEARCH(".",AU4)),"") | AX4: =IFERROR(LEFT(AW4,SEARCH(".",AW4)-1),AW4) | AY4: =IF(D4="","",IF(ISERROR(SEARCH(".",D4)),IFERROR(VLOOKUP(D4,Потребители_обозначение,2,FALSE)&"",""),IFERROR(IF(VLOOKUP(AT4,Потребители_обозначение,4,FALSE)=1,VLOOKUP(AT4,Потребители_обозначение,2,FALSE)&" "&VLOOKUP(AV4,Этаж_обозначение,2,FALSE)&" Пом. №"&AX4,VLOOKUP(AT4,Потребители_обозначение,2,FALSE)&" Шлейф №"&AV4),IFERROR(VLOOKUP(D4,Потребители_обозначение,2,FALSE),"")))) | AZ4: =IF(E4<>"",E4,AY4) | BA4: =IF(F4<>"",F4,IF(AND(D4<>"",D4<>A4,ISNUMBER(_xlfn.XMATCH(D4,Щиты[Щит]))),D4,"")) | BB4: =IFERROR(_xlfn.XMATCH(A4,Щиты[Щит]),0) -> 1 | BC4: =IFERROR(N(_xlfn.XLOOKUP(A4,Щиты[Щит],Щиты[Мест под вводной узел])),15) -> 18 | BD4: =IF(B4="-","",IF(ISNUMBER(B4),B4,_xlfn.LET(_xlpm.prev,IF(OR(AS4=1,A4<>A3),0,N(IF(AS4=1,"",BD3))),_xlpm.nx,_xlpm.prev+1,IF(AND(AL4<>"вручную",_xlpm.nx<=BC4),BC4+1,_xlpm.nx)))) -> 2 | BE4: =IF(BD4="","",IF(BD4<=BC4,"вводной узел","линии")) -> вводной узел | BF4: =IF(D4="","",IF(BA4<>"",IFERROR(_xlfn.XLOOKUP(BA4,Щиты[Щит],Щиты[Руст, кВт]),0),N(G4))) | BG4: =IF(J4<>"",J4,IF(D4="","",IFERROR(IF(VLOOKUP(AT4,Потребители_обозначение,8,FALSE)=0,"",VLOOKUP(AT4,Потребители_обозначение,8,FALSE)),""))) | BH4: =IF(I4<>"",I4,IF(D4="","",IFERROR(IF(VLOOKUP(AT4,Потребители_обозначение,9,FALSE)=0,"",VLOOKUP(AT4,Потребители_обозначение,9,FALSE)),""))) | BI4: =IF(U4<>"",U4,IF(D4="","",IFERROR(IF(VLOOKUP(AT4,Потребители_обозначение,6,FALSE)=0,"",VLOOKUP(AT4,Потребители_обозначение,6,FALSE)),""))) | BJ4: =IF(V4<>"",V4,IF(D4="","",IFERROR(IF(VLOOKUP(AT4,Потребители_обозначение,7,FALSE)=0,"",VLOOKUP(AT4,Потребители_обозначение,7,FALSE)),""))) | BK4: =IF(W4<>"",W4,IF(D4="","",IFERROR(IF(VLOOKUP(AT4,Потребители_обозначение,10,FALSE)=0,"",VLOOKUP(AT4,Потребители_обозначение,10,FALSE)),""))) | BL4: =IFERROR(VLOOKUP(AT4,Потребители_обозначение,5,FALSE),0) -> 0 | BM4: {=IF(D4="","",IF(BA4<>"",IFERROR(_xlfn.XLOOKUP(BA4,Щиты[Щит],Щиты[cos φ]),0.95),IF(ISNUMBER(M4),M4,IFERROR(IF(BL4=2,_xlfn.IFS(BH4=3,VLOOKUP(BF4,Справочная_двигатели,8,FALSE),BH4=1,VLOOKUP(BF4,Справочная_двигатели,10,TRUE)),IF(AND(Методика="нормы 2026",CN4="Сил"),0.8,0.95)),0.95))))} | BN4: {=IF(D4="","",IF(BA4<>"",IFERROR(_xlfn.XLOOKUP(BA4,Щиты[Щит],Щиты[Iр, А]),""),IFERROR(_xlfn.IFS(BH4=1,BF4/((Uн_лин/SQRT(3))*BM4),BH4=3,BF4/(SQRT(3)*Uн_лин*BM4)),"")))} | BO4: =IF(D4="","",IF(N(X4)=0,IFERROR(VLOOKUP(BN4,Автомат_номиналы,2,TRUE),""),X4)) | BP4: =IF(N(BJ4)=1,1,IF(BH4=1,1,IF(N(BJ4)>=4,0.92,1))) -> 1 | BQ4: =IF(ISNUMBER(Y4),Y4,К_прокл) -> 1 | BR4: =IF(N(BJ4)=1,1,IF(BH4=1,2,3)) -> 3 | BS4: {=IF(D4="","",IF(N(BK4)<>0,BK4,IFERROR(_xlfn.LET(_xlpm.need,BO4/(BP4*BQ4),_xlpm.t,CHOOSE(BR4,Iдоп_1ж,Iдоп_2ж,Iдоп_3ж),_xlpm.k,_xlfn.XMATCH(_xlpm.need,_xlpm.t,1),IF(ISNA(_xlpm.k),"Не исп",INDEX(Iдоп_S,_xlpm.k))),"Не исп")))} | BT4: =IFERROR(VLOOKUP(BS4,Кабель_сопротивление,3,FALSE),"") | BU4: =IFERROR(VLOOKUP(BS4,Кабель_сопротивление,2,FALSE),"") | BV4: =IF(P4<>"",P4,IF(COUNT(AM4,AN4)=0,"",ROUNDUP(SUM(AM4,AN4),0))) | BW4: =IF(D4="","",IFERROR(IF(VLOOKUP(AT4,Потребители_обозначение,4,FALSE)=1,VLOOKUP(AT4,Потребители_обозначение,3,FALSE)*(H4*2-1)+BV4+VLOOKUP(AV4,Этаж_обозначение,3,FALSE)+VLOOKUP(AV4,Этаж_обозначение,4,FALSE),VLOOKUP(AT4,Потребители_обозначение,3,FALSE)*(H4*2-1)+BV4),BV4)) | BX4: =IF(R4<>"",R4,IF(OR(BV4="",T4=""),"",IF(T4=1,MAX(0,BW4-ROUNDUP(N(AN4),0)-4),ROUNDUP(N(AM4),0)))) | BY4: =IF(S4<>"",S4,IF(OR(BV4="",T4=""),"",IF(T4=2,MAX(0,BW4-ROUNDUP(N(AM4),0)-4),ROUNDUP(N(AN4),0)))) | BZ4: =IF(BH4=1,2,IF(BH4=3,1,"")) | CA4: =IFERROR(ROUND(SIN(ACOS(BM4)),2),"") | CB4: =IFERROR(BZ4*(BT4*BW4/BS4*BM4+BU4*BW4*CA4/1000)*BN4,"") | CC4: =IFERROR(ROUNDUP(CB4/((Uн_лин/SQRT(3))*1000)*100,2),"") | CD4: =IF(ISNUMBER(CC4),CC4+IFERROR(_xlfn.XLOOKUP(A4,Щиты[Щит],Щиты[ΔU до шин, %]),0),"") | CE4: =IF(D4="","",IF(IFERROR(VLOOKUP(AT4,УГО_спр,2,FALSE),"")="Светильник",3,4)+IF(Методика="нормы 2026",MIN(0.5,MAX(0,N(BW4)-100)*0.005),0)) | CF4: =IFERROR(VLOOKUP(BI4,Кабель_обозначение,2,FALSE),"") | CG4: =IFERROR(IF(VLOOKUP(BI4,Кабель_обозначение,3,FALSE)=1,CF4&" ("&BJ4&"х"&BS4&")",CF4),"") | CH4: =IF(OR(D4="",CF4="",AND(G4<>"",NOT(ISNUMBER(G4)))),"",IF(BS4=0,CF4,CG4&CHAR(10)&"L="&BW4&"-"&CC4&"%")) | CI4: =IFERROR(2*ρкз_Cu*BW4/BS4,"") | CJ4: =IFERROR(0.0175*N(BW4)/BS4,"") | CK4: =IFERROR(IF(OR(D4="",NOT(ISNUMBER(BS4)),N(BW4)=0),"",_xlfn.XLOOKUP(A4,Щиты[Щит],Щиты[Zпетли на шинах, Ом])+CI4),"") | CL4: =IF(ISNUMBER(CK4),c_min*(Uн_лин*1000/SQRT(3))/CK4,"") | CM4: =IFERROR(IF(OR(D4="",NOT(ISNUMBER(BS4))),"",1.05*(Uн_лин*1000/SQRT(3))/(_xlfn.XLOOKUP(A4,Щиты[Щит],Щиты[Zmax на шинах, Ом])+CJ4)/1000),"") | CN4: =IF(D4="","",IF(BA4<>"","Щит",IF(K4<>"",K4,IF(ISNUMBER(L4),"Сил",IF(IFERROR(_xlfn.XLOOKUP(AT4,Коды_код,Коды_группа)&"","")="","Быт",_xlfn.XLOOKUP(AT4,Коды_код,Коды_группа)&""))))) | CO4: =IF(CN4="Щит","щит",IF(CN4="","",IF(CN4="Быт",IFERROR(_xlfn.XLOOKUP(A4,Щиты[Щит],Щиты[Кс быт]),1),IF(CN4="Сил",IF(ISNUMBER(L4),L4,IF(Методика="нормы 2026",IFERROR(_xlfn.XLOOKUP(A4,Щиты[Щит],Щиты[Кс силовых (табл. 7.5)]),1),1)),IF(OR(CN4="Пост",CN4="Отоп"),1,IF(CN4="ВНГ",0.7,0)))))) | CP4: =IF(CN4="","",IFERROR(MIN(3,MAX(1,INT(--N4))),1)) | CQ4: =IF(OR(CN4="",CN4="Нет",CN4="Щит"),0,N(BF4)) -> 0 | CR4: =IF(CN4="Быт",N(BF4),0) -> 0 | CS4: =IF(CN4="Сил",N(BF4)*N(CO4),0) -> 0 | CT4: =IF(CN4="Пост",N(BF4),0) -> 0 | CU4: =IF(CN4="Отоп",N(BF4),0) -> 0 | CV4: =IF(CN4="ВНГ",N(BF4)*0.7,0) -> 0 | CW4: =IF(OR(D4="",CN4="Щит"),0,N(BF4)) -> 0 | CX4: =IF(OR(D4="",CN4="Щит"),0,N(BF4)*N(BM4)) -> 0 | CY4: =_xlfn.LET(_xlpm.prev,IF(OR(OR(AS4=1,A4<>A3)),0,N(IF(AS4=1,"",CY3))),IF(OR(D4="",BH4=3),_xlpm.prev,IF(_xlpm.prev>=3,1,_xlpm.prev+1))) -> 0 | CZ4: =IF(D4="","",IF(BH4=3,"L1,L2,L3","L"&MAX(1,CY4))) | DA4: {=IFERROR(IF(BL4=2,_xlfn.IFS(BH4=3,VLOOKUP(BF4,Справочная_двигатели,3,FALSE),BH4=1,VLOOKUP(BF4,Справочная_двигатели,5,TRUE)),0),0)} -> 0 | DB4: =IFERROR(IF(BL4=3,VLOOKUP(BF4,Справочная_ЛЭД,2,TRUE),0),0) -> 0 | DC4: =IF(D4="","",IF(DA4=0,DB4,DA4)) | DD4: =IF(D4="","",IF(O4="упр","",IF(O4="",CZ4,IF(O4&""="1,2,3","L1,L2,L3","L"&O4)))) | DE4: {=IF(D4="","",IFERROR(INDEX({"I особая","I","II","III"},MATCH(TRIM(AA4&""),{"I особая","I","II","III"},0)),"III"))} | DF4: =IF(D4="","",IF(TRIM(AB4&"")<>"",IF(LOWER(TRIM(AB4&""))="да","да","нет"),IF(IFERROR(_xlfn.XLOOKUP(AT4,Коды_код,Коды_пожарная),"")="да","да","нет"))) | DG4: =IF(AC4<>"",AC4,IF(AD4<>"","",IF(EK4="","",IF(AS4=1,"",DG3)))) | DH4: =IF(D4="","",IF(DG4="","основная",DG4)) | DI4: =IFERROR(MIN(3,MAX(1,INT(--N4))),1) -> 1 | DJ4: {=IF(D4="","",_xlfn.LET(_xlpm.t,IFERROR(_xlfn.XLOOKUP(1,(Шины[Шина]=DH4)*(((Шины[Щит]=A4)+(Шины[Щит]=""))>0),Шины[Тип]),"")&"",IF(_xlpm.t<>"",_xlpm.t,IF(ISNUMBER(SEARCH("ИБП",DH4)),"ИБП",IF(ISNUMBER(SEARCH("ДГУ",DH4)),"ДГУ","Ввод "&DI4)))))} | DK4: =IF(D4="","",IF(OR(DJ4="ИБП",DJ4="ДГУ"),DJ4,IF(LEFT(DJ4,5)="Ввод ",DJ4,"Ввод "&DI4))) | DL4: =IF(D4="","",IF(OR(DJ4="ИБП",DJ4="ДГУ"),"I особая",IF(DJ4="Одиночная","III",_xlfn.XLOOKUP(A4,Щиты[Щит],Щиты[Категория шины «Ввод»],"III")))) | DM4: =IF(D4="",0,IFERROR(MATCH(DE4,{"III","II","I","I особая"},0),1)) -> 0 | DN4: =IF(OR(DJ4="ИБП",DJ4="ДГУ"),MIN(DM4,3),DM4) -> 0 | DO4: =IF(D4="","",IF(DM4>IFERROR(MATCH(DL4,{"III","II","I","I особая"},0),1),"НЕ ОБЕСПЕЧЕНА","ОК")) | DP4: =IF(A4="","",_xlfn.XLOOKUP(A4,Щиты[Щит],Щиты[Путь],"")) -> |ЩР| | DQ4: =IF(D4="","",IF(Z4<>"",Z4,IF(IFERROR(_xlfn.XLOOKUP(AT4,Коды_код,Коды_вид)&"","")="","Прочее",_xlfn.XLOOKUP(AT4,Коды_код,Коды_вид)&""))) | DR4: =IF(BD4="","",INT((BD4-1)/Столбцов_на_лист)+1) -> 1 | DS4: =IF(D4="","",SUBSTITUTE(CH4,CHAR(10)," ")) | DT4: =IF(D4="","",IFERROR(--BF4,"")) | DU4: =IF(D4="","",IFERROR(ROUNDUP(BN4,2),"")) | DV4: =IF(D4="","",IFERROR(--BH4,1)) | DW4: =IF(AT4="",0,_xlfn.LET(_xlpm.v,IFERROR(VLOOKUP(D4,УГО_спр,3,FALSE),IFERROR(VLOOKUP(AT4,УГО_спр,3,FALSE),IFERROR(VLOOKUP(LEFT(AT4,2),УГО_спр,3,FALSE),""))),IF(_xlpm.v="да",30,IF(ISNUMBER(_xlpm.v),_xlpm.v,0)))) -> 0 | DX4: =IF(OR(AJ4="+",AND(D4<>"",D4=IF(AS4=1,"",D3))),1,0) -> 0 | DY4: =IF(BD4="","",IF(AD4<>"",COUNTIFS(A$3:A4,A4,AD$3:AD4,"?*"),IF(OR(OR(AS4=1,A4<>A3),AL4="вручную"),"",IF(AS4=1,"",DZ3)))) | DZ4: =IF(BD4="",IF(OR(AS4=1,A4<>A3),"",IF(AS4=1,"",DZ3)),DY4) | EA4: =IF(D4="",0,MAX(IFERROR(--X4,0),IFERROR(--VLOOKUP(D4,УГО_спр,4,FALSE),IFERROR(--VLOOKUP(AT4,УГО_спр,4,FALSE),IFERROR(--VLOOKUP(LEFT(AT4,2),УГО_спр,4,FALSE),0))))) -> 0 | EB4: =IF(D4="","",IFERROR(LOOKUP(INDEX(CHOOSE(BR4,Iдоп_1ж,Iдоп_2ж,Iдоп_3ж),MATCH(BS4,Iдоп_S,0))*BP4*BQ4,{6,10,16,20,25,32,40,50,63,80,100,125,160,200,250,315,400,500,630}),"")) | EC4: =IF(AD4="","",SUMIFS(Линии[_Ток схемы],Линии[_гр.],DY4,Линии[Щит],A4,Линии[_в кабель выше],0)) | ED4: =IF(AD4="","",IFERROR(VLOOKUP(EC4,Автомат_номиналы,2,TRUE),"")) | EE4: =IF(AD4="","",MAX(N(ED4),_xlfn.MAXIFS(Линии[_мин. по типу],Линии[_гр.],DY4,Линии[Щит],A4))) | EF4: =IF(AD4="","",_xlfn.MINIFS(Линии[_макс. автомат по кабелю],Линии[_гр.],DY4,Линии[Щит],A4)) | EG4: =IF(AD4="","",MAX(1,_xlfn.MAXIFS(Линии[_фаз],Линии[_гр.],DY4,Линии[Щит],A4))) | EH4: =IF(AD4="","",IF(AND(AD4<>"авто",AD4<>"+"),IF(ISNUMBER(SEARCH("мА",AD4)),IFERROR(--TRIM(RIGHT(SUBSTITUTE(LEFT(AD4,SEARCH("мА",AD4)-1)," ",REPT(" ",9)),6)),30),0),IF(AE4="нет",0,IF(ISNUMBER(AE4),AE4,IF(AE4="да",30,_xlfn.MINIFS(Линии[_дифзащита по коду, мА],Линии[_гр.],DY4,Линии[Щит],A4,Линии[_дифзащита по коду, мА],">0")))))) | EI4: =IF(AD4="","",IF(N(EH4)>0,1,0)) | EJ4: =IF(AD4="","",IF(EI4=1,"QFD","QF")&DY4) | EK4: =IF(EJ4<>"",EJ4,IF(OR(OR(AS4=1,A4<>A3),AL4="вручную"),"",IF(AS4=1,"",EK3))) | EL4: =IF(EJ4<>"",_xlfn.TEXTJOIN(" → ",TRUE,AF4,AG4,AH4),IF(EK4="","",IF(AS4=1,"",EL3))) | EM4: =IF(EL4="",0,IF(OR(LEFT(EL4,2)="T ",LEFT(EL4,2)="Т ",ISNUMBER(SEARCH("→ T ",EL4)),ISNUMBER(SEARCH("→ Т ",EL4)),ISNUMBER(SEARCH("БП",EL4))),1,0)) -> 0 | EN4: =IF(AD4="","",IF(EM4=1,MAX(EE4,Мин_автомат_БП),EE4)) | EO4: =IF(AD4="","",IF(EG4>=3,IF(EI4=1,"4P","3P"),IF(EI4=1,"2P","1P"))) | EP4: =IF(AD4="","",IF(AND(AD4<>"авто",AD4<>"+"),AD4,EO4&" С"&EN4&"А"&IF(EI4=1," "&EH4&"мА",""))) | EQ4: =IF(EP4="","",_xlfn.LET(_xlpm.t,SUBSTITUTE(SUBSTITUTE(UPPER(EP4),"С","C"),"А","A"),_xlpm.c,FIND("C",_xlpm.t),IFERROR(--MID(_xlpm.t,_xlpm.c+1,FIND("A",_xlpm.t&"A",_xlpm.c)-_xlpm.c-1),""))) | ER4: =IF(OR(AI4="",AI4="-"),"",IFERROR(VLOOKUP(AI4,Модули_спр,2,FALSE),"R")) | ES4: =IF(ER4="","",ER4&"."&COUNTIFS(A$3:A4,A4,ER$3:ER4,ER4)) | ET4: =IF(AI4="-","",IF(ES4<>"",ES4,IF(OR(AS4=1,A4<>A3),"",IF(AS4=1,"",ET3)))) | EU4: =IF(ET4="","",IF(AND(AI4<>"",AI4<>"-"),AI4,IF(AS4=1,"",EU3))) | EV4: =IF(AJ4="=",IF(AS4=1,"",EW3),IF(ISNUMBER(AJ4),AJ4,IF(ET4="","",IF(OR(D4<>"",AJ4="+",AJ4="р"),IF(OR(ES4<>"",IF(AS4=1,"",EW3)=""),1,IF(AS4=1,"",EW3)+1),"")))) | EW4: =IF(EV4<>"",EV4,IF(OR(OR(AS4=1,A4<>A3),AI4="-",ES4<>""),"",IF(AS4=1,"",EW3))) | EX4: =IF(AJ4="б/к",0,IF(OR(ISNUMBER(SEARCH("L=",CH4)),AJ4="+",AJ4="="),1,0)) -> 0 | EY4: =IF(AK4="нет","",IF(AK4<>"",AK4,IF(EX4=1,"XT"&COUNTIFS(A$3:A4,A4,EX$3:EX4,1),""))) | EZ4: =IF(OR(D4<>"",EV4<>"",EX4=1),EK4,"") | FA4: =IF(OR(EV4<>"",AND(AI4<>"",AI4<>"-")),ET4,"") | FB4: =IF(AD4="","",IF(NOT(ISNUMBER(EQ4)),"",IF(EC4>EQ4,"ПЕРЕГРУЗ",IF(AND(EM4=0,EF4>0,EQ4>EF4),"КАБЕЛЬ НЕ ЗАЩИЩЁН","ok")))) | FC4: =IF(OR(EV4="",ET4=""),"",IF(EV4>IFERROR(VLOOKUP(EU4,Модули_спр,3,FALSE),99),"ЛИШНИЙ КАНАЛ",IF(AND(AJ4<>"=",COUNTIFS(Линии[_модуль гр.],ET4,Линии[Канал (итог)],EV4,Линии[Канал],"<>=",Линии[Щит],A4)>1),"ДУБЛЬ КАНАЛА",""))) | FD4: =IF(AD4<>"",EQ4,IF(EK4="","",IF(AS4=1,"",FD3))) | FE4: =IF(AD4<>"",EP4,IF(EK4="","",IF(AS4=1,"",FE3))) | FF4: =IF(AD4<>"",EI4,IF(EK4="","",IF(AS4=1,"",FF3))) | FG4: =IF(AD4<>"",EH4,IF(EK4="","",IF(AS4=1,"",FG3))) | FH4: =IFERROR(IF(ISNUMBER(CL4),CL4/IFERROR(--FD4,N(BO4)),""),"") | FI4: =IF(OR(ISNUMBER(SEARCH(" B"," "&FE4)),ISNUMBER(SEARCH(" В"," "&FE4))),5,IF(ISNUMBER(SEARCH(" D"," "&FE4)),20,10)) -> 10 | FJ4: =IF(NOT(ISNUMBER(FH4)),"",IF(FH4>=FI4,"ok",IF(N(FF4)=1,"ok (дифзащита "&FG4&" мА)","мало: Iкз < "&FI4&"·In"))) | FK4: =IF(AND(D4="",EZ4=""),"",_xlfn.TEXTJOIN("; ",TRUE,IF(AND(D4<>"",DD4=""),"нет фазы",""),IF(AND(D4<>"",N(DT4)=0,CN4<>"Нет"),"нет мощности",""),IF(AND(EY4<>"",COUNTIFS(Линии[Щит],A4,Линии[Клемма (итог)],EY4)>1),"дубль клеммы "&EY4,""),IF(AND(FB4<>"",FB4<>"ok"),FB4,""),IF(FC4<>"",FC4,""),IF(AND(ISNUMBER(SEARCH("(5х",DS4)),N(DV4)=1),"5 жил на 1 фазе",""),IF(AND(AT4="R",AD4<>"",OR(N(EH4)=0,N(EH4)>30)),"розетка без дифзащиты до 30 мА",""),IFERROR(IF(AND(ISNUMBER(CD4),CD4>CE4),"потери "&FIXED(CD4,1)&" % > "&CE4&" %",""),""),IFERROR(IF(LEFT(FJ4,4)="мало","Iкз мало — отключение > 0,4 с",""),""),IF(AND(D4<>"",BD4=""),"не на схеме",""))) | FL4: =IF(AD4="","",_xlfn.LET(_xlpm.t,IFERROR(_xlfn.XLOOKUP(EP4,Каталог!$U$4:$U$500,Каталог!$G$4:$G$500),""),_xlpm.k,SEARCH("кА",_xlpm.t),IFERROR(--TRIM(RIGHT(SUBSTITUTE(MID(_xlpm.t,MAX(1,_xlpm.k-4),_xlpm.k-MAX(1,_xlpm.k-4))," ",REPT(" ",9)),5)),""))) | FM4: =IF(OR(FL4="",AD4=""),"",IF(_xlfn.XLOOKUP(A4,Щиты[Щит],Щиты[Iкз max на шинах, кА],"")="","",IF(FL4<_xlfn.XLOOKUP(A4,Щиты[Щит],Щиты[Iкз max на шинах, кА]),"Icu "&FL4&" кА < Iкз max","ok"))) | FN4: =IF(OR(AL4="вручную",BD4="",AND(D4="",EY4="")),"",_xlfn.TEXTJOIN("|",TRUE,EK4,SUBSTITUTE(EL4," → ","|"),IF(ET4<>"",ET4&IF(EV4<>""," к."&EV4,""),""),EY4)) | FO4: =IF(FN4="","",FN4&IF(D4<>"","|кабель "&CG4&" → "&AZ4,"")) | FP4: {=IF(FO4="","",_xlfn.LET(_xlpm.nd,_xlfn.TEXTSPLIT(FO4,"|"),IF(COLUMNS(_xlpm.nd)>1,A4&"¦"&INDEX(_xlpm.nd,1)&"¦"&INDEX(_xlpm.nd,2),"")))} | FQ4: =IF(FP4="","",D4&"¦"&AZ4) | FR4: {=IF(FO4="","",_xlfn.LET(_xlpm.nd,_xlfn.TEXTSPLIT(FO4,"|"),IF(COLUMNS(_xlpm.nd)>2,A4&"¦"&INDEX(_xlpm.nd,2)&"¦"&INDEX(_xlpm.nd,3),"")))} | FS4: =IF(FR4="","",D4&"¦"&AZ4) | FT4: {=IF(FO4="","",_xlfn.LET(_xlpm.nd,_xlfn.TEXTSPLIT(FO4,"|"),IF(COLUMNS(_xlpm.nd)>3,A4&"¦"&INDEX(_xlpm.nd,3)&"¦"&INDEX(_xlpm.nd,4),"")))} | FU4: =IF(FT4="","",D4&"¦"&AZ4) | FV4: {=IF(FO4="","",_xlfn.LET(_xlpm.nd,_xlfn.TEXTSPLIT(FO4,"|"),IF(COLUMNS(_xlpm.nd)>4,A4&"¦"&INDEX(_xlpm.nd,4)&"¦"&INDEX(_xlpm.nd,5),"")))} | FW4: =IF(FV4="","",D4&"¦"&AZ4) | FX4: {=IF(FO4="","",_xlfn.LET(_xlpm.nd,_xlfn.TEXTSPLIT(FO4,"|"),IF(COLUMNS(_xlpm.nd)>5,A4&"¦"&INDEX(_xlpm.nd,5)&"¦"&INDEX(_xlpm.nd,6),"")))} | FY4: =IF(FX4="","",D4&"¦"&AZ4) | FZ4: {=IF(FO4="","",_xlfn.LET(_xlpm.nd,_xlfn.TEXTSPLIT(FO4,"|"),IF(COLUMNS(_xlpm.nd)>6,A4&"¦"&INDEX(_xlpm.nd,6)&"¦"&INDEX(_xlpm.nd,7),"")))} | GA4: =IF(FZ4="","",D4&"¦"&AZ4) | GB4: =IF(FA4="","",EU4) | GC4: =IF(AND(D4="",EV4="",EY4=""),"",_xlfn.TEXTJOIN(" → ",TRUE,EK4,EL4,IF(ET4<>"",ET4&IF(EV4<>""," к."&EV4,""),IF(EV4<>"","к."&EV4,"")),EY4,IF(DX4=1,"(в кабель выше)",""))) | GD4: =IF(OR(BD4="",AL4="вручную",AND(BE4="вводной узел",AL4<>"рисовать")),0,1) -> 0 | GE4: =IF(AC4="",0,1) -> 0 | GF4: =IF(EJ4="",0,IF(LEFT(EJ4,3)="QFD",1,0)) -> 0 | GG4: =IF(AJ4="=","=",IF(AJ4="+","+",IF(AJ4="р","R",""))) | GH4: =IF(AF4="","",IF(OR(LEFT(AF4,1)="T",LEFT(AF4,1)="Т"),"T",IF(LEFT(UPPER(AF4),2)="БП","PS",IF(OR(LEFT(UPPER(AF4),2)="МК",LEFT(UPPER(AF4),2)="MK"),"MK",IF(OR(LEFT(UPPER(AF4),2)="КМ",LEFT(UPPER(AF4),2)="KM"),"KM","X"))))) | GI4: =IF(AG4="","",IF(OR(LEFT(AG4,1)="T",LEFT(AG4,1)="Т"),"T",IF(LEFT(UPPER(AG4),2)="БП","PS",IF(OR(LEFT(UPPER(AG4),2)="МК",LEFT(UPPER(AG4),2)="MK"),"MK",IF(OR(LEFT(UPPER(AG4),2)="КМ",LEFT(UPPER(AG4),2)="KM"),"KM","X"))))) | GJ4: =IF(AH4="","",IF(OR(LEFT(AH4,1)="T",LEFT(AH4,1)="Т"),"T",IF(LEFT(UPPER(AH4),2)="БП","PS",IF(OR(LEFT(UPPER(AH4),2)="МК",LEFT(UPPER(AH4),2)="MK"),"MK",IF(OR(LEFT(UPPER(AH4),2)="КМ",LEFT(UPPER(AH4),2)="KM"),"KM","X"))))) | GK4: =IF(D4="","",IFERROR(VLOOKUP(D4,УГО_спр,2,FALSE),IFERROR(VLOOKUP(AT4,УГО_спр,2,FALSE),IFERROR(VLOOKUP(LEFT(AT4,2),УГО_спр,2,FALSE),"")))) | GL4: =IF(D4="","",IF(OR(GK4="",GK4=0),"BOX",IFERROR(IF(VLOOKUP(GK4,УГО_блоки,3,FALSE)&""<>"",VLOOKUP(GK4,УГО_блоки,3,FALSE),VLOOKUP(GK4,УГО_блоки,2,FALSE)),GK4))) | GM4: =IF(D4="",0,1) -> 0 | GN4: =IF(EP4="","",IF(COUNTIF(EP$3:EP4,EP4)=1,MAX(GN$2:GN3)+1,"")) | GO4: =IF(AF4="","",IF(COUNTIF(AF$3:AF4,AF4)+COUNTIF(AG$2:AG3,AF4)+COUNTIF(AH$2:AH3,AF4)=1,MAX(GO$2:GQ3)+1,"")) | GP4: =IF(AG4="","",IF(COUNTIF(AF$3:AF4,AG4)+COUNTIF(AG$3:AG4,AG4)+COUNTIF(AH$2:AH3,AG4)=1,MAX(GO$2:GQ3,GO4)+1,"")) | GQ4: =IF(AH4="","",IF(COUNTIF(AF$3:AF4,AH4)+COUNTIF(AG$3:AG4,AH4)+COUNTIF(AH$3:AH4,AH4)=1,MAX(GO$2:GQ3,GO4,GP4)+1,"")) | GR4: =IF(EX4=1,IFERROR(MID(DS4,FIND(" (",DS4)+2,FIND(")",DS4,FIND(" (",DS4))-FIND(" (",DS4)-2),"?"),"") | GS4: =IF(GR4="","",IF(COUNTIF(GR$3:GR4,GR4)=1,MAX(GS$2:GS3)+1,"")) | GT4: =IF(ES4="","",COUNTIF(ES$3:ES4,"?*")) | GU4: =IF(OR(ES4="",EU4=""),"",IF(COUNTIFS(ES$3:ES4,"?*",EU$3:EU4,EU4)=1,MAX(GU$2:GU3)+1,"")) | GV4: =IF(FK4="",0,IF(OR(ISNUMBER(SEARCH("дубль",FK4)),ISNUMBER(SEARCH("ПЕРЕГРУЗ",FK4)),ISNUMBER(SEARCH("ЗАЩИЩ",FK4)),ISNUMBER(SEARCH("КАНАЛ",FK4)),ISNUMBER(SEARCH("без диф",FK4))),2,1)) -> 0 | GW4: =IF(D4="","",COUNTIF(D$3:D4,"?*")) | GX4: =IF(EX4<>1,0,_xlfn.LET(_xlpm.k,MAX(IFERROR(--VLOOKUP(D4,УГО_спр,5,FALSE),0),IFERROR(--VLOOKUP(AT4,УГО_спр,5,FALSE),0),IFERROR(--VLOOKUP(LEFT(AT4,2),УГО_спр,5,FALSE),0)),IF(_xlpm.k>0,_xlpm.k,IF(IFERROR(--LEFT(SUBSTITUTE(GR4,"x","х"),FIND("х",SUBSTITUTE(GR4,"x","х"))-1),3)>3,Каталог!$S$9,1)))) -> 0 | GY4: =IF(EX4<>1,0,MAX(0,IFERROR(--LEFT(SUBSTITUTE(GR4,"x","х"),FIND("х",SUBSTITUTE(GR4,"x","х"))-1),3)-3*GX4)) -> 0
A5: ЩР | B5: 3 | C5: =IF(BD5="","",IF(BE5="вводной узел","узел ","")&"л."&(INT((BD5-1)/Столбцов_на_лист)+1)&" / "&(MOD(BD5-1,Столбцов_на_лист)+1)) -> узел л.1 / 3 | E5: =AY5 | AL5: вручную | AR5: =_xlfn.TEXTJOIN("; ",TRUE,FK5,IF(DO5="НЕ ОБЕСПЕЧЕНА","категория "&DE5&" не обеспечена (есть "&DL5&")",""),IF(LEFT(FM5,3)="Icu",FM5,""),IF(AND(D5<>"",BS5="Не исп"),"сечение не подобрано","")) | AS5: {=ROW()-ROW(Линии[#Headers])} -> 3 | AT5: =IF(D5="","",IFERROR(LEFT(D5,SEARCH(".",D5)-1),D5)) | AU5: =IFERROR(RIGHT(D5,LEN(D5)-SEARCH(".",D5)),"") | AV5: =IFERROR(LEFT(AU5,SEARCH(".",AU5)-1),AU5) | AW5: =IFERROR(RIGHT(AU5,LEN(AU5)-SEARCH(".",AU5)),"") | AX5: =IFERROR(LEFT(AW5,SEARCH(".",AW5)-1),AW5) | AY5: =IF(D5="","",IF(ISERROR(SEARCH(".",D5)),IFERROR(VLOOKUP(D5,Потребители_обозначение,2,FALSE)&"",""),IFERROR(IF(VLOOKUP(AT5,Потребители_обозначение,4,FALSE)=1,VLOOKUP(AT5,Потребители_обозначение,2,FALSE)&" "&VLOOKUP(AV5,Этаж_обозначение,2,FALSE)&" Пом. №"&AX5,VLOOKUP(AT5,Потребители_обозначение,2,FALSE)&" Шлейф №"&AV5),IFERROR(VLOOKUP(D5,Потребители_обозначение,2,FALSE),"")))) | AZ5: =IF(E5<>"",E5,AY5) | BA5: =IF(F5<>"",F5,IF(AND(D5<>"",D5<>A5,ISNUMBER(_xlfn.XMATCH(D5,Щиты[Щит]))),D5,"")) | BB5: =IFERROR(_xlfn.XMATCH(A5,Щиты[Щит]),0) -> 1 | BC5: =IFERROR(N(_xlfn.XLOOKUP(A5,Щиты[Щит],Щиты[Мест под вводной узел])),15) -> 18 | BD5: =IF(B5="-","",IF(ISNUMBER(B5),B5,_xlfn.LET(_xlpm.prev,IF(OR(AS5=1,A5<>A4),0,N(IF(AS5=1,"",BD4))),_xlpm.nx,_xlpm.prev+1,IF(AND(AL5<>"вручную",_xlpm.nx<=BC5),BC5+1,_xlpm.nx)))) -> 3 | BE5: =IF(BD5="","",IF(BD5<=BC5,"вводной узел","линии")) -> вводной узел | BF5: =IF(D5="","",IF(BA5<>"",IFERROR(_xlfn.XLOOKUP(BA5,Щиты[Щит],Щиты[Руст, кВт]),0),N(G5))) | BG5: =IF(J5<>"",J5,IF(D5="","",IFERROR(IF(VLOOKUP(AT5,Потребители_обозначение,8,FALSE)=0,"",VLOOKUP(AT5,Потребители_обозначение,8,FALSE)),""))) | BH5: =IF(I5<>"",I5,IF(D5="","",IFERROR(IF(VLOOKUP(AT5,Потребители_обозначение,9,FALSE)=0,"",VLOOKUP(AT5,Потребители_обозначение,9,FALSE)),""))) | BI5: =IF(U5<>"",U5,IF(D5="","",IFERROR(IF(VLOOKUP(AT5,Потребители_обозначение,6,FALSE)=0,"",VLOOKUP(AT5,Потребители_обозначение,6,FALSE)),""))) | BJ5: =IF(V5<>"",V5,IF(D5="","",IFERROR(IF(VLOOKUP(AT5,Потребители_обозначение,7,FALSE)=0,"",VLOOKUP(AT5,Потребители_обозначение,7,FALSE)),""))) | BK5: =IF(W5<>"",W5,IF(D5="","",IFERROR(IF(VLOOKUP(AT5,Потребители_обозначение,10,FALSE)=0,"",VLOOKUP(AT5,Потребители_обозначение,10,FALSE)),""))) | BL5: =IFERROR(VLOOKUP(AT5,Потребители_обозначение,5,FALSE),0) -> 0 | BM5: {=IF(D5="","",IF(BA5<>"",IFERROR(_xlfn.XLOOKUP(BA5,Щиты[Щит],Щиты[cos φ]),0.95),IF(ISNUMBER(M5),M5,IFERROR(IF(BL5=2,_xlfn.IFS(BH5=3,VLOOKUP(BF5,Справочная_двигатели,8,FALSE),BH5=1,VLOOKUP(BF5,Справочная_двигатели,10,TRUE)),IF(AND(Методика="нормы 2026",CN5="Сил"),0.8,0.95)),0.95))))} | BN5: {=IF(D5="","",IF(BA5<>"",IFERROR(_xlfn.XLOOKUP(BA5,Щиты[Щит],Щиты[Iр, А]),""),IFERROR(_xlfn.IFS(BH5=1,BF5/((Uн_лин/SQRT(3))*BM5),BH5=3,BF5/(SQRT(3)*Uн_лин*BM5)),"")))} | BO5: =IF(D5="","",IF(N(X5)=0,IFERROR(VLOOKUP(BN5,Автомат_номиналы,2,TRUE),""),X5)) | BP5: =IF(N(BJ5)=1,1,IF(BH5=1,1,IF(N(BJ5)>=4,0.92,1))) -> 1 | BQ5: =IF(ISNUMBER(Y5),Y5,К_прокл) -> 1 | BR5: =IF(N(BJ5)=1,1,IF(BH5=1,2,3)) -> 3 | BS5: {=IF(D5="","",IF(N(BK5)<>0,BK5,IFERROR(_xlfn.LET(_xlpm.need,BO5/(BP5*BQ5),_xlpm.t,CHOOSE(BR5,Iдоп_1ж,Iдоп_2ж,Iдоп_3ж),_xlpm.k,_xlfn.XMATCH(_xlpm.need,_xlpm.t,1),IF(ISNA(_xlpm.k),"Не исп",INDEX(Iдоп_S,_xlpm.k))),"Не исп")))} | BT5: =IFERROR(VLOOKUP(BS5,Кабель_сопротивление,3,FALSE),"") | BU5: =IFERROR(VLOOKUP(BS5,Кабель_сопротивление,2,FALSE),"") | BV5: =IF(P5<>"",P5,IF(COUNT(AM5,AN5)=0,"",ROUNDUP(SUM(AM5,AN5),0))) | BW5: =IF(D5="","",IFERROR(IF(VLOOKUP(AT5,Потребители_обозначение,4,FALSE)=1,VLOOKUP(AT5,Потребители_обозначение,3,FALSE)*(H5*2-1)+BV5+VLOOKUP(AV5,Этаж_обозначение,3,FALSE)+VLOOKUP(AV5,Этаж_обозначение,4,FALSE),VLOOKUP(AT5,Потребители_обозначение,3,FALSE)*(H5*2-1)+BV5),BV5)) | BX5: =IF(R5<>"",R5,IF(OR(BV5="",T5=""),"",IF(T5=1,MAX(0,BW5-ROUNDUP(N(AN5),0)-4),ROUNDUP(N(AM5),0)))) | BY5: =IF(S5<>"",S5,IF(OR(BV5="",T5=""),"",IF(T5=2,MAX(0,BW5-ROUNDUP(N(AM5),0)-4),ROUNDUP(N(AN5),0)))) | BZ5: =IF(BH5=1,2,IF(BH5=3,1,"")) | CA5: =IFERROR(ROUND(SIN(ACOS(BM5)),2),"") | CB5: =IFERROR(BZ5*(BT5*BW5/BS5*BM5+BU5*BW5*CA5/1000)*BN5,"") | CC5: =IFERROR(ROUNDUP(CB5/((Uн_лин/SQRT(3))*1000)*100,2),"") | CD5: =IF(ISNUMBER(CC5),CC5+IFERROR(_xlfn.XLOOKUP(A5,Щиты[Щит],Щиты[ΔU до шин, %]),0),"") | CE5: =IF(D5="","",IF(IFERROR(VLOOKUP(AT5,УГО_спр,2,FALSE),"")="Светильник",3,4)+IF(Методика="нормы 2026",MIN(0.5,MAX(0,N(BW5)-100)*0.005),0)) | CF5: =IFERROR(VLOOKUP(BI5,Кабель_обозначение,2,FALSE),"") | CG5: =IFERROR(IF(VLOOKUP(BI5,Кабель_обозначение,3,FALSE)=1,CF5&" ("&BJ5&"х"&BS5&")",CF5),"") | CH5: =IF(OR(D5="",CF5="",AND(G5<>"",NOT(ISNUMBER(G5)))),"",IF(BS5=0,CF5,CG5&CHAR(10)&"L="&BW5&"-"&CC5&"%")) | CI5: =IFERROR(2*ρкз_Cu*BW5/BS5,"") | CJ5: =IFERROR(0.0175*N(BW5)/BS5,"") | CK5: =IFERROR(IF(OR(D5="",NOT(ISNUMBER(BS5)),N(BW5)=0),"",_xlfn.XLOOKUP(A5,Щиты[Щит],Щиты[Zпетли на шинах, Ом])+CI5),"") | CL5: =IF(ISNUMBER(CK5),c_min*(Uн_лин*1000/SQRT(3))/CK5,"") | CM5: =IFERROR(IF(OR(D5="",NOT(ISNUMBER(BS5))),"",1.05*(Uн_лин*1000/SQRT(3))/(_xlfn.XLOOKUP(A5,Щиты[Щит],Щиты[Zmax на шинах, Ом])+CJ5)/1000),"") | CN5: =IF(D5="","",IF(BA5<>"","Щит",IF(K5<>"",K5,IF(ISNUMBER(L5),"Сил",IF(IFERROR(_xlfn.XLOOKUP(AT5,Коды_код,Коды_группа)&"","")="","Быт",_xlfn.XLOOKUP(AT5,Коды_код,Коды_группа)&""))))) | CO5: =IF(CN5="Щит","щит",IF(CN5="","",IF(CN5="Быт",IFERROR(_xlfn.XLOOKUP(A5,Щиты[Щит],Щиты[Кс быт]),1),IF(CN5="Сил",IF(ISNUMBER(L5),L5,IF(Методика="нормы 2026",IFERROR(_xlfn.XLOOKUP(A5,Щиты[Щит],Щиты[Кс силовых (табл. 7.5)]),1),1)),IF(OR(CN5="Пост",CN5="Отоп"),1,IF(CN5="ВНГ",0.7,0)))))) | CP5: =IF(CN5="","",IFERROR(MIN(3,MAX(1,INT(--N5))),1)) | CQ5: =IF(OR(CN5="",CN5="Нет",CN5="Щит"),0,N(BF5)) -> 0 | CR5: =IF(CN5="Быт",N(BF5),0) -> 0 | CS5: =IF(CN5="Сил",N(BF5)*N(CO5),0) -> 0 | CT5: =IF(CN5="Пост",N(BF5),0) -> 0 | CU5: =IF(CN5="Отоп",N(BF5),0) -> 0 | CV5: =IF(CN5="ВНГ",N(BF5)*0.7,0) -> 0 | CW5: =IF(OR(D5="",CN5="Щит"),0,N(BF5)) -> 0 | CX5: =IF(OR(D5="",CN5="Щит"),0,N(BF5)*N(BM5)) -> 0 | CY5: =_xlfn.LET(_xlpm.prev,IF(OR(OR(AS5=1,A5<>A4)),0,N(IF(AS5=1,"",CY4))),IF(OR(D5="",BH5=3),_xlpm.prev,IF(_xlpm.prev>=3,1,_xlpm.prev+1))) -> 0 | CZ5: =IF(D5="","",IF(BH5=3,"L1,L2,L3","L"&MAX(1,CY5))) | DA5: {=IFERROR(IF(BL5=2,_xlfn.IFS(BH5=3,VLOOKUP(BF5,Справочная_двигатели,3,FALSE),BH5=1,VLOOKUP(BF5,Справочная_двигатели,5,TRUE)),0),0)} -> 0 | DB5: =IFERROR(IF(BL5=3,VLOOKUP(BF5,Справочная_ЛЭД,2,TRUE),0),0) -> 0 | DC5: =IF(D5="","",IF(DA5=0,DB5,DA5)) | DD5: =IF(D5="","",IF(O5="упр","",IF(O5="",CZ5,IF(O5&""="1,2,3","L1,L2,L3","L"&O5)))) | DE5: {=IF(D5="","",IFERROR(INDEX({"I особая","I","II","III"},MATCH(TRIM(AA5&""),{"I особая","I","II","III"},0)),"III"))} | DF5: =IF(D5="","",IF(TRIM(AB5&"")<>"",IF(LOWER(TRIM(AB5&""))="да","да","нет"),IF(IFERROR(_xlfn.XLOOKUP(AT5,Коды_код,Коды_пожарная),"")="да","да","нет"))) | DG5: =IF(AC5<>"",AC5,IF(AD5<>"","",IF(EK5="","",IF(AS5=1,"",DG4)))) | DH5: =IF(D5="","",IF(DG5="","основная",DG5)) | DI5: =IFERROR(MIN(3,MAX(1,INT(--N5))),1) -> 1 | DJ5: {=IF(D5="","",_xlfn.LET(_xlpm.t,IFERROR(_xlfn.XLOOKUP(1,(Шины[Шина]=DH5)*(((Шины[Щит]=A5)+(Шины[Щит]=""))>0),Шины[Тип]),"")&"",IF(_xlpm.t<>"",_xlpm.t,IF(ISNUMBER(SEARCH("ИБП",DH5)),"ИБП",IF(ISNUMBER(SEARCH("ДГУ",DH5)),"ДГУ","Ввод "&DI5)))))} | DK5: =IF(D5="","",IF(OR(DJ5="ИБП",DJ5="ДГУ"),DJ5,IF(LEFT(DJ5,5)="Ввод ",DJ5,"Ввод "&DI5))) | DL5: =IF(D5="","",IF(OR(DJ5="ИБП",DJ5="ДГУ"),"I особая",IF(DJ5="Одиночная","III",_xlfn.XLOOKUP(A5,Щиты[Щит],Щиты[Категория шины «Ввод»],"III")))) | DM5: =IF(D5="",0,IFERROR(MATCH(DE5,{"III","II","I","I особая"},0),1)) -> 0 | DN5: =IF(OR(DJ5="ИБП",DJ5="ДГУ"),MIN(DM5,3),DM5) -> 0 | DO5: =IF(D5="","",IF(DM5>IFERROR(MATCH(DL5,{"III","II","I","I особая"},0),1),"НЕ ОБЕСПЕЧЕНА","ОК")) | DP5: =IF(A5="","",_xlfn.XLOOKUP(A5,Щиты[Щит],Щиты[Путь],"")) -> |ЩР| | DQ5: =IF(D5="","",IF(Z5<>"",Z5,IF(IFERROR(_xlfn.XLOOKUP(AT5,Коды_код,Коды_вид)&"","")="","Прочее",_xlfn.XLOOKUP(AT5,Коды_код,Коды_вид)&""))) | DR5: =IF(BD5="","",INT((BD5-1)/Столбцов_на_лист)+1) -> 1 | DS5: =IF(D5="","",SUBSTITUTE(CH5,CHAR(10)," ")) | DT5: =IF(D5="","",IFERROR(--BF5,"")) | DU5: =IF(D5="","",IFERROR(ROUNDUP(BN5,2),"")) | DV5: =IF(D5="","",IFERROR(--BH5,1)) | DW5: =IF(AT5="",0,_xlfn.LET(_xlpm.v,IFERROR(VLOOKUP(D5,УГО_спр,3,FALSE),IFERROR(VLOOKUP(AT5,УГО_спр,3,FALSE),IFERROR(VLOOKUP(LEFT(AT5,2),УГО_спр,3,FALSE),""))),IF(_xlpm.v="да",30,IF(ISNUMBER(_xlpm.v),_xlpm.v,0)))) -> 0 | DX5: =IF(OR(AJ5="+",AND(D5<>"",D5=IF(AS5=1,"",D4))),1,0) -> 0 | DY5: =IF(BD5="","",IF(AD5<>"",COUNTIFS(A$3:A5,A5,AD$3:AD5,"?*"),IF(OR(OR(AS5=1,A5<>A4),AL5="вручную"),"",IF(AS5=1,"",DZ4)))) | DZ5: =IF(BD5="",IF(OR(AS5=1,A5<>A4),"",IF(AS5=1,"",DZ4)),DY5) | EA5: =IF(D5="",0,MAX(IFERROR(--X5,0),IFERROR(--VLOOKUP(D5,УГО_спр,4,FALSE),IFERROR(--VLOOKUP(AT5,УГО_спр,4,FALSE),IFERROR(--VLOOKUP(LEFT(AT5,2),УГО_спр,4,FALSE),0))))) -> 0 | EB5: =IF(D5="","",IFERROR(LOOKUP(INDEX(CHOOSE(BR5,Iдоп_1ж,Iдоп_2ж,Iдоп_3ж),MATCH(BS5,Iдоп_S,0))*BP5*BQ5,{6,10,16,20,25,32,40,50,63,80,100,125,160,200,250,315,400,500,630}),"")) | EC5: =IF(AD5="","",SUMIFS(Линии[_Ток схемы],Линии[_гр.],DY5,Линии[Щит],A5,Линии[_в кабель выше],0)) | ED5: =IF(AD5="","",IFERROR(VLOOKUP(EC5,Автомат_номиналы,2,TRUE),"")) | EE5: =IF(AD5="","",MAX(N(ED5),_xlfn.MAXIFS(Линии[_мин. по типу],Линии[_гр.],DY5,Линии[Щит],A5))) | EF5: =IF(AD5="","",_xlfn.MINIFS(Линии[_макс. автомат по кабелю],Линии[_гр.],DY5,Линии[Щит],A5)) | EG5: =IF(AD5="","",MAX(1,_xlfn.MAXIFS(Линии[_фаз],Линии[_гр.],DY5,Линии[Щит],A5))) | EH5: =IF(AD5="","",IF(AND(AD5<>"авто",AD5<>"+"),IF(ISNUMBER(SEARCH("мА",AD5)),IFERROR(--TRIM(RIGHT(SUBSTITUTE(LEFT(AD5,SEARCH("мА",AD5)-1)," ",REPT(" ",9)),6)),30),0),IF(AE5="нет",0,IF(ISNUMBER(AE5),AE5,IF(AE5="да",30,_xlfn.MINIFS(Линии[_дифзащита по коду, мА],Линии[_гр.],DY5,Линии[Щит],A5,Линии[_дифзащита по коду, мА],">0")))))) | EI5: =IF(AD5="","",IF(N(EH5)>0,1,0)) | EJ5: =IF(AD5="","",IF(EI5=1,"QFD","QF")&DY5) | EK5: =IF(EJ5<>"",EJ5,IF(OR(OR(AS5=1,A5<>A4),AL5="вручную"),"",IF(AS5=1,"",EK4))) | EL5: =IF(EJ5<>"",_xlfn.TEXTJOIN(" → ",TRUE,AF5,AG5,AH5),IF(EK5="","",IF(AS5=1,"",EL4))) | EM5: =IF(EL5="",0,IF(OR(LEFT(EL5,2)="T ",LEFT(EL5,2)="Т ",ISNUMBER(SEARCH("→ T ",EL5)),ISNUMBER(SEARCH("→ Т ",EL5)),ISNUMBER(SEARCH("БП",EL5))),1,0)) -> 0 | EN5: =IF(AD5="","",IF(EM5=1,MAX(EE5,Мин_автомат_БП),EE5)) | EO5: =IF(AD5="","",IF(EG5>=3,IF(EI5=1,"4P","3P"),IF(EI5=1,"2P","1P"))) | EP5: =IF(AD5="","",IF(AND(AD5<>"авто",AD5<>"+"),AD5,EO5&" С"&EN5&"А"&IF(EI5=1," "&EH5&"мА",""))) | EQ5: =IF(EP5="","",_xlfn.LET(_xlpm.t,SUBSTITUTE(SUBSTITUTE(UPPER(EP5),"С","C"),"А","A"),_xlpm.c,FIND("C",_xlpm.t),IFERROR(--MID(_xlpm.t,_xlpm.c+1,FIND("A",_xlpm.t&"A",_xlpm.c)-_xlpm.c-1),""))) | ER5: =IF(OR(AI5="",AI5="-"),"",IFERROR(VLOOKUP(AI5,Модули_спр,2,FALSE),"R")) | ES5: =IF(ER5="","",ER5&"."&COUNTIFS(A$3:A5,A5,ER$3:ER5,ER5)) | ET5: =IF(AI5="-","",IF(ES5<>"",ES5,IF(OR(AS5=1,A5<>A4),"",IF(AS5=1,"",ET4)))) | EU5: =IF(ET5="","",IF(AND(AI5<>"",AI5<>"-"),AI5,IF(AS5=1,"",EU4))) | EV5: =IF(AJ5="=",IF(AS5=1,"",EW4),IF(ISNUMBER(AJ5),AJ5,IF(ET5="","",IF(OR(D5<>"",AJ5="+",AJ5="р"),IF(OR(ES5<>"",IF(AS5=1,"",EW4)=""),1,IF(AS5=1,"",EW4)+1),"")))) | EW5: =IF(EV5<>"",EV5,IF(OR(OR(AS5=1,A5<>A4),AI5="-",ES5<>""),"",IF(AS5=1,"",EW4))) | EX5: =IF(AJ5="б/к",0,IF(OR(ISNUMBER(SEARCH("L=",CH5)),AJ5="+",AJ5="="),1,0)) -> 0 | EY5: =IF(AK5="нет","",IF(AK5<>"",AK5,IF(EX5=1,"XT"&COUNTIFS(A$3:A5,A5,EX$3:EX5,1),""))) | EZ5: =IF(OR(D5<>"",EV5<>"",EX5=1),EK5,"") | FA5: =IF(OR(EV5<>"",AND(AI5<>"",AI5<>"-")),ET5,"") | FB5: =IF(AD5="","",IF(NOT(ISNUMBER(EQ5)),"",IF(EC5>EQ5,"ПЕРЕГРУЗ",IF(AND(EM5=0,EF5>0,EQ5>EF5),"КАБЕЛЬ НЕ ЗАЩИЩЁН","ok")))) | FC5: =IF(OR(EV5="",ET5=""),"",IF(EV5>IFERROR(VLOOKUP(EU5,Модули_спр,3,FALSE),99),"ЛИШНИЙ КАНАЛ",IF(AND(AJ5<>"=",COUNTIFS(Линии[_модуль гр.],ET5,Линии[Канал (итог)],EV5,Линии[Канал],"<>=",Линии[Щит],A5)>1),"ДУБЛЬ КАНАЛА",""))) | FD5: =IF(AD5<>"",EQ5,IF(EK5="","",IF(AS5=1,"",FD4))) | FE5: =IF(AD5<>"",EP5,IF(EK5="","",IF(AS5=1,"",FE4))) | FF5: =IF(AD5<>"",EI5,IF(EK5="","",IF(AS5=1,"",FF4))) | FG5: =IF(AD5<>"",EH5,IF(EK5="","",IF(AS5=1,"",FG4))) | FH5: =IFERROR(IF(ISNUMBER(CL5),CL5/IFERROR(--FD5,N(BO5)),""),"") | FI5: =IF(OR(ISNUMBER(SEARCH(" B"," "&FE5)),ISNUMBER(SEARCH(" В"," "&FE5))),5,IF(ISNUMBER(SEARCH(" D"," "&FE5)),20,10)) -> 10 | FJ5: =IF(NOT(ISNUMBER(FH5)),"",IF(FH5>=FI5,"ok",IF(N(FF5)=1,"ok (дифзащита "&FG5&" мА)","мало: Iкз < "&FI5&"·In"))) | FK5: =IF(AND(D5="",EZ5=""),"",_xlfn.TEXTJOIN("; ",TRUE,IF(AND(D5<>"",DD5=""),"нет фазы",""),IF(AND(D5<>"",N(DT5)=0,CN5<>"Нет"),"нет мощности",""),IF(AND(EY5<>"",COUNTIFS(Линии[Щит],A5,Линии[Клемма (итог)],EY5)>1),"дубль клеммы "&EY5,""),IF(AND(FB5<>"",FB5<>"ok"),FB5,""),IF(FC5<>"",FC5,""),IF(AND(ISNUMBER(SEARCH("(5х",DS5)),N(DV5)=1),"5 жил на 1 фазе",""),IF(AND(AT5="R",AD5<>"",OR(N(EH5)=0,N(EH5)>30)),"розетка без дифзащиты до 30 мА",""),IFERROR(IF(AND(ISNUMBER(CD5),CD5>CE5),"потери "&FIXED(CD5,1)&" % > "&CE5&" %",""),""),IFERROR(IF(LEFT(FJ5,4)="мало","Iкз мало — отключение > 0,4 с",""),""),IF(AND(D5<>"",BD5=""),"не на схеме",""))) | FL5: =IF(AD5="","",_xlfn.LET(_xlpm.t,IFERROR(_xlfn.XLOOKUP(EP5,Каталог!$U$4:$U$500,Каталог!$G$4:$G$500),""),_xlpm.k,SEARCH("кА",_xlpm.t),IFERROR(--TRIM(RIGHT(SUBSTITUTE(MID(_xlpm.t,MAX(1,_xlpm.k-4),_xlpm.k-MAX(1,_xlpm.k-4))," ",REPT(" ",9)),5)),""))) | FM5: =IF(OR(FL5="",AD5=""),"",IF(_xlfn.XLOOKUP(A5,Щиты[Щит],Щиты[Iкз max на шинах, кА],"")="","",IF(FL5<_xlfn.XLOOKUP(A5,Щиты[Щит],Щиты[Iкз max на шинах, кА]),"Icu "&FL5&" кА < Iкз max","ok"))) | FN5: =IF(OR(AL5="вручную",BD5="",AND(D5="",EY5="")),"",_xlfn.TEXTJOIN("|",TRUE,EK5,SUBSTITUTE(EL5," → ","|"),IF(ET5<>"",ET5&IF(EV5<>""," к."&EV5,""),""),EY5)) | FO5: =IF(FN5="","",FN5&IF(D5<>"","|кабель "&CG5&" → "&AZ5,"")) | FP5: {=IF(FO5="","",_xlfn.LET(_xlpm.nd,_xlfn.TEXTSPLIT(FO5,"|"),IF(COLUMNS(_xlpm.nd)>1,A5&"¦"&INDEX(_xlpm.nd,1)&"¦"&INDEX(_xlpm.nd,2),"")))} | FQ5: =IF(FP5="","",D5&"¦"&AZ5) | FR5: {=IF(FO5="","",_xlfn.LET(_xlpm.nd,_xlfn.TEXTSPLIT(FO5,"|"),IF(COLUMNS(_xlpm.nd)>2,A5&"¦"&INDEX(_xlpm.nd,2)&"¦"&INDEX(_xlpm.nd,3),"")))} | FS5: =IF(FR5="","",D5&"¦"&AZ5) | FT5: {=IF(FO5="","",_xlfn.LET(_xlpm.nd,_xlfn.TEXTSPLIT(FO5,"|"),IF(COLUMNS(_xlpm.nd)>3,A5&"¦"&INDEX(_xlpm.nd,3)&"¦"&INDEX(_xlpm.nd,4),"")))} | FU5: =IF(FT5="","",D5&"¦"&AZ5) | FV5: {=IF(FO5="","",_xlfn.LET(_xlpm.nd,_xlfn.TEXTSPLIT(FO5,"|"),IF(COLUMNS(_xlpm.nd)>4,A5&"¦"&INDEX(_xlpm.nd,4)&"¦"&INDEX(_xlpm.nd,5),"")))} | FW5: =IF(FV5="","",D5&"¦"&AZ5) | FX5: {=IF(FO5="","",_xlfn.LET(_xlpm.nd,_xlfn.TEXTSPLIT(FO5,"|"),IF(COLUMNS(_xlpm.nd)>5,A5&"¦"&INDEX(_xlpm.nd,5)&"¦"&INDEX(_xlpm.nd,6),"")))} | FY5: =IF(FX5="","",D5&"¦"&AZ5) | FZ5: {=IF(FO5="","",_xlfn.LET(_xlpm.nd,_xlfn.TEXTSPLIT(FO5,"|"),IF(COLUMNS(_xlpm.nd)>6,A5&"¦"&INDEX(_xlpm.nd,6)&"¦"&INDEX(_xlpm.nd,7),"")))} | GA5: =IF(FZ5="","",D5&"¦"&AZ5) | GB5: =IF(FA5="","",EU5) | GC5: =IF(AND(D5="",EV5="",EY5=""),"",_xlfn.TEXTJOIN(" → ",TRUE,EK5,EL5,IF(ET5<>"",ET5&IF(EV5<>""," к."&EV5,""),IF(EV5<>"","к."&EV5,"")),EY5,IF(DX5=1,"(в кабель выше)",""))) | GD5: =IF(OR(BD5="",AL5="вручную",AND(BE5="вводной узел",AL5<>"рисовать")),0,1) -> 0 | GE5: =IF(AC5="",0,1) -> 0 | GF5: =IF(EJ5="",0,IF(LEFT(EJ5,3)="QFD",1,0)) -> 0 | GG5: =IF(AJ5="=","=",IF(AJ5="+","+",IF(AJ5="р","R",""))) | GH5: =IF(AF5="","",IF(OR(LEFT(AF5,1)="T",LEFT(AF5,1)="Т"),"T",IF(LEFT(UPPER(AF5),2)="БП","PS",IF(OR(LEFT(UPPER(AF5),2)="МК",LEFT(UPPER(AF5),2)="MK"),"MK",IF(OR(LEFT(UPPER(AF5),2)="КМ",LEFT(UPPER(AF5),2)="KM"),"KM","X"))))) | GI5: =IF(AG5="","",IF(OR(LEFT(AG5,1)="T",LEFT(AG5,1)="Т"),"T",IF(LEFT(UPPER(AG5),2)="БП","PS",IF(OR(LEFT(UPPER(AG5),2)="МК",LEFT(UPPER(AG5),2)="MK"),"MK",IF(OR(LEFT(UPPER(AG5),2)="КМ",LEFT(UPPER(AG5),2)="KM"),"KM","X"))))) | GJ5: =IF(AH5="","",IF(OR(LEFT(AH5,1)="T",LEFT(AH5,1)="Т"),"T",IF(LEFT(UPPER(AH5),2)="БП","PS",IF(OR(LEFT(UPPER(AH5),2)="МК",LEFT(UPPER(AH5),2)="MK"),"MK",IF(OR(LEFT(UPPER(AH5),2)="КМ",LEFT(UPPER(AH5),2)="KM"),"KM","X"))))) | GK5: =IF(D5="","",IFERROR(VLOOKUP(D5,УГО_спр,2,FALSE),IFERROR(VLOOKUP(AT5,УГО_спр,2,FALSE),IFERROR(VLOOKUP(LEFT(AT5,2),УГО_спр,2,FALSE),"")))) | GL5: =IF(D5="","",IF(OR(GK5="",GK5=0),"BOX",IFERROR(IF(VLOOKUP(GK5,УГО_блоки,3,FALSE)&""<>"",VLOOKUP(GK5,УГО_блоки,3,FALSE),VLOOKUP(GK5,УГО_блоки,2,FALSE)),GK5))) | GM5: =IF(D5="",0,1) -> 0 | GN5: =IF(EP5="","",IF(COUNTIF(EP$3:EP5,EP5)=1,MAX(GN$2:GN4)+1,"")) | GO5: =IF(AF5="","",IF(COUNTIF(AF$3:AF5,AF5)+COUNTIF(AG$2:AG4,AF5)+COUNTIF(AH$2:AH4,AF5)=1,MAX(GO$2:GQ4)+1,"")) | GP5: =IF(AG5="","",IF(COUNTIF(AF$3:AF5,AG5)+COUNTIF(AG$3:AG5,AG5)+COUNTIF(AH$2:AH4,AG5)=1,MAX(GO$2:GQ4,GO5)+1,"")) | GQ5: =IF(AH5="","",IF(COUNTIF(AF$3:AF5,AH5)+COUNTIF(AG$3:AG5,AH5)+COUNTIF(AH$3:AH5,AH5)=1,MAX(GO$2:GQ4,GO5,GP5)+1,"")) | GR5: =IF(EX5=1,IFERROR(MID(DS5,FIND(" (",DS5)+2,FIND(")",DS5,FIND(" (",DS5))-FIND(" (",DS5)-2),"?"),"") | GS5: =IF(GR5="","",IF(COUNTIF(GR$3:GR5,GR5)=1,MAX(GS$2:GS4)+1,"")) | GT5: =IF(ES5="","",COUNTIF(ES$3:ES5,"?*")) | GU5: =IF(OR(ES5="",EU5=""),"",IF(COUNTIFS(ES$3:ES5,"?*",EU$3:EU5,EU5)=1,MAX(GU$2:GU4)+1,"")) | GV5: =IF(FK5="",0,IF(OR(ISNUMBER(SEARCH("дубль",FK5)),ISNUMBER(SEARCH("ПЕРЕГРУЗ",FK5)),ISNUMBER(SEARCH("ЗАЩИЩ",FK5)),ISNUMBER(SEARCH("КАНАЛ",FK5)),ISNUMBER(SEARCH("без диф",FK5))),2,1)) -> 0 | GW5: =IF(D5="","",COUNTIF(D$3:D5,"?*")) | GX5: =IF(EX5<>1,0,_xlfn.LET(_xlpm.k,MAX(IFERROR(--VLOOKUP(D5,УГО_спр,5,FALSE),0),IFERROR(--VLOOKUP(AT5,УГО_спр,5,FALSE),0),IFERROR(--VLOOKUP(LEFT(AT5,2),УГО_спр,5,FALSE),0)),IF(_xlpm.k>0,_xlpm.k,IF(IFERROR(--LEFT(SUBSTITUTE(GR5,"x","х"),FIND("х",SUBSTITUTE(GR5,"x","х"))-1),3)>3,Каталог!$S$9,1)))) -> 0 | GY5: =IF(EX5<>1,0,MAX(0,IFERROR(--LEFT(SUBSTITUTE(GR5,"x","х"),FIND("х",SUBSTITUTE(GR5,"x","х"))-1),3)-3*GX5)) -> 0
A6: ЩР | B6: 4 | C6: =IF(BD6="","",IF(BE6="вводной узел","узел ","")&"л."&(INT((BD6-1)/Столбцов_на_лист)+1)&" / "&(MOD(BD6-1,Столбцов_на_лист)+1)) -> узел л.1 / 4 | E6: =AY6 | AL6: вручную | AR6: =_xlfn.TEXTJOIN("; ",TRUE,FK6,IF(DO6="НЕ ОБЕСПЕЧЕНА","категория "&DE6&" не обеспечена (есть "&DL6&")",""),IF(LEFT(FM6,3)="Icu",FM6,""),IF(AND(D6<>"",BS6="Не исп"),"сечение не подобрано","")) | AS6: {=ROW()-ROW(Линии[#Headers])} -> 4 | AT6: =IF(D6="","",IFERROR(LEFT(D6,SEARCH(".",D6)-1),D6)) | AU6: =IFERROR(RIGHT(D6,LEN(D6)-SEARCH(".",D6)),"") | AV6: =IFERROR(LEFT(AU6,SEARCH(".",AU6)-1),AU6) | AW6: =IFERROR(RIGHT(AU6,LEN(AU6)-SEARCH(".",AU6)),"") | AX6: =IFERROR(LEFT(AW6,SEARCH(".",AW6)-1),AW6) | AY6: =IF(D6="","",IF(ISERROR(SEARCH(".",D6)),IFERROR(VLOOKUP(D6,Потребители_обозначение,2,FALSE)&"",""),IFERROR(IF(VLOOKUP(AT6,Потребители_обозначение,4,FALSE)=1,VLOOKUP(AT6,Потребители_обозначение,2,FALSE)&" "&VLOOKUP(AV6,Этаж_обозначение,2,FALSE)&" Пом. №"&AX6,VLOOKUP(AT6,Потребители_обозначение,2,FALSE)&" Шлейф №"&AV6),IFERROR(VLOOKUP(D6,Потребители_обозначение,2,FALSE),"")))) | AZ6: =IF(E6<>"",E6,AY6) | BA6: =IF(F6<>"",F6,IF(AND(D6<>"",D6<>A6,ISNUMBER(_xlfn.XMATCH(D6,Щиты[Щит]))),D6,"")) | BB6: =IFERROR(_xlfn.XMATCH(A6,Щиты[Щит]),0) -> 1 | BC6: =IFERROR(N(_xlfn.XLOOKUP(A6,Щиты[Щит],Щиты[Мест под вводной узел])),15) -> 18 | BD6: =IF(B6="-","",IF(ISNUMBER(B6),B6,_xlfn.LET(_xlpm.prev,IF(OR(AS6=1,A6<>A5),0,N(IF(AS6=1,"",BD5))),_xlpm.nx,_xlpm.prev+1,IF(AND(AL6<>"вручную",_xlpm.nx<=BC6),BC6+1,_xlpm.nx)))) -> 4 | BE6: =IF(BD6="","",IF(BD6<=BC6,"вводной узел","линии")) -> вводной узел | BF6: =IF(D6="","",IF(BA6<>"",IFERROR(_xlfn.XLOOKUP(BA6,Щиты[Щит],Щиты[Руст, кВт]),0),N(G6))) | BG6: =IF(J6<>"",J6,IF(D6="","",IFERROR(IF(VLOOKUP(AT6,Потребители_обозначение,8,FALSE)=0,"",VLOOKUP(AT6,Потребители_обозначение,8,FALSE)),""))) | BH6: =IF(I6<>"",I6,IF(D6="","",IFERROR(IF(VLOOKUP(AT6,Потребители_обозначение,9,FALSE)=0,"",VLOOKUP(AT6,Потребители_обозначение,9,FALSE)),""))) | BI6: =IF(U6<>"",U6,IF(D6="","",IFERROR(IF(VLOOKUP(AT6,Потребители_обозначение,6,FALSE)=0,"",VLOOKUP(AT6,Потребители_обозначение,6,FALSE)),""))) | BJ6: =IF(V6<>"",V6,IF(D6="","",IFERROR(IF(VLOOKUP(AT6,Потребители_обозначение,7,FALSE)=0,"",VLOOKUP(AT6,Потребители_обозначение,7,FALSE)),""))) | BK6: =IF(W6<>"",W6,IF(D6="","",IFERROR(IF(VLOOKUP(AT6,Потребители_обозначение,10,FALSE)=0,"",VLOOKUP(AT6,Потребители_обозначение,10,FALSE)),""))) | BL6: =IFERROR(VLOOKUP(AT6,Потребители_обозначение,5,FALSE),0) -> 0 | BM6: {=IF(D6="","",IF(BA6<>"",IFERROR(_xlfn.XLOOKUP(BA6,Щиты[Щит],Щиты[cos φ]),0.95),IF(ISNUMBER(M6),M6,IFERROR(IF(BL6=2,_xlfn.IFS(BH6=3,VLOOKUP(BF6,Справочная_двигатели,8,FALSE),BH6=1,VLOOKUP(BF6,Справочная_двигатели,10,TRUE)),IF(AND(Методика="нормы 2026",CN6="Сил"),0.8,0.95)),0.95))))} | BN6: {=IF(D6="","",IF(BA6<>"",IFERROR(_xlfn.XLOOKUP(BA6,Щиты[Щит],Щиты[Iр, А]),""),IFERROR(_xlfn.IFS(BH6=1,BF6/((Uн_лин/SQRT(3))*BM6),BH6=3,BF6/(SQRT(3)*Uн_лин*BM6)),"")))} | BO6: =IF(D6="","",IF(N(X6)=0,IFERROR(VLOOKUP(BN6,Автомат_номиналы,2,TRUE),""),X6)) | BP6: =IF(N(BJ6)=1,1,IF(BH6=1,1,IF(N(BJ6)>=4,0.92,1))) -> 1 | BQ6: =IF(ISNUMBER(Y6),Y6,К_прокл) -> 1 | BR6: =IF(N(BJ6)=1,1,IF(BH6=1,2,3)) -> 3 | BS6: {=IF(D6="","",IF(N(BK6)<>0,BK6,IFERROR(_xlfn.LET(_xlpm.need,BO6/(BP6*BQ6),_xlpm.t,CHOOSE(BR6,Iдоп_1ж,Iдоп_2ж,Iдоп_3ж),_xlpm.k,_xlfn.XMATCH(_xlpm.need,_xlpm.t,1),IF(ISNA(_xlpm.k),"Не исп",INDEX(Iдоп_S,_xlpm.k))),"Не исп")))} | BT6: =IFERROR(VLOOKUP(BS6,Кабель_сопротивление,3,FALSE),"") | BU6: =IFERROR(VLOOKUP(BS6,Кабель_сопротивление,2,FALSE),"") | BV6: =IF(P6<>"",P6,IF(COUNT(AM6,AN6)=0,"",ROUNDUP(SUM(AM6,AN6),0))) | BW6: =IF(D6="","",IFERROR(IF(VLOOKUP(AT6,Потребители_обозначение,4,FALSE)=1,VLOOKUP(AT6,Потребители_обозначение,3,FALSE)*(H6*2-1)+BV6+VLOOKUP(AV6,Этаж_обозначение,3,FALSE)+VLOOKUP(AV6,Этаж_обозначение,4,FALSE),VLOOKUP(AT6,Потребители_обозначение,3,FALSE)*(H6*2-1)+BV6),BV6)) | BX6: =IF(R6<>"",R6,IF(OR(BV6="",T6=""),"",IF(T6=1,MAX(0,BW6-ROUNDUP(N(AN6),0)-4),ROUNDUP(N(AM6),0)))) | BY6: =IF(S6<>"",S6,IF(OR(BV6="",T6=""),"",IF(T6=2,MAX(0,BW6-ROUNDUP(N(AM6),0)-4),ROUNDUP(N(AN6),0)))) | BZ6: =IF(BH6=1,2,IF(BH6=3,1,"")) | CA6: =IFERROR(ROUND(SIN(ACOS(BM6)),2),"") | CB6: =IFERROR(BZ6*(BT6*BW6/BS6*BM6+BU6*BW6*CA6/1000)*BN6,"") | CC6: =IFERROR(ROUNDUP(CB6/((Uн_лин/SQRT(3))*1000)*100,2),"") | CD6: =IF(ISNUMBER(CC6),CC6+IFERROR(_xlfn.XLOOKUP(A6,Щиты[Щит],Щиты[ΔU до шин, %]),0),"") | CE6: =IF(D6="","",IF(IFERROR(VLOOKUP(AT6,УГО_спр,2,FALSE),"")="Светильник",3,4)+IF(Методика="нормы 2026",MIN(0.5,MAX(0,N(BW6)-100)*0.005),0)) | CF6: =IFERROR(VLOOKUP(BI6,Кабель_обозначение,2,FALSE),"") | CG6: =IFERROR(IF(VLOOKUP(BI6,Кабель_обозначение,3,FALSE)=1,CF6&" ("&BJ6&"х"&BS6&")",CF6),"") | CH6: =IF(OR(D6="",CF6="",AND(G6<>"",NOT(ISNUMBER(G6)))),"",IF(BS6=0,CF6,CG6&CHAR(10)&"L="&BW6&"-"&CC6&"%")) | CI6: =IFERROR(2*ρкз_Cu*BW6/BS6,"") | CJ6: =IFERROR(0.0175*N(BW6)/BS6,"") | CK6: =IFERROR(IF(OR(D6="",NOT(ISNUMBER(BS6)),N(BW6)=0),"",_xlfn.XLOOKUP(A6,Щиты[Щит],Щиты[Zпетли на шинах, Ом])+CI6),"") | CL6: =IF(ISNUMBER(CK6),c_min*(Uн_лин*1000/SQRT(3))/CK6,"") | CM6: =IFERROR(IF(OR(D6="",NOT(ISNUMBER(BS6))),"",1.05*(Uн_лин*1000/SQRT(3))/(_xlfn.XLOOKUP(A6,Щиты[Щит],Щиты[Zmax на шинах, Ом])+CJ6)/1000),"") | CN6: =IF(D6="","",IF(BA6<>"","Щит",IF(K6<>"",K6,IF(ISNUMBER(L6),"Сил",IF(IFERROR(_xlfn.XLOOKUP(AT6,Коды_код,Коды_группа)&"","")="","Быт",_xlfn.XLOOKUP(AT6,Коды_код,Коды_группа)&""))))) | CO6: =IF(CN6="Щит","щит",IF(CN6="","",IF(CN6="Быт",IFERROR(_xlfn.XLOOKUP(A6,Щиты[Щит],Щиты[Кс быт]),1),IF(CN6="Сил",IF(ISNUMBER(L6),L6,IF(Методика="нормы 2026",IFERROR(_xlfn.XLOOKUP(A6,Щиты[Щит],Щиты[Кс силовых (табл. 7.5)]),1),1)),IF(OR(CN6="Пост",CN6="Отоп"),1,IF(CN6="ВНГ",0.7,0)))))) | CP6: =IF(CN6="","",IFERROR(MIN(3,MAX(1,INT(--N6))),1)) | CQ6: =IF(OR(CN6="",CN6="Нет",CN6="Щит"),0,N(BF6)) -> 0 | CR6: =IF(CN6="Быт",N(BF6),0) -> 0 | CS6: =IF(CN6="Сил",N(BF6)*N(CO6),0) -> 0 | CT6: =IF(CN6="Пост",N(BF6),0) -> 0 | CU6: =IF(CN6="Отоп",N(BF6),0) -> 0 | CV6: =IF(CN6="ВНГ",N(BF6)*0.7,0) -> 0 | CW6: =IF(OR(D6="",CN6="Щит"),0,N(BF6)) -> 0 | CX6: =IF(OR(D6="",CN6="Щит"),0,N(BF6)*N(BM6)) -> 0 | CY6: =_xlfn.LET(_xlpm.prev,IF(OR(OR(AS6=1,A6<>A5)),0,N(IF(AS6=1,"",CY5))),IF(OR(D6="",BH6=3),_xlpm.prev,IF(_xlpm.prev>=3,1,_xlpm.prev+1))) -> 0 | CZ6: =IF(D6="","",IF(BH6=3,"L1,L2,L3","L"&MAX(1,CY6))) | DA6: {=IFERROR(IF(BL6=2,_xlfn.IFS(BH6=3,VLOOKUP(BF6,Справочная_двигатели,3,FALSE),BH6=1,VLOOKUP(BF6,Справочная_двигатели,5,TRUE)),0),0)} -> 0 | DB6: =IFERROR(IF(BL6=3,VLOOKUP(BF6,Справочная_ЛЭД,2,TRUE),0),0) -> 0 | DC6: =IF(D6="","",IF(DA6=0,DB6,DA6)) | DD6: =IF(D6="","",IF(O6="упр","",IF(O6="",CZ6,IF(O6&""="1,2,3","L1,L2,L3","L"&O6)))) | DE6: {=IF(D6="","",IFERROR(INDEX({"I особая","I","II","III"},MATCH(TRIM(AA6&""),{"I особая","I","II","III"},0)),"III"))} | DF6: =IF(D6="","",IF(TRIM(AB6&"")<>"",IF(LOWER(TRIM(AB6&""))="да","да","нет"),IF(IFERROR(_xlfn.XLOOKUP(AT6,Коды_код,Коды_пожарная),"")="да","да","нет"))) | DG6: =IF(AC6<>"",AC6,IF(AD6<>"","",IF(EK6="","",IF(AS6=1,"",DG5)))) | DH6: =IF(D6="","",IF(DG6="","основная",DG6)) | DI6: =IFERROR(MIN(3,MAX(1,INT(--N6))),1) -> 1 | DJ6: {=IF(D6="","",_xlfn.LET(_xlpm.t,IFERROR(_xlfn.XLOOKUP(1,(Шины[Шина]=DH6)*(((Шины[Щит]=A6)+(Шины[Щит]=""))>0),Шины[Тип]),"")&"",IF(_xlpm.t<>"",_xlpm.t,IF(ISNUMBER(SEARCH("ИБП",DH6)),"ИБП",IF(ISNUMBER(SEARCH("ДГУ",DH6)),"ДГУ","Ввод "&DI6)))))} | DK6: =IF(D6="","",IF(OR(DJ6="ИБП",DJ6="ДГУ"),DJ6,IF(LEFT(DJ6,5)="Ввод ",DJ6,"Ввод "&DI6))) | DL6: =IF(D6="","",IF(OR(DJ6="ИБП",DJ6="ДГУ"),"I особая",IF(DJ6="Одиночная","III",_xlfn.XLOOKUP(A6,Щиты[Щит],Щиты[Категория шины «Ввод»],"III")))) | DM6: =IF(D6="",0,IFERROR(MATCH(DE6,{"III","II","I","I особая"},0),1)) -> 0 | DN6: =IF(OR(DJ6="ИБП",DJ6="ДГУ"),MIN(DM6,3),DM6) -> 0 | DO6: =IF(D6="","",IF(DM6>IFERROR(MATCH(DL6,{"III","II","I","I особая"},0),1),"НЕ ОБЕСПЕЧЕНА","ОК")) | DP6: =IF(A6="","",_xlfn.XLOOKUP(A6,Щиты[Щит],Щиты[Путь],"")) -> |ЩР| | DQ6: =IF(D6="","",IF(Z6<>"",Z6,IF(IFERROR(_xlfn.XLOOKUP(AT6,Коды_код,Коды_вид)&"","")="","Прочее",_xlfn.XLOOKUP(AT6,Коды_код,Коды_вид)&""))) | DR6: =IF(BD6="","",INT((BD6-1)/Столбцов_на_лист)+1) -> 1 | DS6: =IF(D6="","",SUBSTITUTE(CH6,CHAR(10)," ")) | DT6: =IF(D6="","",IFERROR(--BF6,"")) | DU6: =IF(D6="","",IFERROR(ROUNDUP(BN6,2),"")) | DV6: =IF(D6="","",IFERROR(--BH6,1)) | DW6: =IF(AT6="",0,_xlfn.LET(_xlpm.v,IFERROR(VLOOKUP(D6,УГО_спр,3,FALSE),IFERROR(VLOOKUP(AT6,УГО_спр,3,FALSE),IFERROR(VLOOKUP(LEFT(AT6,2),УГО_спр,3,FALSE),""))),IF(_xlpm.v="да",30,IF(ISNUMBER(_xlpm.v),_xlpm.v,0)))) -> 0 | DX6: =IF(OR(AJ6="+",AND(D6<>"",D6=IF(AS6=1,"",D5))),1,0) -> 0 | DY6: =IF(BD6="","",IF(AD6<>"",COUNTIFS(A$3:A6,A6,AD$3:AD6,"?*"),IF(OR(OR(AS6=1,A6<>A5),AL6="вручную"),"",IF(AS6=1,"",DZ5)))) | DZ6: =IF(BD6="",IF(OR(AS6=1,A6<>A5),"",IF(AS6=1,"",DZ5)),DY6) | EA6: =IF(D6="",0,MAX(IFERROR(--X6,0),IFERROR(--VLOOKUP(D6,УГО_спр,4,FALSE),IFERROR(--VLOOKUP(AT6,УГО_спр,4,FALSE),IFERROR(--VLOOKUP(LEFT(AT6,2),УГО_спр,4,FALSE),0))))) -> 0 | EB6: =IF(D6="","",IFERROR(LOOKUP(INDEX(CHOOSE(BR6,Iдоп_1ж,Iдоп_2ж,Iдоп_3ж),MATCH(BS6,Iдоп_S,0))*BP6*BQ6,{6,10,16,20,25,32,40,50,63,80,100,125,160,200,250,315,400,500,630}),"")) | EC6: =IF(AD6="","",SUMIFS(Линии[_Ток схемы],Линии[_гр.],DY6,Линии[Щит],A6,Линии[_в кабель выше],0)) | ED6: =IF(AD6="","",IFERROR(VLOOKUP(EC6,Автомат_номиналы,2,TRUE),"")) | EE6: =IF(AD6="","",MAX(N(ED6),_xlfn.MAXIFS(Линии[_мин. по типу],Линии[_гр.],DY6,Линии[Щит],A6))) | EF6: =IF(AD6="","",_xlfn.MINIFS(Линии[_макс. автомат по кабелю],Линии[_гр.],DY6,Линии[Щит],A6)) | EG6: =IF(AD6="","",MAX(1,_xlfn.MAXIFS(Линии[_фаз],Линии[_гр.],DY6,Линии[Щит],A6))) | EH6: =IF(AD6="","",IF(AND(AD6<>"авто",AD6<>"+"),IF(ISNUMBER(SEARCH("мА",AD6)),IFERROR(--TRIM(RIGHT(SUBSTITUTE(LEFT(AD6,SEARCH("мА",AD6)-1)," ",REPT(" ",9)),6)),30),0),IF(AE6="нет",0,IF(ISNUMBER(AE6),AE6,IF(AE6="да",30,_xlfn.MINIFS(Линии[_дифзащита по коду, мА],Линии[_гр.],DY6,Линии[Щит],A6,Линии[_дифзащита по коду, мА],">0")))))) | EI6: =IF(AD6="","",IF(N(EH6)>0,1,0)) | EJ6: =IF(AD6="","",IF(EI6=1,"QFD","QF")&DY6) | EK6: =IF(EJ6<>"",EJ6,IF(OR(OR(AS6=1,A6<>A5),AL6="вручную"),"",IF(AS6=1,"",EK5))) | EL6: =IF(EJ6<>"",_xlfn.TEXTJOIN(" → ",TRUE,AF6,AG6,AH6),IF(EK6="","",IF(AS6=1,"",EL5))) | EM6: =IF(EL6="",0,IF(OR(LEFT(EL6,2)="T ",LEFT(EL6,2)="Т ",ISNUMBER(SEARCH("→ T ",EL6)),ISNUMBER(SEARCH("→ Т ",EL6)),ISNUMBER(SEARCH("БП",EL6))),1,0)) -> 0 | EN6: =IF(AD6="","",IF(EM6=1,MAX(EE6,Мин_автомат_БП),EE6)) | EO6: =IF(AD6="","",IF(EG6>=3,IF(EI6=1,"4P","3P"),IF(EI6=1,"2P","1P"))) | EP6: =IF(AD6="","",IF(AND(AD6<>"авто",AD6<>"+"),AD6,EO6&" С"&EN6&"А"&IF(EI6=1," "&EH6&"мА",""))) | EQ6: =IF(EP6="","",_xlfn.LET(_xlpm.t,SUBSTITUTE(SUBSTITUTE(UPPER(EP6),"С","C"),"А","A"),_xlpm.c,FIND("C",_xlpm.t),IFERROR(--MID(_xlpm.t,_xlpm.c+1,FIND("A",_xlpm.t&"A",_xlpm.c)-_xlpm.c-1),""))) | ER6: =IF(OR(AI6="",AI6="-"),"",IFERROR(VLOOKUP(AI6,Модули_спр,2,FALSE),"R")) | ES6: =IF(ER6="","",ER6&"."&COUNTIFS(A$3:A6,A6,ER$3:ER6,ER6)) | ET6: =IF(AI6="-","",IF(ES6<>"",ES6,IF(OR(AS6=1,A6<>A5),"",IF(AS6=1,"",ET5)))) | EU6: =IF(ET6="","",IF(AND(AI6<>"",AI6<>"-"),AI6,IF(AS6=1,"",EU5))) | EV6: =IF(AJ6="=",IF(AS6=1,"",EW5),IF(ISNUMBER(AJ6),AJ6,IF(ET6="","",IF(OR(D6<>"",AJ6="+",AJ6="р"),IF(OR(ES6<>"",IF(AS6=1,"",EW5)=""),1,IF(AS6=1,"",EW5)+1),"")))) | EW6: =IF(EV6<>"",EV6,IF(OR(OR(AS6=1,A6<>A5),AI6="-",ES6<>""),"",IF(AS6=1,"",EW5))) | EX6: =IF(AJ6="б/к",0,IF(OR(ISNUMBER(SEARCH("L=",CH6)),AJ6="+",AJ6="="),1,0)) -> 0 | EY6: =IF(AK6="нет","",IF(AK6<>"",AK6,IF(EX6=1,"XT"&COUNTIFS(A$3:A6,A6,EX$3:EX6,1),""))) | EZ6: =IF(OR(D6<>"",EV6<>"",EX6=1),EK6,"") | FA6: =IF(OR(EV6<>"",AND(AI6<>"",AI6<>"-")),ET6,"") | FB6: =IF(AD6="","",IF(NOT(ISNUMBER(EQ6)),"",IF(EC6>EQ6,"ПЕРЕГРУЗ",IF(AND(EM6=0,EF6>0,EQ6>EF6),"КАБЕЛЬ НЕ ЗАЩИЩЁН","ok")))) | FC6: =IF(OR(EV6="",ET6=""),"",IF(EV6>IFERROR(VLOOKUP(EU6,Модули_спр,3,FALSE),99),"ЛИШНИЙ КАНАЛ",IF(AND(AJ6<>"=",COUNTIFS(Линии[_модуль гр.],ET6,Линии[Канал (итог)],EV6,Линии[Канал],"<>=",Линии[Щит],A6)>1),"ДУБЛЬ КАНАЛА",""))) | FD6: =IF(AD6<>"",EQ6,IF(EK6="","",IF(AS6=1,"",FD5))) | FE6: =IF(AD6<>"",EP6,IF(EK6="","",IF(AS6=1,"",FE5))) | FF6: =IF(AD6<>"",EI6,IF(EK6="","",IF(AS6=1,"",FF5))) | FG6: =IF(AD6<>"",EH6,IF(EK6="","",IF(AS6=1,"",FG5))) | FH6: =IFERROR(IF(ISNUMBER(CL6),CL6/IFERROR(--FD6,N(BO6)),""),"") | FI6: =IF(OR(ISNUMBER(SEARCH(" B"," "&FE6)),ISNUMBER(SEARCH(" В"," "&FE6))),5,IF(ISNUMBER(SEARCH(" D"," "&FE6)),20,10)) -> 10 | FJ6: =IF(NOT(ISNUMBER(FH6)),"",IF(FH6>=FI6,"ok",IF(N(FF6)=1,"ok (дифзащита "&FG6&" мА)","мало: Iкз < "&FI6&"·In"))) | FK6: =IF(AND(D6="",EZ6=""),"",_xlfn.TEXTJOIN("; ",TRUE,IF(AND(D6<>"",DD6=""),"нет фазы",""),IF(AND(D6<>"",N(DT6)=0,CN6<>"Нет"),"нет мощности",""),IF(AND(EY6<>"",COUNTIFS(Линии[Щит],A6,Линии[Клемма (итог)],EY6)>1),"дубль клеммы "&EY6,""),IF(AND(FB6<>"",FB6<>"ok"),FB6,""),IF(FC6<>"",FC6,""),IF(AND(ISNUMBER(SEARCH("(5х",DS6)),N(DV6)=1),"5 жил на 1 фазе",""),IF(AND(AT6="R",AD6<>"",OR(N(EH6)=0,N(EH6)>30)),"розетка без дифзащиты до 30 мА",""),IFERROR(IF(AND(ISNUMBER(CD6),CD6>CE6),"потери "&FIXED(CD6,1)&" % > "&CE6&" %",""),""),IFERROR(IF(LEFT(FJ6,4)="мало","Iкз мало — отключение > 0,4 с",""),""),IF(AND(D6<>"",BD6=""),"не на схеме",""))) | FL6: =IF(AD6="","",_xlfn.LET(_xlpm.t,IFERROR(_xlfn.XLOOKUP(EP6,Каталог!$U$4:$U$500,Каталог!$G$4:$G$500),""),_xlpm.k,SEARCH("кА",_xlpm.t),IFERROR(--TRIM(RIGHT(SUBSTITUTE(MID(_xlpm.t,MAX(1,_xlpm.k-4),_xlpm.k-MAX(1,_xlpm.k-4))," ",REPT(" ",9)),5)),""))) | FM6: =IF(OR(FL6="",AD6=""),"",IF(_xlfn.XLOOKUP(A6,Щиты[Щит],Щиты[Iкз max на шинах, кА],"")="","",IF(FL6<_xlfn.XLOOKUP(A6,Щиты[Щит],Щиты[Iкз max на шинах, кА]),"Icu "&FL6&" кА < Iкз max","ok"))) | FN6: =IF(OR(AL6="вручную",BD6="",AND(D6="",EY6="")),"",_xlfn.TEXTJOIN("|",TRUE,EK6,SUBSTITUTE(EL6," → ","|"),IF(ET6<>"",ET6&IF(EV6<>""," к."&EV6,""),""),EY6)) | FO6: =IF(FN6="","",FN6&IF(D6<>"","|кабель "&CG6&" → "&AZ6,"")) | FP6: {=IF(FO6="","",_xlfn.LET(_xlpm.nd,_xlfn.TEXTSPLIT(FO6,"|"),IF(COLUMNS(_xlpm.nd)>1,A6&"¦"&INDEX(_xlpm.nd,1)&"¦"&INDEX(_xlpm.nd,2),"")))} | FQ6: =IF(FP6="","",D6&"¦"&AZ6) | FR6: {=IF(FO6="","",_xlfn.LET(_xlpm.nd,_xlfn.TEXTSPLIT(FO6,"|"),IF(COLUMNS(_xlpm.nd)>2,A6&"¦"&INDEX(_xlpm.nd,2)&"¦"&INDEX(_xlpm.nd,3),"")))} | FS6: =IF(FR6="","",D6&"¦"&AZ6) | FT6: {=IF(FO6="","",_xlfn.LET(_xlpm.nd,_xlfn.TEXTSPLIT(FO6,"|"),IF(COLUMNS(_xlpm.nd)>3,A6&"¦"&INDEX(_xlpm.nd,3)&"¦"&INDEX(_xlpm.nd,4),"")))} | FU6: =IF(FT6="","",D6&"¦"&AZ6) | FV6: {=IF(FO6="","",_xlfn.LET(_xlpm.nd,_xlfn.TEXTSPLIT(FO6,"|"),IF(COLUMNS(_xlpm.nd)>4,A6&"¦"&INDEX(_xlpm.nd,4)&"¦"&INDEX(_xlpm.nd,5),"")))} | FW6: =IF(FV6="","",D6&"¦"&AZ6) | FX6: {=IF(FO6="","",_xlfn.LET(_xlpm.nd,_xlfn.TEXTSPLIT(FO6,"|"),IF(COLUMNS(_xlpm.nd)>5,A6&"¦"&INDEX(_xlpm.nd,5)&"¦"&INDEX(_xlpm.nd,6),"")))} | FY6: =IF(FX6="","",D6&"¦"&AZ6) | FZ6: {=IF(FO6="","",_xlfn.LET(_xlpm.nd,_xlfn.TEXTSPLIT(FO6,"|"),IF(COLUMNS(_xlpm.nd)>6,A6&"¦"&INDEX(_xlpm.nd,6)&"¦"&INDEX(_xlpm.nd,7),"")))} | GA6: =IF(FZ6="","",D6&"¦"&AZ6) | GB6: =IF(FA6="","",EU6) | GC6: =IF(AND(D6="",EV6="",EY6=""),"",_xlfn.TEXTJOIN(" → ",TRUE,EK6,EL6,IF(ET6<>"",ET6&IF(EV6<>""," к."&EV6,""),IF(EV6<>"","к."&EV6,"")),EY6,IF(DX6=1,"(в кабель выше)",""))) | GD6: =IF(OR(BD6="",AL6="вручную",AND(BE6="вводной узел",AL6<>"рисовать")),0,1) -> 0 | GE6: =IF(AC6="",0,1) -> 0 | GF6: =IF(EJ6="",0,IF(LEFT(EJ6,3)="QFD",1,0)) -> 0 | GG6: =IF(AJ6="=","=",IF(AJ6="+","+",IF(AJ6="р","R",""))) | GH6: =IF(AF6="","",IF(OR(LEFT(AF6,1)="T",LEFT(AF6,1)="Т"),"T",IF(LEFT(UPPER(AF6),2)="БП","PS",IF(OR(LEFT(UPPER(AF6),2)="МК",LEFT(UPPER(AF6),2)="MK"),"MK",IF(OR(LEFT(UPPER(AF6),2)="КМ",LEFT(UPPER(AF6),2)="KM"),"KM","X"))))) | GI6: =IF(AG6="","",IF(OR(LEFT(AG6,1)="T",LEFT(AG6,1)="Т"),"T",IF(LEFT(UPPER(AG6),2)="БП","PS",IF(OR(LEFT(UPPER(AG6),2)="МК",LEFT(UPPER(AG6),2)="MK"),"MK",IF(OR(LEFT(UPPER(AG6),2)="КМ",LEFT(UPPER(AG6),2)="KM"),"KM","X"))))) | GJ6: =IF(AH6="","",IF(OR(LEFT(AH6,1)="T",LEFT(AH6,1)="Т"),"T",IF(LEFT(UPPER(AH6),2)="БП","PS",IF(OR(LEFT(UPPER(AH6),2)="МК",LEFT(UPPER(AH6),2)="MK"),"MK",IF(OR(LEFT(UPPER(AH6),2)="КМ",LEFT(UPPER(AH6),2)="KM"),"KM","X"))))) | GK6: =IF(D6="","",IFERROR(VLOOKUP(D6,УГО_спр,2,FALSE),IFERROR(VLOOKUP(AT6,УГО_спр,2,FALSE),IFERROR(VLOOKUP(LEFT(AT6,2),УГО_спр,2,FALSE),"")))) | GL6: =IF(D6="","",IF(OR(GK6="",GK6=0),"BOX",IFERROR(IF(VLOOKUP(GK6,УГО_блоки,3,FALSE)&""<>"",VLOOKUP(GK6,УГО_блоки,3,FALSE),VLOOKUP(GK6,УГО_блоки,2,FALSE)),GK6))) | GM6: =IF(D6="",0,1) -> 0 | GN6: =IF(EP6="","",IF(COUNTIF(EP$3:EP6,EP6)=1,MAX(GN$2:GN5)+1,"")) | GO6: =IF(AF6="","",IF(COUNTIF(AF$3:AF6,AF6)+COUNTIF(AG$2:AG5,AF6)+COUNTIF(AH$2:AH5,AF6)=1,MAX(GO$2:GQ5)+1,"")) | GP6: =IF(AG6="","",IF(COUNTIF(AF$3:AF6,AG6)+COUNTIF(AG$3:AG6,AG6)+COUNTIF(AH$2:AH5,AG6)=1,MAX(GO$2:GQ5,GO6)+1,"")) | GQ6: =IF(AH6="","",IF(COUNTIF(AF$3:AF6,AH6)+COUNTIF(AG$3:AG6,AH6)+COUNTIF(AH$3:AH6,AH6)=1,MAX(GO$2:GQ5,GO6,GP6)+1,"")) | GR6: =IF(EX6=1,IFERROR(MID(DS6,FIND(" (",DS6)+2,FIND(")",DS6,FIND(" (",DS6))-FIND(" (",DS6)-2),"?"),"") | GS6: =IF(GR6="","",IF(COUNTIF(GR$3:GR6,GR6)=1,MAX(GS$2:GS5)+1,"")) | GT6: =IF(ES6="","",COUNTIF(ES$3:ES6,"?*")) | GU6: =IF(OR(ES6="",EU6=""),"",IF(COUNTIFS(ES$3:ES6,"?*",EU$3:EU6,EU6)=1,MAX(GU$2:GU5)+1,"")) | GV6: =IF(FK6="",0,IF(OR(ISNUMBER(SEARCH("дубль",FK6)),ISNUMBER(SEARCH("ПЕРЕГРУЗ",FK6)),ISNUMBER(SEARCH("ЗАЩИЩ",FK6)),ISNUMBER(SEARCH("КАНАЛ",FK6)),ISNUMBER(SEARCH("без диф",FK6))),2,1)) -> 0 | GW6: =IF(D6="","",COUNTIF(D$3:D6,"?*")) | GX6: =IF(EX6<>1,0,_xlfn.LET(_xlpm.k,MAX(IFERROR(--VLOOKUP(D6,УГО_спр,5,FALSE),0),IFERROR(--VLOOKUP(AT6,УГО_спр,5,FALSE),0),IFERROR(--VLOOKUP(LEFT(AT6,2),УГО_спр,5,FALSE),0)),IF(_xlpm.k>0,_xlpm.k,IF(IFERROR(--LEFT(SUBSTITUTE(GR6,"x","х"),FIND("х",SUBSTITUTE(GR6,"x","х"))-1),3)>3,Каталог!$S$9,1)))) -> 0 | GY6: =IF(EX6<>1,0,MAX(0,IFERROR(--LEFT(SUBSTITUTE(GR6,"x","х"),FIND("х",SUBSTITUTE(GR6,"x","х"))-1),3)-3*GX6)) -> 0
A7: ЩР | B7: 5 | C7: =IF(BD7="","",IF(BE7="вводной узел","узел ","")&"л."&(INT((BD7-1)/Столбцов_на_лист)+1)&" / "&(MOD(BD7-1,Столбцов_на_лист)+1)) -> узел л.1 / 5 | E7: =AY7 | AL7: вручную | AR7: =_xlfn.TEXTJOIN("; ",TRUE,FK7,IF(DO7="НЕ ОБЕСПЕЧЕНА","категория "&DE7&" не обеспечена (есть "&DL7&")",""),IF(LEFT(FM7,3)="Icu",FM7,""),IF(AND(D7<>"",BS7="Не исп"),"сечение не подобрано","")) | AS7: {=ROW()-ROW(Линии[#Headers])} -> 5 | AT7: =IF(D7="","",IFERROR(LEFT(D7,SEARCH(".",D7)-1),D7)) | AU7: =IFERROR(RIGHT(D7,LEN(D7)-SEARCH(".",D7)),"") | AV7: =IFERROR(LEFT(AU7,SEARCH(".",AU7)-1),AU7) | AW7: =IFERROR(RIGHT(AU7,LEN(AU7)-SEARCH(".",AU7)),"") | AX7: =IFERROR(LEFT(AW7,SEARCH(".",AW7)-1),AW7) | AY7: =IF(D7="","",IF(ISERROR(SEARCH(".",D7)),IFERROR(VLOOKUP(D7,Потребители_обозначение,2,FALSE)&"",""),IFERROR(IF(VLOOKUP(AT7,Потребители_обозначение,4,FALSE)=1,VLOOKUP(AT7,Потребители_обозначение,2,FALSE)&" "&VLOOKUP(AV7,Этаж_обозначение,2,FALSE)&" Пом. №"&AX7,VLOOKUP(AT7,Потребители_обозначение,2,FALSE)&" Шлейф №"&AV7),IFERROR(VLOOKUP(D7,Потребители_обозначение,2,FALSE),"")))) | AZ7: =IF(E7<>"",E7,AY7) | BA7: =IF(F7<>"",F7,IF(AND(D7<>"",D7<>A7,ISNUMBER(_xlfn.XMATCH(D7,Щиты[Щит]))),D7,"")) | BB7: =IFERROR(_xlfn.XMATCH(A7,Щиты[Щит]),0) -> 1 | BC7: =IFERROR(N(_xlfn.XLOOKUP(A7,Щиты[Щит],Щиты[Мест под вводной узел])),15) -> 18 | BD7: =IF(B7="-","",IF(ISNUMBER(B7),B7,_xlfn.LET(_xlpm.prev,IF(OR(AS7=1,A7<>A6),0,N(IF(AS7=1,"",BD6))),_xlpm.nx,_xlpm.prev+1,IF(AND(AL7<>"вручную",_xlpm.nx<=BC7),BC7+1,_xlpm.nx)))) -> 5 | BE7: =IF(BD7="","",IF(BD7<=BC7,"вводной узел","линии")) -> вводной узел | BF7: =IF(D7="","",IF(BA7<>"",IFERROR(_xlfn.XLOOKUP(BA7,Щиты[Щит],Щиты[Руст, кВт]),0),N(G7))) | BG7: =IF(J7<>"",J7,IF(D7="","",IFERROR(IF(VLOOKUP(AT7,Потребители_обозначение,8,FALSE)=0,"",VLOOKUP(AT7,Потребители_обозначение,8,FALSE)),""))) | BH7: =IF(I7<>"",I7,IF(D7="","",IFERROR(IF(VLOOKUP(AT7,Потребители_обозначение,9,FALSE)=0,"",VLOOKUP(AT7,Потребители_обозначение,9,FALSE)),""))) | BI7: =IF(U7<>"",U7,IF(D7="","",IFERROR(IF(VLOOKUP(AT7,Потребители_обозначение,6,FALSE)=0,"",VLOOKUP(AT7,Потребители_обозначение,6,FALSE)),""))) | BJ7: =IF(V7<>"",V7,IF(D7="","",IFERROR(IF(VLOOKUP(AT7,Потребители_обозначение,7,FALSE)=0,"",VLOOKUP(AT7,Потребители_обозначение,7,FALSE)),""))) | BK7: =IF(W7<>"",W7,IF(D7="","",IFERROR(IF(VLOOKUP(AT7,Потребители_обозначение,10,FALSE)=0,"",VLOOKUP(AT7,Потребители_обозначение,10,FALSE)),""))) | BL7: =IFERROR(VLOOKUP(AT7,Потребители_обозначение,5,FALSE),0) -> 0 | BM7: {=IF(D7="","",IF(BA7<>"",IFERROR(_xlfn.XLOOKUP(BA7,Щиты[Щит],Щиты[cos φ]),0.95),IF(ISNUMBER(M7),M7,IFERROR(IF(BL7=2,_xlfn.IFS(BH7=3,VLOOKUP(BF7,Справочная_двигатели,8,FALSE),BH7=1,VLOOKUP(BF7,Справочная_двигатели,10,TRUE)),IF(AND(Методика="нормы 2026",CN7="Сил"),0.8,0.95)),0.95))))} | BN7: {=IF(D7="","",IF(BA7<>"",IFERROR(_xlfn.XLOOKUP(BA7,Щиты[Щит],Щиты[Iр, А]),""),IFERROR(_xlfn.IFS(BH7=1,BF7/((Uн_лин/SQRT(3))*BM7),BH7=3,BF7/(SQRT(3)*Uн_лин*BM7)),"")))} | BO7: =IF(D7="","",IF(N(X7)=0,IFERROR(VLOOKUP(BN7,Автомат_номиналы,2,TRUE),""),X7)) | BP7: =IF(N(BJ7)=1,1,IF(BH7=1,1,IF(N(BJ7)>=4,0.92,1))) -> 1 | BQ7: =IF(ISNUMBER(Y7),Y7,К_прокл) -> 1 | BR7: =IF(N(BJ7)=1,1,IF(BH7=1,2,3)) -> 3 | BS7: {=IF(D7="","",IF(N(BK7)<>0,BK7,IFERROR(_xlfn.LET(_xlpm.need,BO7/(BP7*BQ7),_xlpm.t,CHOOSE(BR7,Iдоп_1ж,Iдоп_2ж,Iдоп_3ж),_xlpm.k,_xlfn.XMATCH(_xlpm.need,_xlpm.t,1),IF(ISNA(_xlpm.k),"Не исп",INDEX(Iдоп_S,_xlpm.k))),"Не исп")))} | BT7: =IFERROR(VLOOKUP(BS7,Кабель_сопротивление,3,FALSE),"") | BU7: =IFERROR(VLOOKUP(BS7,Кабель_сопротивление,2,FALSE),"") | BV7: =IF(P7<>"",P7,IF(COUNT(AM7,AN7)=0,"",ROUNDUP(SUM(AM7,AN7),0))) | BW7: =IF(D7="","",IFERROR(IF(VLOOKUP(AT7,Потребители_обозначение,4,FALSE)=1,VLOOKUP(AT7,Потребители_обозначение,3,FALSE)*(H7*2-1)+BV7+VLOOKUP(AV7,Этаж_обозначение,3,FALSE)+VLOOKUP(AV7,Этаж_обозначение,4,FALSE),VLOOKUP(AT7,Потребители_обозначение,3,FALSE)*(H7*2-1)+BV7),BV7)) | BX7: =IF(R7<>"",R7,IF(OR(BV7="",T7=""),"",IF(T7=1,MAX(0,BW7-ROUNDUP(N(AN7),0)-4),ROUNDUP(N(AM7),0)))) | BY7: =IF(S7<>"",S7,IF(OR(BV7="",T7=""),"",IF(T7=2,MAX(0,BW7-ROUNDUP(N(AM7),0)-4),ROUNDUP(N(AN7),0)))) | BZ7: =IF(BH7=1,2,IF(BH7=3,1,"")) | CA7: =IFERROR(ROUND(SIN(ACOS(BM7)),2),"") | CB7: =IFERROR(BZ7*(BT7*BW7/BS7*BM7+BU7*BW7*CA7/1000)*BN7,"") | CC7: =IFERROR(ROUNDUP(CB7/((Uн_лин/SQRT(3))*1000)*100,2),"") | CD7: =IF(ISNUMBER(CC7),CC7+IFERROR(_xlfn.XLOOKUP(A7,Щиты[Щит],Щиты[ΔU до шин, %]),0),"") | CE7: =IF(D7="","",IF(IFERROR(VLOOKUP(AT7,УГО_спр,2,FALSE),"")="Светильник",3,4)+IF(Методика="нормы 2026",MIN(0.5,MAX(0,N(BW7)-100)*0.005),0)) | CF7: =IFERROR(VLOOKUP(BI7,Кабель_обозначение,2,FALSE),"") | CG7: =IFERROR(IF(VLOOKUP(BI7,Кабель_обозначение,3,FALSE)=1,CF7&" ("&BJ7&"х"&BS7&")",CF7),"") | CH7: =IF(OR(D7="",CF7="",AND(G7<>"",NOT(ISNUMBER(G7)))),"",IF(BS7=0,CF7,CG7&CHAR(10)&"L="&BW7&"-"&CC7&"%")) | CI7: =IFERROR(2*ρкз_Cu*BW7/BS7,"") | CJ7: =IFERROR(0.0175*N(BW7)/BS7,"") | CK7: =IFERROR(IF(OR(D7="",NOT(ISNUMBER(BS7)),N(BW7)=0),"",_xlfn.XLOOKUP(A7,Щиты[Щит],Щиты[Zпетли на шинах, Ом])+CI7),"") | CL7: =IF(ISNUMBER(CK7),c_min*(Uн_лин*1000/SQRT(3))/CK7,"") | CM7: =IFERROR(IF(OR(D7="",NOT(ISNUMBER(BS7))),"",1.05*(Uн_лин*1000/SQRT(3))/(_xlfn.XLOOKUP(A7,Щиты[Щит],Щиты[Zmax на шинах, Ом])+CJ7)/1000),"") | CN7: =IF(D7="","",IF(BA7<>"","Щит",IF(K7<>"",K7,IF(ISNUMBER(L7),"Сил",IF(IFERROR(_xlfn.XLOOKUP(AT7,Коды_код,Коды_группа)&"","")="","Быт",_xlfn.XLOOKUP(AT7,Коды_код,Коды_группа)&""))))) | CO7: =IF(CN7="Щит","щит",IF(CN7="","",IF(CN7="Быт",IFERROR(_xlfn.XLOOKUP(A7,Щиты[Щит],Щиты[Кс быт]),1),IF(CN7="Сил",IF(ISNUMBER(L7),L7,IF(Методика="нормы 2026",IFERROR(_xlfn.XLOOKUP(A7,Щиты[Щит],Щиты[Кс силовых (табл. 7.5)]),1),1)),IF(OR(CN7="Пост",CN7="Отоп"),1,IF(CN7="ВНГ",0.7,0)))))) | CP7: =IF(CN7="","",IFERROR(MIN(3,MAX(1,INT(--N7))),1)) | CQ7: =IF(OR(CN7="",CN7="Нет",CN7="Щит"),0,N(BF7)) -> 0 | CR7: =IF(CN7="Быт",N(BF7),0) -> 0 | CS7: =IF(CN7="Сил",N(BF7)*N(CO7),0) -> 0 | CT7: =IF(CN7="Пост",N(BF7),0) -> 0 | CU7: =IF(CN7="Отоп",N(BF7),0) -> 0 | CV7: =IF(CN7="ВНГ",N(BF7)*0.7,0) -> 0 | CW7: =IF(OR(D7="",CN7="Щит"),0,N(BF7)) -> 0 | CX7: =IF(OR(D7="",CN7="Щит"),0,N(BF7)*N(BM7)) -> 0 | CY7: =_xlfn.LET(_xlpm.prev,IF(OR(OR(AS7=1,A7<>A6)),0,N(IF(AS7=1,"",CY6))),IF(OR(D7="",BH7=3),_xlpm.prev,IF(_xlpm.prev>=3,1,_xlpm.prev+1))) -> 0 | CZ7: =IF(D7="","",IF(BH7=3,"L1,L2,L3","L"&MAX(1,CY7))) | DA7: {=IFERROR(IF(BL7=2,_xlfn.IFS(BH7=3,VLOOKUP(BF7,Справочная_двигатели,3,FALSE),BH7=1,VLOOKUP(BF7,Справочная_двигатели,5,TRUE)),0),0)} -> 0 | DB7: =IFERROR(IF(BL7=3,VLOOKUP(BF7,Справочная_ЛЭД,2,TRUE),0),0) -> 0 | DC7: =IF(D7="","",IF(DA7=0,DB7,DA7)) | DD7: =IF(D7="","",IF(O7="упр","",IF(O7="",CZ7,IF(O7&""="1,2,3","L1,L2,L3","L"&O7)))) | DE7: {=IF(D7="","",IFERROR(INDEX({"I особая","I","II","III"},MATCH(TRIM(AA7&""),{"I особая","I","II","III"},0)),"III"))} | DF7: =IF(D7="","",IF(TRIM(AB7&"")<>"",IF(LOWER(TRIM(AB7&""))="да","да","нет"),IF(IFERROR(_xlfn.XLOOKUP(AT7,Коды_код,Коды_пожарная),"")="да","да","нет"))) | DG7: =IF(AC7<>"",AC7,IF(AD7<>"","",IF(EK7="","",IF(AS7=1,"",DG6)))) | DH7: =IF(D7="","",IF(DG7="","основная",DG7)) | DI7: =IFERROR(MIN(3,MAX(1,INT(--N7))),1) -> 1 | DJ7: {=IF(D7="","",_xlfn.LET(_xlpm.t,IFERROR(_xlfn.XLOOKUP(1,(Шины[Шина]=DH7)*(((Шины[Щит]=A7)+(Шины[Щит]=""))>0),Шины[Тип]),"")&"",IF(_xlpm.t<>"",_xlpm.t,IF(ISNUMBER(SEARCH("ИБП",DH7)),"ИБП",IF(ISNUMBER(SEARCH("ДГУ",DH7)),"ДГУ","Ввод "&DI7)))))} | DK7: =IF(D7="","",IF(OR(DJ7="ИБП",DJ7="ДГУ"),DJ7,IF(LEFT(DJ7,5)="Ввод ",DJ7,"Ввод "&DI7))) | DL7: =IF(D7="","",IF(OR(DJ7="ИБП",DJ7="ДГУ"),"I особая",IF(DJ7="Одиночная","III",_xlfn.XLOOKUP(A7,Щиты[Щит],Щиты[Категория шины «Ввод»],"III")))) | DM7: =IF(D7="",0,IFERROR(MATCH(DE7,{"III","II","I","I особая"},0),1)) -> 0 | DN7: =IF(OR(DJ7="ИБП",DJ7="ДГУ"),MIN(DM7,3),DM7) -> 0 | DO7: =IF(D7="","",IF(DM7>IFERROR(MATCH(DL7,{"III","II","I","I особая"},0),1),"НЕ ОБЕСПЕЧЕНА","ОК")) | DP7: =IF(A7="","",_xlfn.XLOOKUP(A7,Щиты[Щит],Щиты[Путь],"")) -> |ЩР| | DQ7: =IF(D7="","",IF(Z7<>"",Z7,IF(IFERROR(_xlfn.XLOOKUP(AT7,Коды_код,Коды_вид)&"","")="","Прочее",_xlfn.XLOOKUP(AT7,Коды_код,Коды_вид)&""))) | DR7: =IF(BD7="","",INT((BD7-1)/Столбцов_на_лист)+1) -> 1 | DS7: =IF(D7="","",SUBSTITUTE(CH7,CHAR(10)," ")) | DT7: =IF(D7="","",IFERROR(--BF7,"")) | DU7: =IF(D7="","",IFERROR(ROUNDUP(BN7,2),"")) | DV7: =IF(D7="","",IFERROR(--BH7,1)) | DW7: =IF(AT7="",0,_xlfn.LET(_xlpm.v,IFERROR(VLOOKUP(D7,УГО_спр,3,FALSE),IFERROR(VLOOKUP(AT7,УГО_спр,3,FALSE),IFERROR(VLOOKUP(LEFT(AT7,2),УГО_спр,3,FALSE),""))),IF(_xlpm.v="да",30,IF(ISNUMBER(_xlpm.v),_xlpm.v,0)))) -> 0 | DX7: =IF(OR(AJ7="+",AND(D7<>"",D7=IF(AS7=1,"",D6))),1,0) -> 0 | DY7: =IF(BD7="","",IF(AD7<>"",COUNTIFS(A$3:A7,A7,AD$3:AD7,"?*"),IF(OR(OR(AS7=1,A7<>A6),AL7="вручную"),"",IF(AS7=1,"",DZ6)))) | DZ7: =IF(BD7="",IF(OR(AS7=1,A7<>A6),"",IF(AS7=1,"",DZ6)),DY7) | EA7: =IF(D7="",0,MAX(IFERROR(--X7,0),IFERROR(--VLOOKUP(D7,УГО_спр,4,FALSE),IFERROR(--VLOOKUP(AT7,УГО_спр,4,FALSE),IFERROR(--VLOOKUP(LEFT(AT7,2),УГО_спр,4,FALSE),0))))) -> 0 | EB7: =IF(D7="","",IFERROR(LOOKUP(INDEX(CHOOSE(BR7,Iдоп_1ж,Iдоп_2ж,Iдоп_3ж),MATCH(BS7,Iдоп_S,0))*BP7*BQ7,{6,10,16,20,25,32,40,50,63,80,100,125,160,200,250,315,400,500,630}),"")) | EC7: =IF(AD7="","",SUMIFS(Линии[_Ток схемы],Линии[_гр.],DY7,Линии[Щит],A7,Линии[_в кабель выше],0)) | ED7: =IF(AD7="","",IFERROR(VLOOKUP(EC7,Автомат_номиналы,2,TRUE),"")) | EE7: =IF(AD7="","",MAX(N(ED7),_xlfn.MAXIFS(Линии[_мин. по типу],Линии[_гр.],DY7,Линии[Щит],A7))) | EF7: =IF(AD7="","",_xlfn.MINIFS(Линии[_макс. автомат по кабелю],Линии[_гр.],DY7,Линии[Щит],A7)) | EG7: =IF(AD7="","",MAX(1,_xlfn.MAXIFS(Линии[_фаз],Линии[_гр.],DY7,Линии[Щит],A7))) | EH7: =IF(AD7="","",IF(AND(AD7<>"авто",AD7<>"+"),IF(ISNUMBER(SEARCH("мА",AD7)),IFERROR(--TRIM(RIGHT(SUBSTITUTE(LEFT(AD7,SEARCH("мА",AD7)-1)," ",REPT(" ",9)),6)),30),0),IF(AE7="нет",0,IF(ISNUMBER(AE7),AE7,IF(AE7="да",30,_xlfn.MINIFS(Линии[_дифзащита по коду, мА],Линии[_гр.],DY7,Линии[Щит],A7,Линии[_дифзащита по коду, мА],">0")))))) | EI7: =IF(AD7="","",IF(N(EH7)>0,1,0)) | EJ7: =IF(AD7="","",IF(EI7=1,"QFD","QF")&DY7) | EK7: =IF(EJ7<>"",EJ7,IF(OR(OR(AS7=1,A7<>A6),AL7="вручную"),"",IF(AS7=1,"",EK6))) | EL7: =IF(EJ7<>"",_xlfn.TEXTJOIN(" → ",TRUE,AF7,AG7,AH7),IF(EK7="","",IF(AS7=1,"",EL6))) | EM7: =IF(EL7="",0,IF(OR(LEFT(EL7,2)="T ",LEFT(EL7,2)="Т ",ISNUMBER(SEARCH("→ T ",EL7)),ISNUMBER(SEARCH("→ Т ",EL7)),ISNUMBER(SEARCH("БП",EL7))),1,0)) -> 0 | EN7: =IF(AD7="","",IF(EM7=1,MAX(EE7,Мин_автомат_БП),EE7)) | EO7: =IF(AD7="","",IF(EG7>=3,IF(EI7=1,"4P","3P"),IF(EI7=1,"2P","1P"))) | EP7: =IF(AD7="","",IF(AND(AD7<>"авто",AD7<>"+"),AD7,EO7&" С"&EN7&"А"&IF(EI7=1," "&EH7&"мА",""))) | EQ7: =IF(EP7="","",_xlfn.LET(_xlpm.t,SUBSTITUTE(SUBSTITUTE(UPPER(EP7),"С","C"),"А","A"),_xlpm.c,FIND("C",_xlpm.t),IFERROR(--MID(_xlpm.t,_xlpm.c+1,FIND("A",_xlpm.t&"A",_xlpm.c)-_xlpm.c-1),""))) | ER7: =IF(OR(AI7="",AI7="-"),"",IFERROR(VLOOKUP(AI7,Модули_спр,2,FALSE),"R")) | ES7: =IF(ER7="","",ER7&"."&COUNTIFS(A$3:A7,A7,ER$3:ER7,ER7)) | ET7: =IF(AI7="-","",IF(ES7<>"",ES7,IF(OR(AS7=1,A7<>A6),"",IF(AS7=1,"",ET6)))) | EU7: =IF(ET7="","",IF(AND(AI7<>"",AI7<>"-"),AI7,IF(AS7=1,"",EU6))) | EV7: =IF(AJ7="=",IF(AS7=1,"",EW6),IF(ISNUMBER(AJ7),AJ7,IF(ET7="","",IF(OR(D7<>"",AJ7="+",AJ7="р"),IF(OR(ES7<>"",IF(AS7=1,"",EW6)=""),1,IF(AS7=1,"",EW6)+1),"")))) | EW7: =IF(EV7<>"",EV7,IF(OR(OR(AS7=1,A7<>A6),AI7="-",ES7<>""),"",IF(AS7=1,"",EW6))) | EX7: =IF(AJ7="б/к",0,IF(OR(ISNUMBER(SEARCH("L=",CH7)),AJ7="+",AJ7="="),1,0)) -> 0 | EY7: =IF(AK7="нет","",IF(AK7<>"",AK7,IF(EX7=1,"XT"&COUNTIFS(A$3:A7,A7,EX$3:EX7,1),""))) | EZ7: =IF(OR(D7<>"",EV7<>"",EX7=1),EK7,"") | FA7: =IF(OR(EV7<>"",AND(AI7<>"",AI7<>"-")),ET7,"") | FB7: =IF(AD7="","",IF(NOT(ISNUMBER(EQ7)),"",IF(EC7>EQ7,"ПЕРЕГРУЗ",IF(AND(EM7=0,EF7>0,EQ7>EF7),"КАБЕЛЬ НЕ ЗАЩИЩЁН","ok")))) | FC7: =IF(OR(EV7="",ET7=""),"",IF(EV7>IFERROR(VLOOKUP(EU7,Модули_спр,3,FALSE),99),"ЛИШНИЙ КАНАЛ",IF(AND(AJ7<>"=",COUNTIFS(Линии[_модуль гр.],ET7,Линии[Канал (итог)],EV7,Линии[Канал],"<>=",Линии[Щит],A7)>1),"ДУБЛЬ КАНАЛА",""))) | FD7: =IF(AD7<>"",EQ7,IF(EK7="","",IF(AS7=1,"",FD6))) | FE7: =IF(AD7<>"",EP7,IF(EK7="","",IF(AS7=1,"",FE6))) | FF7: =IF(AD7<>"",EI7,IF(EK7="","",IF(AS7=1,"",FF6))) | FG7: =IF(AD7<>"",EH7,IF(EK7="","",IF(AS7=1,"",FG6))) | FH7: =IFERROR(IF(ISNUMBER(CL7),CL7/IFERROR(--FD7,N(BO7)),""),"") | FI7: =IF(OR(ISNUMBER(SEARCH(" B"," "&FE7)),ISNUMBER(SEARCH(" В"," "&FE7))),5,IF(ISNUMBER(SEARCH(" D"," "&FE7)),20,10)) -> 10 | FJ7: =IF(NOT(ISNUMBER(FH7)),"",IF(FH7>=FI7,"ok",IF(N(FF7)=1,"ok (дифзащита "&FG7&" мА)","мало: Iкз < "&FI7&"·In"))) | FK7: =IF(AND(D7="",EZ7=""),"",_xlfn.TEXTJOIN("; ",TRUE,IF(AND(D7<>"",DD7=""),"нет фазы",""),IF(AND(D7<>"",N(DT7)=0,CN7<>"Нет"),"нет мощности",""),IF(AND(EY7<>"",COUNTIFS(Линии[Щит],A7,Линии[Клемма (итог)],EY7)>1),"дубль клеммы "&EY7,""),IF(AND(FB7<>"",FB7<>"ok"),FB7,""),IF(FC7<>"",FC7,""),IF(AND(ISNUMBER(SEARCH("(5х",DS7)),N(DV7)=1),"5 жил на 1 фазе",""),IF(AND(AT7="R",AD7<>"",OR(N(EH7)=0,N(EH7)>30)),"розетка без дифзащиты до 30 мА",""),IFERROR(IF(AND(ISNUMBER(CD7),CD7>CE7),"потери "&FIXED(CD7,1)&" % > "&CE7&" %",""),""),IFERROR(IF(LEFT(FJ7,4)="мало","Iкз мало — отключение > 0,4 с",""),""),IF(AND(D7<>"",BD7=""),"не на схеме",""))) | FL7: =IF(AD7="","",_xlfn.LET(_xlpm.t,IFERROR(_xlfn.XLOOKUP(EP7,Каталог!$U$4:$U$500,Каталог!$G$4:$G$500),""),_xlpm.k,SEARCH("кА",_xlpm.t),IFERROR(--TRIM(RIGHT(SUBSTITUTE(MID(_xlpm.t,MAX(1,_xlpm.k-4),_xlpm.k-MAX(1,_xlpm.k-4))," ",REPT(" ",9)),5)),""))) | FM7: =IF(OR(FL7="",AD7=""),"",IF(_xlfn.XLOOKUP(A7,Щиты[Щит],Щиты[Iкз max на шинах, кА],"")="","",IF(FL7<_xlfn.XLOOKUP(A7,Щиты[Щит],Щиты[Iкз max на шинах, кА]),"Icu "&FL7&" кА < Iкз max","ok"))) | FN7: =IF(OR(AL7="вручную",BD7="",AND(D7="",EY7="")),"",_xlfn.TEXTJOIN("|",TRUE,EK7,SUBSTITUTE(EL7," → ","|"),IF(ET7<>"",ET7&IF(EV7<>""," к."&EV7,""),""),EY7)) | FO7: =IF(FN7="","",FN7&IF(D7<>"","|кабель "&CG7&" → "&AZ7,"")) | FP7: {=IF(FO7="","",_xlfn.LET(_xlpm.nd,_xlfn.TEXTSPLIT(FO7,"|"),IF(COLUMNS(_xlpm.nd)>1,A7&"¦"&INDEX(_xlpm.nd,1)&"¦"&INDEX(_xlpm.nd,2),"")))} | FQ7: =IF(FP7="","",D7&"¦"&AZ7) | FR7: {=IF(FO7="","",_xlfn.LET(_xlpm.nd,_xlfn.TEXTSPLIT(FO7,"|"),IF(COLUMNS(_xlpm.nd)>2,A7&"¦"&INDEX(_xlpm.nd,2)&"¦"&INDEX(_xlpm.nd,3),"")))} | FS7: =IF(FR7="","",D7&"¦"&AZ7) | FT7: {=IF(FO7="","",_xlfn.LET(_xlpm.nd,_xlfn.TEXTSPLIT(FO7,"|"),IF(COLUMNS(_xlpm.nd)>3,A7&"¦"&INDEX(_xlpm.nd,3)&"¦"&INDEX(_xlpm.nd,4),"")))} | FU7: =IF(FT7="","",D7&"¦"&AZ7) | FV7: {=IF(FO7="","",_xlfn.LET(_xlpm.nd,_xlfn.TEXTSPLIT(FO7,"|"),IF(COLUMNS(_xlpm.nd)>4,A7&"¦"&INDEX(_xlpm.nd,4)&"¦"&INDEX(_xlpm.nd,5),"")))} | FW7: =IF(FV7="","",D7&"¦"&AZ7) | FX7: {=IF(FO7="","",_xlfn.LET(_xlpm.nd,_xlfn.TEXTSPLIT(FO7,"|"),IF(COLUMNS(_xlpm.nd)>5,A7&"¦"&INDEX(_xlpm.nd,5)&"¦"&INDEX(_xlpm.nd,6),"")))} | FY7: =IF(FX7="","",D7&"¦"&AZ7) | FZ7: {=IF(FO7="","",_xlfn.LET(_xlpm.nd,_xlfn.TEXTSPLIT(FO7,"|"),IF(COLUMNS(_xlpm.nd)>6,A7&"¦"&INDEX(_xlpm.nd,6)&"¦"&INDEX(_xlpm.nd,7),"")))} | GA7: =IF(FZ7="","",D7&"¦"&AZ7) | GB7: =IF(FA7="","",EU7) | GC7: =IF(AND(D7="",EV7="",EY7=""),"",_xlfn.TEXTJOIN(" → ",TRUE,EK7,EL7,IF(ET7<>"",ET7&IF(EV7<>""," к."&EV7,""),IF(EV7<>"","к."&EV7,"")),EY7,IF(DX7=1,"(в кабель выше)",""))) | GD7: =IF(OR(BD7="",AL7="вручную",AND(BE7="вводной узел",AL7<>"рисовать")),0,1) -> 0 | GE7: =IF(AC7="",0,1) -> 0 | GF7: =IF(EJ7="",0,IF(LEFT(EJ7,3)="QFD",1,0)) -> 0 | GG7: =IF(AJ7="=","=",IF(AJ7="+","+",IF(AJ7="р","R",""))) | GH7: =IF(AF7="","",IF(OR(LEFT(AF7,1)="T",LEFT(AF7,1)="Т"),"T",IF(LEFT(UPPER(AF7),2)="БП","PS",IF(OR(LEFT(UPPER(AF7),2)="МК",LEFT(UPPER(AF7),2)="MK"),"MK",IF(OR(LEFT(UPPER(AF7),2)="КМ",LEFT(UPPER(AF7),2)="KM"),"KM","X"))))) | GI7: =IF(AG7="","",IF(OR(LEFT(AG7,1)="T",LEFT(AG7,1)="Т"),"T",IF(LEFT(UPPER(AG7),2)="БП","PS",IF(OR(LEFT(UPPER(AG7),2)="МК",LEFT(UPPER(AG7),2)="MK"),"MK",IF(OR(LEFT(UPPER(AG7),2)="КМ",LEFT(UPPER(AG7),2)="KM"),"KM","X"))))) | GJ7: =IF(AH7="","",IF(OR(LEFT(AH7,1)="T",LEFT(AH7,1)="Т"),"T",IF(LEFT(UPPER(AH7),2)="БП","PS",IF(OR(LEFT(UPPER(AH7),2)="МК",LEFT(UPPER(AH7),2)="MK"),"MK",IF(OR(LEFT(UPPER(AH7),2)="КМ",LEFT(UPPER(AH7),2)="KM"),"KM","X"))))) | GK7: =IF(D7="","",IFERROR(VLOOKUP(D7,УГО_спр,2,FALSE),IFERROR(VLOOKUP(AT7,УГО_спр,2,FALSE),IFERROR(VLOOKUP(LEFT(AT7,2),УГО_спр,2,FALSE),"")))) | GL7: =IF(D7="","",IF(OR(GK7="",GK7=0),"BOX",IFERROR(IF(VLOOKUP(GK7,УГО_блоки,3,FALSE)&""<>"",VLOOKUP(GK7,УГО_блоки,3,FALSE),VLOOKUP(GK7,УГО_блоки,2,FALSE)),GK7))) | GM7: =IF(D7="",0,1) -> 0 | GN7: =IF(EP7="","",IF(COUNTIF(EP$3:EP7,EP7)=1,MAX(GN$2:GN6)+1,"")) | GO7: =IF(AF7="","",IF(COUNTIF(AF$3:AF7,AF7)+COUNTIF(AG$2:AG6,AF7)+COUNTIF(AH$2:AH6,AF7)=1,MAX(GO$2:GQ6)+1,"")) | GP7: =IF(AG7="","",IF(COUNTIF(AF$3:AF7,AG7)+COUNTIF(AG$3:AG7,AG7)+COUNTIF(AH$2:AH6,AG7)=1,MAX(GO$2:GQ6,GO7)+1,"")) | GQ7: =IF(AH7="","",IF(COUNTIF(AF$3:AF7,AH7)+COUNTIF(AG$3:AG7,AH7)+COUNTIF(AH$3:AH7,AH7)=1,MAX(GO$2:GQ6,GO7,GP7)+1,"")) | GR7: =IF(EX7=1,IFERROR(MID(DS7,FIND(" (",DS7)+2,FIND(")",DS7,FIND(" (",DS7))-FIND(" (",DS7)-2),"?"),"") | GS7: =IF(GR7="","",IF(COUNTIF(GR$3:GR7,GR7)=1,MAX(GS$2:GS6)+1,"")) | GT7: =IF(ES7="","",COUNTIF(ES$3:ES7,"?*")) | GU7: =IF(OR(ES7="",EU7=""),"",IF(COUNTIFS(ES$3:ES7,"?*",EU$3:EU7,EU7)=1,MAX(GU$2:GU6)+1,"")) | GV7: =IF(FK7="",0,IF(OR(ISNUMBER(SEARCH("дубль",FK7)),ISNUMBER(SEARCH("ПЕРЕГРУЗ",FK7)),ISNUMBER(SEARCH("ЗАЩИЩ",FK7)),ISNUMBER(SEARCH("КАНАЛ",FK7)),ISNUMBER(SEARCH("без диф",FK7))),2,1)) -> 0 | GW7: =IF(D7="","",COUNTIF(D$3:D7,"?*")) | GX7: =IF(EX7<>1,0,_xlfn.LET(_xlpm.k,MAX(IFERROR(--VLOOKUP(D7,УГО_спр,5,FALSE),0),IFERROR(--VLOOKUP(AT7,УГО_спр,5,FALSE),0),IFERROR(--VLOOKUP(LEFT(AT7,2),УГО_спр,5,FALSE),0)),IF(_xlpm.k>0,_xlpm.k,IF(IFERROR(--LEFT(SUBSTITUTE(GR7,"x","х"),FIND("х",SUBSTITUTE(GR7,"x","х"))-1),3)>3,Каталог!$S$9,1)))) -> 0 | GY7: =IF(EX7<>1,0,MAX(0,IFERROR(--LEFT(SUBSTITUTE(GR7,"x","х"),FIND("х",SUBSTITUTE(GR7,"x","х"))-1),3)-3*GX7)) -> 0
A8: ЩР | B8: 6 | C8: =IF(BD8="","",IF(BE8="вводной узел","узел ","")&"л."&(INT((BD8-1)/Столбцов_на_лист)+1)&" / "&(MOD(BD8-1,Столбцов_на_лист)+1)) -> узел л.1 / 6 | E8: =AY8 | AL8: вручную | AR8: =_xlfn.TEXTJOIN("; ",TRUE,FK8,IF(DO8="НЕ ОБЕСПЕЧЕНА","категория "&DE8&" не обеспечена (есть "&DL8&")",""),IF(LEFT(FM8,3)="Icu",FM8,""),IF(AND(D8<>"",BS8="Не исп"),"сечение не подобрано","")) | AS8: {=ROW()-ROW(Линии[#Headers])} -> 6 | AT8: =IF(D8="","",IFERROR(LEFT(D8,SEARCH(".",D8)-1),D8)) | AU8: =IFERROR(RIGHT(D8,LEN(D8)-SEARCH(".",D8)),"") | AV8: =IFERROR(LEFT(AU8,SEARCH(".",AU8)-1),AU8) | AW8: =IFERROR(RIGHT(AU8,LEN(AU8)-SEARCH(".",AU8)),"") | AX8: =IFERROR(LEFT(AW8,SEARCH(".",AW8)-1),AW8) | AY8: =IF(D8="","",IF(ISERROR(SEARCH(".",D8)),IFERROR(VLOOKUP(D8,Потребители_обозначение,2,FALSE)&"",""),IFERROR(IF(VLOOKUP(AT8,Потребители_обозначение,4,FALSE)=1,VLOOKUP(AT8,Потребители_обозначение,2,FALSE)&" "&VLOOKUP(AV8,Этаж_обозначение,2,FALSE)&" Пом. №"&AX8,VLOOKUP(AT8,Потребители_обозначение,2,FALSE)&" Шлейф №"&AV8),IFERROR(VLOOKUP(D8,Потребители_обозначение,2,FALSE),"")))) | AZ8: =IF(E8<>"",E8,AY8) | BA8: =IF(F8<>"",F8,IF(AND(D8<>"",D8<>A8,ISNUMBER(_xlfn.XMATCH(D8,Щиты[Щит]))),D8,"")) | BB8: =IFERROR(_xlfn.XMATCH(A8,Щиты[Щит]),0) -> 1 | BC8: =IFERROR(N(_xlfn.XLOOKUP(A8,Щиты[Щит],Щиты[Мест под вводной узел])),15) -> 18 | BD8: =IF(B8="-","",IF(ISNUMBER(B8),B8,_xlfn.LET(_xlpm.prev,IF(OR(AS8=1,A8<>A7),0,N(IF(AS8=1,"",BD7))),_xlpm.nx,_xlpm.prev+1,IF(AND(AL8<>"вручную",_xlpm.nx<=BC8),BC8+1,_xlpm.nx)))) -> 6 | BE8: =IF(BD8="","",IF(BD8<=BC8,"вводной узел","линии")) -> вводной узел | BF8: =IF(D8="","",IF(BA8<>"",IFERROR(_xlfn.XLOOKUP(BA8,Щиты[Щит],Щиты[Руст, кВт]),0),N(G8))) | BG8: =IF(J8<>"",J8,IF(D8="","",IFERROR(IF(VLOOKUP(AT8,Потребители_обозначение,8,FALSE)=0,"",VLOOKUP(AT8,Потребители_обозначение,8,FALSE)),""))) | BH8: =IF(I8<>"",I8,IF(D8="","",IFERROR(IF(VLOOKUP(AT8,Потребители_обозначение,9,FALSE)=0,"",VLOOKUP(AT8,Потребители_обозначение,9,FALSE)),""))) | BI8: =IF(U8<>"",U8,IF(D8="","",IFERROR(IF(VLOOKUP(AT8,Потребители_обозначение,6,FALSE)=0,"",VLOOKUP(AT8,Потребители_обозначение,6,FALSE)),""))) | BJ8: =IF(V8<>"",V8,IF(D8="","",IFERROR(IF(VLOOKUP(AT8,Потребители_обозначение,7,FALSE)=0,"",VLOOKUP(AT8,Потребители_обозначение,7,FALSE)),""))) | BK8: =IF(W8<>"",W8,IF(D8="","",IFERROR(IF(VLOOKUP(AT8,Потребители_обозначение,10,FALSE)=0,"",VLOOKUP(AT8,Потребители_обозначение,10,FALSE)),""))) | BL8: =IFERROR(VLOOKUP(AT8,Потребители_обозначение,5,FALSE),0) -> 0 | BM8: {=IF(D8="","",IF(BA8<>"",IFERROR(_xlfn.XLOOKUP(BA8,Щиты[Щит],Щиты[cos φ]),0.95),IF(ISNUMBER(M8),M8,IFERROR(IF(BL8=2,_xlfn.IFS(BH8=3,VLOOKUP(BF8,Справочная_двигатели,8,FALSE),BH8=1,VLOOKUP(BF8,Справочная_двигатели,10,TRUE)),IF(AND(Методика="нормы 2026",CN8="Сил"),0.8,0.95)),0.95))))} | BN8: {=IF(D8="","",IF(BA8<>"",IFERROR(_xlfn.XLOOKUP(BA8,Щиты[Щит],Щиты[Iр, А]),""),IFERROR(_xlfn.IFS(BH8=1,BF8/((Uн_лин/SQRT(3))*BM8),BH8=3,BF8/(SQRT(3)*Uн_лин*BM8)),"")))} | BO8: =IF(D8="","",IF(N(X8)=0,IFERROR(VLOOKUP(BN8,Автомат_номиналы,2,TRUE),""),X8)) | BP8: =IF(N(BJ8)=1,1,IF(BH8=1,1,IF(N(BJ8)>=4,0.92,1))) -> 1 | BQ8: =IF(ISNUMBER(Y8),Y8,К_прокл) -> 1 | BR8: =IF(N(BJ8)=1,1,IF(BH8=1,2,3)) -> 3 | BS8: {=IF(D8="","",IF(N(BK8)<>0,BK8,IFERROR(_xlfn.LET(_xlpm.need,BO8/(BP8*BQ8),_xlpm.t,CHOOSE(BR8,Iдоп_1ж,Iдоп_2ж,Iдоп_3ж),_xlpm.k,_xlfn.XMATCH(_xlpm.need,_xlpm.t,1),IF(ISNA(_xlpm.k),"Не исп",INDEX(Iдоп_S,_xlpm.k))),"Не исп")))} | BT8: =IFERROR(VLOOKUP(BS8,Кабель_сопротивление,3,FALSE),"") | BU8: =IFERROR(VLOOKUP(BS8,Кабель_сопротивление,2,FALSE),"") | BV8: =IF(P8<>"",P8,IF(COUNT(AM8,AN8)=0,"",ROUNDUP(SUM(AM8,AN8),0))) | BW8: =IF(D8="","",IFERROR(IF(VLOOKUP(AT8,Потребители_обозначение,4,FALSE)=1,VLOOKUP(AT8,Потребители_обозначение,3,FALSE)*(H8*2-1)+BV8+VLOOKUP(AV8,Этаж_обозначение,3,FALSE)+VLOOKUP(AV8,Этаж_обозначение,4,FALSE),VLOOKUP(AT8,Потребители_обозначение,3,FALSE)*(H8*2-1)+BV8),BV8)) | BX8: =IF(R8<>"",R8,IF(OR(BV8="",T8=""),"",IF(T8=1,MAX(0,BW8-ROUNDUP(N(AN8),0)-4),ROUNDUP(N(AM8),0)))) | BY8: =IF(S8<>"",S8,IF(OR(BV8="",T8=""),"",IF(T8=2,MAX(0,BW8-ROUNDUP(N(AM8),0)-4),ROUNDUP(N(AN8),0)))) | BZ8: =IF(BH8=1,2,IF(BH8=3,1,"")) | CA8: =IFERROR(ROUND(SIN(ACOS(BM8)),2),"") | CB8: =IFERROR(BZ8*(BT8*BW8/BS8*BM8+BU8*BW8*CA8/1000)*BN8,"") | CC8: =IFERROR(ROUNDUP(CB8/((Uн_лин/SQRT(3))*1000)*100,2),"") | CD8: =IF(ISNUMBER(CC8),CC8+IFERROR(_xlfn.XLOOKUP(A8,Щиты[Щит],Щиты[ΔU до шин, %]),0),"") | CE8: =IF(D8="","",IF(IFERROR(VLOOKUP(AT8,УГО_спр,2,FALSE),"")="Светильник",3,4)+IF(Методика="нормы 2026",MIN(0.5,MAX(0,N(BW8)-100)*0.005),0)) | CF8: =IFERROR(VLOOKUP(BI8,Кабель_обозначение,2,FALSE),"") | CG8: =IFERROR(IF(VLOOKUP(BI8,Кабель_обозначение,3,FALSE)=1,CF8&" ("&BJ8&"х"&BS8&")",CF8),"") | CH8: =IF(OR(D8="",CF8="",AND(G8<>"",NOT(ISNUMBER(G8)))),"",IF(BS8=0,CF8,CG8&CHAR(10)&"L="&BW8&"-"&CC8&"%")) | CI8: =IFERROR(2*ρкз_Cu*BW8/BS8,"") | CJ8: =IFERROR(0.0175*N(BW8)/BS8,"") | CK8: =IFERROR(IF(OR(D8="",NOT(ISNUMBER(BS8)),N(BW8)=0),"",_xlfn.XLOOKUP(A8,Щиты[Щит],Щиты[Zпетли на шинах, Ом])+CI8),"") | CL8: =IF(ISNUMBER(CK8),c_min*(Uн_лин*1000/SQRT(3))/CK8,"") | CM8: =IFERROR(IF(OR(D8="",NOT(ISNUMBER(BS8))),"",1.05*(Uн_лин*1000/SQRT(3))/(_xlfn.XLOOKUP(A8,Щиты[Щит],Щиты[Zmax на шинах, Ом])+CJ8)/1000),"") | CN8: =IF(D8="","",IF(BA8<>"","Щит",IF(K8<>"",K8,IF(ISNUMBER(L8),"Сил",IF(IFERROR(_xlfn.XLOOKUP(AT8,Коды_код,Коды_группа)&"","")="","Быт",_xlfn.XLOOKUP(AT8,Коды_код,Коды_группа)&""))))) | CO8: =IF(CN8="Щит","щит",IF(CN8="","",IF(CN8="Быт",IFERROR(_xlfn.XLOOKUP(A8,Щиты[Щит],Щиты[Кс быт]),1),IF(CN8="Сил",IF(ISNUMBER(L8),L8,IF(Методика="нормы 2026",IFERROR(_xlfn.XLOOKUP(A8,Щиты[Щит],Щиты[Кс силовых (табл. 7.5)]),1),1)),IF(OR(CN8="Пост",CN8="Отоп"),1,IF(CN8="ВНГ",0.7,0)))))) | CP8: =IF(CN8="","",IFERROR(MIN(3,MAX(1,INT(--N8))),1)) | CQ8: =IF(OR(CN8="",CN8="Нет",CN8="Щит"),0,N(BF8)) -> 0 | CR8: =IF(CN8="Быт",N(BF8),0) -> 0 | CS8: =IF(CN8="Сил",N(BF8)*N(CO8),0) -> 0 | CT8: =IF(CN8="Пост",N(BF8),0) -> 0 | CU8: =IF(CN8="Отоп",N(BF8),0) -> 0 | CV8: =IF(CN8="ВНГ",N(BF8)*0.7,0) -> 0 | CW8: =IF(OR(D8="",CN8="Щит"),0,N(BF8)) -> 0 | CX8: =IF(OR(D8="",CN8="Щит"),0,N(BF8)*N(BM8)) -> 0 | CY8: =_xlfn.LET(_xlpm.prev,IF(OR(OR(AS8=1,A8<>A7)),0,N(IF(AS8=1,"",CY7))),IF(OR(D8="",BH8=3),_xlpm.prev,IF(_xlpm.prev>=3,1,_xlpm.prev+1))) -> 0 | CZ8: =IF(D8="","",IF(BH8=3,"L1,L2,L3","L"&MAX(1,CY8))) | DA8: {=IFERROR(IF(BL8=2,_xlfn.IFS(BH8=3,VLOOKUP(BF8,Справочная_двигатели,3,FALSE),BH8=1,VLOOKUP(BF8,Справочная_двигатели,5,TRUE)),0),0)} -> 0 | DB8: =IFERROR(IF(BL8=3,VLOOKUP(BF8,Справочная_ЛЭД,2,TRUE),0),0) -> 0 | DC8: =IF(D8="","",IF(DA8=0,DB8,DA8)) | DD8: =IF(D8="","",IF(O8="упр","",IF(O8="",CZ8,IF(O8&""="1,2,3","L1,L2,L3","L"&O8)))) | DE8: {=IF(D8="","",IFERROR(INDEX({"I особая","I","II","III"},MATCH(TRIM(AA8&""),{"I особая","I","II","III"},0)),"III"))} | DF8: =IF(D8="","",IF(TRIM(AB8&"")<>"",IF(LOWER(TRIM(AB8&""))="да","да","нет"),IF(IFERROR(_xlfn.XLOOKUP(AT8,Коды_код,Коды_пожарная),"")="да","да","нет"))) | DG8: =IF(AC8<>"",AC8,IF(AD8<>"","",IF(EK8="","",IF(AS8=1,"",DG7)))) | DH8: =IF(D8="","",IF(DG8="","основная",DG8)) | DI8: =IFERROR(MIN(3,MAX(1,INT(--N8))),1) -> 1 | DJ8: {=IF(D8="","",_xlfn.LET(_xlpm.t,IFERROR(_xlfn.XLOOKUP(1,(Шины[Шина]=DH8)*(((Шины[Щит]=A8)+(Шины[Щит]=""))>0),Шины[Тип]),"")&"",IF(_xlpm.t<>"",_xlpm.t,IF(ISNUMBER(SEARCH("ИБП",DH8)),"ИБП",IF(ISNUMBER(SEARCH("ДГУ",DH8)),"ДГУ","Ввод "&DI8)))))} | DK8: =IF(D8="","",IF(OR(DJ8="ИБП",DJ8="ДГУ"),DJ8,IF(LEFT(DJ8,5)="Ввод ",DJ8,"Ввод "&DI8))) | DL8: =IF(D8="","",IF(OR(DJ8="ИБП",DJ8="ДГУ"),"I особая",IF(DJ8="Одиночная","III",_xlfn.XLOOKUP(A8,Щиты[Щит],Щиты[Категория шины «Ввод»],"III")))) | DM8: =IF(D8="",0,IFERROR(MATCH(DE8,{"III","II","I","I особая"},0),1)) -> 0 | DN8: =IF(OR(DJ8="ИБП",DJ8="ДГУ"),MIN(DM8,3),DM8) -> 0 | DO8: =IF(D8="","",IF(DM8>IFERROR(MATCH(DL8,{"III","II","I","I особая"},0),1),"НЕ ОБЕСПЕЧЕНА","ОК")) | DP8: =IF(A8="","",_xlfn.XLOOKUP(A8,Щиты[Щит],Щиты[Путь],"")) -> |ЩР| | DQ8: =IF(D8="","",IF(Z8<>"",Z8,IF(IFERROR(_xlfn.XLOOKUP(AT8,Коды_код,Коды_вид)&"","")="","Прочее",_xlfn.XLOOKUP(AT8,Коды_код,Коды_вид)&""))) | DR8: =IF(BD8="","",INT((BD8-1)/Столбцов_на_лист)+1) -> 1 | DS8: =IF(D8="","",SUBSTITUTE(CH8,CHAR(10)," ")) | DT8: =IF(D8="","",IFERROR(--BF8,"")) | DU8: =IF(D8="","",IFERROR(ROUNDUP(BN8,2),"")) | DV8: =IF(D8="","",IFERROR(--BH8,1)) | DW8: =IF(AT8="",0,_xlfn.LET(_xlpm.v,IFERROR(VLOOKUP(D8,УГО_спр,3,FALSE),IFERROR(VLOOKUP(AT8,УГО_спр,3,FALSE),IFERROR(VLOOKUP(LEFT(AT8,2),УГО_спр,3,FALSE),""))),IF(_xlpm.v="да",30,IF(ISNUMBER(_xlpm.v),_xlpm.v,0)))) -> 0 | DX8: =IF(OR(AJ8="+",AND(D8<>"",D8=IF(AS8=1,"",D7))),1,0) -> 0 | DY8: =IF(BD8="","",IF(AD8<>"",COUNTIFS(A$3:A8,A8,AD$3:AD8,"?*"),IF(OR(OR(AS8=1,A8<>A7),AL8="вручную"),"",IF(AS8=1,"",DZ7)))) | DZ8: =IF(BD8="",IF(OR(AS8=1,A8<>A7),"",IF(AS8=1,"",DZ7)),DY8) | EA8: =IF(D8="",0,MAX(IFERROR(--X8,0),IFERROR(--VLOOKUP(D8,УГО_спр,4,FALSE),IFERROR(--VLOOKUP(AT8,УГО_спр,4,FALSE),IFERROR(--VLOOKUP(LEFT(AT8,2),УГО_спр,4,FALSE),0))))) -> 0 | EB8: =IF(D8="","",IFERROR(LOOKUP(INDEX(CHOOSE(BR8,Iдоп_1ж,Iдоп_2ж,Iдоп_3ж),MATCH(BS8,Iдоп_S,0))*BP8*BQ8,{6,10,16,20,25,32,40,50,63,80,100,125,160,200,250,315,400,500,630}),"")) | EC8: =IF(AD8="","",SUMIFS(Линии[_Ток схемы],Линии[_гр.],DY8,Линии[Щит],A8,Линии[_в кабель выше],0)) | ED8: =IF(AD8="","",IFERROR(VLOOKUP(EC8,Автомат_номиналы,2,TRUE),"")) | EE8: =IF(AD8="","",MAX(N(ED8),_xlfn.MAXIFS(Линии[_мин. по типу],Линии[_гр.],DY8,Линии[Щит],A8))) | EF8: =IF(AD8="","",_xlfn.MINIFS(Линии[_макс. автомат по кабелю],Линии[_гр.],DY8,Линии[Щит],A8)) | EG8: =IF(AD8="","",MAX(1,_xlfn.MAXIFS(Линии[_фаз],Линии[_гр.],DY8,Линии[Щит],A8))) | EH8: =IF(AD8="","",IF(AND(AD8<>"авто",AD8<>"+"),IF(ISNUMBER(SEARCH("мА",AD8)),IFERROR(--TRIM(RIGHT(SUBSTITUTE(LEFT(AD8,SEARCH("мА",AD8)-1)," ",REPT(" ",9)),6)),30),0),IF(AE8="нет",0,IF(ISNUMBER(AE8),AE8,IF(AE8="да",30,_xlfn.MINIFS(Линии[_дифзащита по коду, мА],Линии[_гр.],DY8,Линии[Щит],A8,Линии[_дифзащита по коду, мА],">0")))))) | EI8: =IF(AD8="","",IF(N(EH8)>0,1,0)) | EJ8: =IF(AD8="","",IF(EI8=1,"QFD","QF")&DY8) | EK8: =IF(EJ8<>"",EJ8,IF(OR(OR(AS8=1,A8<>A7),AL8="вручную"),"",IF(AS8=1,"",EK7))) | EL8: =IF(EJ8<>"",_xlfn.TEXTJOIN(" → ",TRUE,AF8,AG8,AH8),IF(EK8="","",IF(AS8=1,"",EL7))) | EM8: =IF(EL8="",0,IF(OR(LEFT(EL8,2)="T ",LEFT(EL8,2)="Т ",ISNUMBER(SEARCH("→ T ",EL8)),ISNUMBER(SEARCH("→ Т ",EL8)),ISNUMBER(SEARCH("БП",EL8))),1,0)) -> 0 | EN8: =IF(AD8="","",IF(EM8=1,MAX(EE8,Мин_автомат_БП),EE8)) | EO8: =IF(AD8="","",IF(EG8>=3,IF(EI8=1,"4P","3P"),IF(EI8=1,"2P","1P"))) | EP8: =IF(AD8="","",IF(AND(AD8<>"авто",AD8<>"+"),AD8,EO8&" С"&EN8&"А"&IF(EI8=1," "&EH8&"мА",""))) | EQ8: =IF(EP8="","",_xlfn.LET(_xlpm.t,SUBSTITUTE(SUBSTITUTE(UPPER(EP8),"С","C"),"А","A"),_xlpm.c,FIND("C",_xlpm.t),IFERROR(--MID(_xlpm.t,_xlpm.c+1,FIND("A",_xlpm.t&"A",_xlpm.c)-_xlpm.c-1),""))) | ER8: =IF(OR(AI8="",AI8="-"),"",IFERROR(VLOOKUP(AI8,Модули_спр,2,FALSE),"R")) | ES8: =IF(ER8="","",ER8&"."&COUNTIFS(A$3:A8,A8,ER$3:ER8,ER8)) | ET8: =IF(AI8="-","",IF(ES8<>"",ES8,IF(OR(AS8=1,A8<>A7),"",IF(AS8=1,"",ET7)))) | EU8: =IF(ET8="","",IF(AND(AI8<>"",AI8<>"-"),AI8,IF(AS8=1,"",EU7))) | EV8: =IF(AJ8="=",IF(AS8=1,"",EW7),IF(ISNUMBER(AJ8),AJ8,IF(ET8="","",IF(OR(D8<>"",AJ8="+",AJ8="р"),IF(OR(ES8<>"",IF(AS8=1,"",EW7)=""),1,IF(AS8=1,"",EW7)+1),"")))) | EW8: =IF(EV8<>"",EV8,IF(OR(OR(AS8=1,A8<>A7),AI8="-",ES8<>""),"",IF(AS8=1,"",EW7))) | EX8: =IF(AJ8="б/к",0,IF(OR(ISNUMBER(SEARCH("L=",CH8)),AJ8="+",AJ8="="),1,0)) -> 0 | EY8: =IF(AK8="нет","",IF(AK8<>"",AK8,IF(EX8=1,"XT"&COUNTIFS(A$3:A8,A8,EX$3:EX8,1),""))) | EZ8: =IF(OR(D8<>"",EV8<>"",EX8=1),EK8,"") | FA8: =IF(OR(EV8<>"",AND(AI8<>"",AI8<>"-")),ET8,"") | FB8: =IF(AD8="","",IF(NOT(ISNUMBER(EQ8)),"",IF(EC8>EQ8,"ПЕРЕГРУЗ",IF(AND(EM8=0,EF8>0,EQ8>EF8),"КАБЕЛЬ НЕ ЗАЩИЩЁН","ok")))) | FC8: =IF(OR(EV8="",ET8=""),"",IF(EV8>IFERROR(VLOOKUP(EU8,Модули_спр,3,FALSE),99),"ЛИШНИЙ КАНАЛ",IF(AND(AJ8<>"=",COUNTIFS(Линии[_модуль гр.],ET8,Линии[Канал (итог)],EV8,Линии[Канал],"<>=",Линии[Щит],A8)>1),"ДУБЛЬ КАНАЛА",""))) | FD8: =IF(AD8<>"",EQ8,IF(EK8="","",IF(AS8=1,"",FD7))) | FE8: =IF(AD8<>"",EP8,IF(EK8="","",IF(AS8=1,"",FE7))) | FF8: =IF(AD8<>"",EI8,IF(EK8="","",IF(AS8=1,"",FF7))) | FG8: =IF(AD8<>"",EH8,IF(EK8="","",IF(AS8=1,"",FG7))) | FH8: =IFERROR(IF(ISNUMBER(CL8),CL8/IFERROR(--FD8,N(BO8)),""),"") | FI8: =IF(OR(ISNUMBER(SEARCH(" B"," "&FE8)),ISNUMBER(SEARCH(" В"," "&FE8))),5,IF(ISNUMBER(SEARCH(" D"," "&FE8)),20,10)) -> 10 | FJ8: =IF(NOT(ISNUMBER(FH8)),"",IF(FH8>=FI8,"ok",IF(N(FF8)=1,"ok (дифзащита "&FG8&" мА)","мало: Iкз < "&FI8&"·In"))) | FK8: =IF(AND(D8="",EZ8=""),"",_xlfn.TEXTJOIN("; ",TRUE,IF(AND(D8<>"",DD8=""),"нет фазы",""),IF(AND(D8<>"",N(DT8)=0,CN8<>"Нет"),"нет мощности",""),IF(AND(EY8<>"",COUNTIFS(Линии[Щит],A8,Линии[Клемма (итог)],EY8)>1),"дубль клеммы "&EY8,""),IF(AND(FB8<>"",FB8<>"ok"),FB8,""),IF(FC8<>"",FC8,""),IF(AND(ISNUMBER(SEARCH("(5х",DS8)),N(DV8)=1),"5 жил на 1 фазе",""),IF(AND(AT8="R",AD8<>"",OR(N(EH8)=0,N(EH8)>30)),"розетка без дифзащиты до 30 мА",""),IFERROR(IF(AND(ISNUMBER(CD8),CD8>CE8),"потери "&FIXED(CD8,1)&" % > "&CE8&" %",""),""),IFERROR(IF(LEFT(FJ8,4)="мало","Iкз мало — отключение > 0,4 с",""),""),IF(AND(D8<>"",BD8=""),"не на схеме",""))) | FL8: =IF(AD8="","",_xlfn.LET(_xlpm.t,IFERROR(_xlfn.XLOOKUP(EP8,Каталог!$U$4:$U$500,Каталог!$G$4:$G$500),""),_xlpm.k,SEARCH("кА",_xlpm.t),IFERROR(--TRIM(RIGHT(SUBSTITUTE(MID(_xlpm.t,MAX(1,_xlpm.k-4),_xlpm.k-MAX(1,_xlpm.k-4))," ",REPT(" ",9)),5)),""))) | FM8: =IF(OR(FL8="",AD8=""),"",IF(_xlfn.XLOOKUP(A8,Щиты[Щит],Щиты[Iкз max на шинах, кА],"")="","",IF(FL8<_xlfn.XLOOKUP(A8,Щиты[Щит],Щиты[Iкз max на шинах, кА]),"Icu "&FL8&" кА < Iкз max","ok"))) | FN8: =IF(OR(AL8="вручную",BD8="",AND(D8="",EY8="")),"",_xlfn.TEXTJOIN("|",TRUE,EK8,SUBSTITUTE(EL8," → ","|"),IF(ET8<>"",ET8&IF(EV8<>""," к."&EV8,""),""),EY8)) | FO8: =IF(FN8="","",FN8&IF(D8<>"","|кабель "&CG8&" → "&AZ8,"")) | FP8: {=IF(FO8="","",_xlfn.LET(_xlpm.nd,_xlfn.TEXTSPLIT(FO8,"|"),IF(COLUMNS(_xlpm.nd)>1,A8&"¦"&INDEX(_xlpm.nd,1)&"¦"&INDEX(_xlpm.nd,2),"")))} | FQ8: =IF(FP8="","",D8&"¦"&AZ8) | FR8: {=IF(FO8="","",_xlfn.LET(_xlpm.nd,_xlfn.TEXTSPLIT(FO8,"|"),IF(COLUMNS(_xlpm.nd)>2,A8&"¦"&INDEX(_xlpm.nd,2)&"¦"&INDEX(_xlpm.nd,3),"")))} | FS8: =IF(FR8="","",D8&"¦"&AZ8) | FT8: {=IF(FO8="","",_xlfn.LET(_xlpm.nd,_xlfn.TEXTSPLIT(FO8,"|"),IF(COLUMNS(_xlpm.nd)>3,A8&"¦"&INDEX(_xlpm.nd,3)&"¦"&INDEX(_xlpm.nd,4),"")))} | FU8: =IF(FT8="","",D8&"¦"&AZ8) | FV8: {=IF(FO8="","",_xlfn.LET(_xlpm.nd,_xlfn.TEXTSPLIT(FO8,"|"),IF(COLUMNS(_xlpm.nd)>4,A8&"¦"&INDEX(_xlpm.nd,4)&"¦"&INDEX(_xlpm.nd,5),"")))} | FW8: =IF(FV8="","",D8&"¦"&AZ8) | FX8: {=IF(FO8="","",_xlfn.LET(_xlpm.nd,_xlfn.TEXTSPLIT(FO8,"|"),IF(COLUMNS(_xlpm.nd)>5,A8&"¦"&INDEX(_xlpm.nd,5)&"¦"&INDEX(_xlpm.nd,6),"")))} | FY8: =IF(FX8="","",D8&"¦"&AZ8) | FZ8: {=IF(FO8="","",_xlfn.LET(_xlpm.nd,_xlfn.TEXTSPLIT(FO8,"|"),IF(COLUMNS(_xlpm.nd)>6,A8&"¦"&INDEX(_xlpm.nd,6)&"¦"&INDEX(_xlpm.nd,7),"")))} | GA8: =IF(FZ8="","",D8&"¦"&AZ8) | GB8: =IF(FA8="","",EU8) | GC8: =IF(AND(D8="",EV8="",EY8=""),"",_xlfn.TEXTJOIN(" → ",TRUE,EK8,EL8,IF(ET8<>"",ET8&IF(EV8<>""," к."&EV8,""),IF(EV8<>"","к."&EV8,"")),EY8,IF(DX8=1,"(в кабель выше)",""))) | GD8: =IF(OR(BD8="",AL8="вручную",AND(BE8="вводной узел",AL8<>"рисовать")),0,1) -> 0 | GE8: =IF(AC8="",0,1) -> 0 | GF8: =IF(EJ8="",0,IF(LEFT(EJ8,3)="QFD",1,0)) -> 0 | GG8: =IF(AJ8="=","=",IF(AJ8="+","+",IF(AJ8="р","R",""))) | GH8: =IF(AF8="","",IF(OR(LEFT(AF8,1)="T",LEFT(AF8,1)="Т"),"T",IF(LEFT(UPPER(AF8),2)="БП","PS",IF(OR(LEFT(UPPER(AF8),2)="МК",LEFT(UPPER(AF8),2)="MK"),"MK",IF(OR(LEFT(UPPER(AF8),2)="КМ",LEFT(UPPER(AF8),2)="KM"),"KM","X"))))) | GI8: =IF(AG8="","",IF(OR(LEFT(AG8,1)="T",LEFT(AG8,1)="Т"),"T",IF(LEFT(UPPER(AG8),2)="БП","PS",IF(OR(LEFT(UPPER(AG8),2)="МК",LEFT(UPPER(AG8),2)="MK"),"MK",IF(OR(LEFT(UPPER(AG8),2)="КМ",LEFT(UPPER(AG8),2)="KM"),"KM","X"))))) | GJ8: =IF(AH8="","",IF(OR(LEFT(AH8,1)="T",LEFT(AH8,1)="Т"),"T",IF(LEFT(UPPER(AH8),2)="БП","PS",IF(OR(LEFT(UPPER(AH8),2)="МК",LEFT(UPPER(AH8),2)="MK"),"MK",IF(OR(LEFT(UPPER(AH8),2)="КМ",LEFT(UPPER(AH8),2)="KM"),"KM","X"))))) | GK8: =IF(D8="","",IFERROR(VLOOKUP(D8,УГО_спр,2,FALSE),IFERROR(VLOOKUP(AT8,УГО_спр,2,FALSE),IFERROR(VLOOKUP(LEFT(AT8,2),УГО_спр,2,FALSE),"")))) | GL8: =IF(D8="","",IF(OR(GK8="",GK8=0),"BOX",IFERROR(IF(VLOOKUP(GK8,УГО_блоки,3,FALSE)&""<>"",VLOOKUP(GK8,УГО_блоки,3,FALSE),VLOOKUP(GK8,УГО_блоки,2,FALSE)),GK8))) | GM8: =IF(D8="",0,1) -> 0 | GN8: =IF(EP8="","",IF(COUNTIF(EP$3:EP8,EP8)=1,MAX(GN$2:GN7)+1,"")) | GO8: =IF(AF8="","",IF(COUNTIF(AF$3:AF8,AF8)+COUNTIF(AG$2:AG7,AF8)+COUNTIF(AH$2:AH7,AF8)=1,MAX(GO$2:GQ7)+1,"")) | GP8: =IF(AG8="","",IF(COUNTIF(AF$3:AF8,AG8)+COUNTIF(AG$3:AG8,AG8)+COUNTIF(AH$2:AH7,AG8)=1,MAX(GO$2:GQ7,GO8)+1,"")) | GQ8: =IF(AH8="","",IF(COUNTIF(AF$3:AF8,AH8)+COUNTIF(AG$3:AG8,AH8)+COUNTIF(AH$3:AH8,AH8)=1,MAX(GO$2:GQ7,GO8,GP8)+1,"")) | GR8: =IF(EX8=1,IFERROR(MID(DS8,FIND(" (",DS8)+2,FIND(")",DS8,FIND(" (",DS8))-FIND(" (",DS8)-2),"?"),"") | GS8: =IF(GR8="","",IF(COUNTIF(GR$3:GR8,GR8)=1,MAX(GS$2:GS7)+1,"")) | GT8: =IF(ES8="","",COUNTIF(ES$3:ES8,"?*")) | GU8: =IF(OR(ES8="",EU8=""),"",IF(COUNTIFS(ES$3:ES8,"?*",EU$3:EU8,EU8)=1,MAX(GU$2:GU7)+1,"")) | GV8: =IF(FK8="",0,IF(OR(ISNUMBER(SEARCH("дубль",FK8)),ISNUMBER(SEARCH("ПЕРЕГРУЗ",FK8)),ISNUMBER(SEARCH("ЗАЩИЩ",FK8)),ISNUMBER(SEARCH("КАНАЛ",FK8)),ISNUMBER(SEARCH("без диф",FK8))),2,1)) -> 0 | GW8: =IF(D8="","",COUNTIF(D$3:D8,"?*")) | GX8: =IF(EX8<>1,0,_xlfn.LET(_xlpm.k,MAX(IFERROR(--VLOOKUP(D8,УГО_спр,5,FALSE),0),IFERROR(--VLOOKUP(AT8,УГО_спр,5,FALSE),0),IFERROR(--VLOOKUP(LEFT(AT8,2),УГО_спр,5,FALSE),0)),IF(_xlpm.k>0,_xlpm.k,IF(IFERROR(--LEFT(SUBSTITUTE(GR8,"x","х"),FIND("х",SUBSTITUTE(GR8,"x","х"))-1),3)>3,Каталог!$S$9,1)))) -> 0 | GY8: =IF(EX8<>1,0,MAX(0,IFERROR(--LEFT(SUBSTITUTE(GR8,"x","х"),FIND("х",SUBSTITUTE(GR8,"x","х"))-1),3)-3*GX8)) -> 0
A9: ЩР | B9: 7 | C9: =IF(BD9="","",IF(BE9="вводной узел","узел ","")&"л."&(INT((BD9-1)/Столбцов_на_лист)+1)&" / "&(MOD(BD9-1,Столбцов_на_лист)+1)) -> узел л.1 / 7 | E9: =AY9 | AL9: вручную | AR9: =_xlfn.TEXTJOIN("; ",TRUE,FK9,IF(DO9="НЕ ОБЕСПЕЧЕНА","категория "&DE9&" не обеспечена (есть "&DL9&")",""),IF(LEFT(FM9,3)="Icu",FM9,""),IF(AND(D9<>"",BS9="Не исп"),"сечение не подобрано","")) | AS9: {=ROW()-ROW(Линии[#Headers])} -> 7 | AT9: =IF(D9="","",IFERROR(LEFT(D9,SEARCH(".",D9)-1),D9)) | AU9: =IFERROR(RIGHT(D9,LEN(D9)-SEARCH(".",D9)),"") | AV9: =IFERROR(LEFT(AU9,SEARCH(".",AU9)-1),AU9) | AW9: =IFERROR(RIGHT(AU9,LEN(AU9)-SEARCH(".",AU9)),"") | AX9: =IFERROR(LEFT(AW9,SEARCH(".",AW9)-1),AW9) | AY9: =IF(D9="","",IF(ISERROR(SEARCH(".",D9)),IFERROR(VLOOKUP(D9,Потребители_обозначение,2,FALSE)&"",""),IFERROR(IF(VLOOKUP(AT9,Потребители_обозначение,4,FALSE)=1,VLOOKUP(AT9,Потребители_обозначение,2,FALSE)&" "&VLOOKUP(AV9,Этаж_обозначение,2,FALSE)&" Пом. №"&AX9,VLOOKUP(AT9,Потребители_обозначение,2,FALSE)&" Шлейф №"&AV9),IFERROR(VLOOKUP(D9,Потребители_обозначение,2,FALSE),"")))) | AZ9: =IF(E9<>"",E9,AY9) | BA9: =IF(F9<>"",F9,IF(AND(D9<>"",D9<>A9,ISNUMBER(_xlfn.XMATCH(D9,Щиты[Щит]))),D9,"")) | BB9: =IFERROR(_xlfn.XMATCH(A9,Щиты[Щит]),0) -> 1 | BC9: =IFERROR(N(_xlfn.XLOOKUP(A9,Щиты[Щит],Щиты[Мест под вводной узел])),15) -> 18 | BD9: =IF(B9="-","",IF(ISNUMBER(B9),B9,_xlfn.LET(_xlpm.prev,IF(OR(AS9=1,A9<>A8),0,N(IF(AS9=1,"",BD8))),_xlpm.nx,_xlpm.prev+1,IF(AND(AL9<>"вручную",_xlpm.nx<=BC9),BC9+1,_xlpm.nx)))) -> 7 | BE9: =IF(BD9="","",IF(BD9<=BC9,"вводной узел","линии")) -> вводной узел | BF9: =IF(D9="","",IF(BA9<>"",IFERROR(_xlfn.XLOOKUP(BA9,Щиты[Щит],Щиты[Руст, кВт]),0),N(G9))) | BG9: =IF(J9<>"",J9,IF(D9="","",IFERROR(IF(VLOOKUP(AT9,Потребители_обозначение,8,FALSE)=0,"",VLOOKUP(AT9,Потребители_обозначение,8,FALSE)),""))) | BH9: =IF(I9<>"",I9,IF(D9="","",IFERROR(IF(VLOOKUP(AT9,Потребители_обозначение,9,FALSE)=0,"",VLOOKUP(AT9,Потребители_обозначение,9,FALSE)),""))) | BI9: =IF(U9<>"",U9,IF(D9="","",IFERROR(IF(VLOOKUP(AT9,Потребители_обозначение,6,FALSE)=0,"",VLOOKUP(AT9,Потребители_обозначение,6,FALSE)),""))) | BJ9: =IF(V9<>"",V9,IF(D9="","",IFERROR(IF(VLOOKUP(AT9,Потребители_обозначение,7,FALSE)=0,"",VLOOKUP(AT9,Потребители_обозначение,7,FALSE)),""))) | BK9: =IF(W9<>"",W9,IF(D9="","",IFERROR(IF(VLOOKUP(AT9,Потребители_обозначение,10,FALSE)=0,"",VLOOKUP(AT9,Потребители_обозначение,10,FALSE)),""))) | BL9: =IFERROR(VLOOKUP(AT9,Потребители_обозначение,5,FALSE),0) -> 0 | BM9: {=IF(D9="","",IF(BA9<>"",IFERROR(_xlfn.XLOOKUP(BA9,Щиты[Щит],Щиты[cos φ]),0.95),IF(ISNUMBER(M9),M9,IFERROR(IF(BL9=2,_xlfn.IFS(BH9=3,VLOOKUP(BF9,Справочная_двигатели,8,FALSE),BH9=1,VLOOKUP(BF9,Справочная_двигатели,10,TRUE)),IF(AND(Методика="нормы 2026",CN9="Сил"),0.8,0.95)),0.95))))} | BN9: {=IF(D9="","",IF(BA9<>"",IFERROR(_xlfn.XLOOKUP(BA9,Щиты[Щит],Щиты[Iр, А]),""),IFERROR(_xlfn.IFS(BH9=1,BF9/((Uн_лин/SQRT(3))*BM9),BH9=3,BF9/(SQRT(3)*Uн_лин*BM9)),"")))} | BO9: =IF(D9="","",IF(N(X9)=0,IFERROR(VLOOKUP(BN9,Автомат_номиналы,2,TRUE),""),X9)) | BP9: =IF(N(BJ9)=1,1,IF(BH9=1,1,IF(N(BJ9)>=4,0.92,1))) -> 1 | BQ9: =IF(ISNUMBER(Y9),Y9,К_прокл) -> 1 | BR9: =IF(N(BJ9)=1,1,IF(BH9=1,2,3)) -> 3 | BS9: {=IF(D9="","",IF(N(BK9)<>0,BK9,IFERROR(_xlfn.LET(_xlpm.need,BO9/(BP9*BQ9),_xlpm.t,CHOOSE(BR9,Iдоп_1ж,Iдоп_2ж,Iдоп_3ж),_xlpm.k,_xlfn.XMATCH(_xlpm.need,_xlpm.t,1),IF(ISNA(_xlpm.k),"Не исп",INDEX(Iдоп_S,_xlpm.k))),"Не исп")))} | BT9: =IFERROR(VLOOKUP(BS9,Кабель_сопротивление,3,FALSE),"") | BU9: =IFERROR(VLOOKUP(BS9,Кабель_сопротивление,2,FALSE),"") | BV9: =IF(P9<>"",P9,IF(COUNT(AM9,AN9)=0,"",ROUNDUP(SUM(AM9,AN9),0))) | BW9: =IF(D9="","",IFERROR(IF(VLOOKUP(AT9,Потребители_обозначение,4,FALSE)=1,VLOOKUP(AT9,Потребители_обозначение,3,FALSE)*(H9*2-1)+BV9+VLOOKUP(AV9,Этаж_обозначение,3,FALSE)+VLOOKUP(AV9,Этаж_обозначение,4,FALSE),VLOOKUP(AT9,Потребители_обозначение,3,FALSE)*(H9*2-1)+BV9),BV9)) | BX9: =IF(R9<>"",R9,IF(OR(BV9="",T9=""),"",IF(T9=1,MAX(0,BW9-ROUNDUP(N(AN9),0)-4),ROUNDUP(N(AM9),0)))) | BY9: =IF(S9<>"",S9,IF(OR(BV9="",T9=""),"",IF(T9=2,MAX(0,BW9-ROUNDUP(N(AM9),0)-4),ROUNDUP(N(AN9),0)))) | BZ9: =IF(BH9=1,2,IF(BH9=3,1,"")) | CA9: =IFERROR(ROUND(SIN(ACOS(BM9)),2),"") | CB9: =IFERROR(BZ9*(BT9*BW9/BS9*BM9+BU9*BW9*CA9/1000)*BN9,"") | CC9: =IFERROR(ROUNDUP(CB9/((Uн_лин/SQRT(3))*1000)*100,2),"") | CD9: =IF(ISNUMBER(CC9),CC9+IFERROR(_xlfn.XLOOKUP(A9,Щиты[Щит],Щиты[ΔU до шин, %]),0),"") | CE9: =IF(D9="","",IF(IFERROR(VLOOKUP(AT9,УГО_спр,2,FALSE),"")="Светильник",3,4)+IF(Методика="нормы 2026",MIN(0.5,MAX(0,N(BW9)-100)*0.005),0)) | CF9: =IFERROR(VLOOKUP(BI9,Кабель_обозначение,2,FALSE),"") | CG9: =IFERROR(IF(VLOOKUP(BI9,Кабель_обозначение,3,FALSE)=1,CF9&" ("&BJ9&"х"&BS9&")",CF9),"") | CH9: =IF(OR(D9="",CF9="",AND(G9<>"",NOT(ISNUMBER(G9)))),"",IF(BS9=0,CF9,CG9&CHAR(10)&"L="&BW9&"-"&CC9&"%")) | CI9: =IFERROR(2*ρкз_Cu*BW9/BS9,"") | CJ9: =IFERROR(0.0175*N(BW9)/BS9,"") | CK9: =IFERROR(IF(OR(D9="",NOT(ISNUMBER(BS9)),N(BW9)=0),"",_xlfn.XLOOKUP(A9,Щиты[Щит],Щиты[Zпетли на шинах, Ом])+CI9),"") | CL9: =IF(ISNUMBER(CK9),c_min*(Uн_лин*1000/SQRT(3))/CK9,"") | CM9: =IFERROR(IF(OR(D9="",NOT(ISNUMBER(BS9))),"",1.05*(Uн_лин*1000/SQRT(3))/(_xlfn.XLOOKUP(A9,Щиты[Щит],Щиты[Zmax на шинах, Ом])+CJ9)/1000),"") | CN9: =IF(D9="","",IF(BA9<>"","Щит",IF(K9<>"",K9,IF(ISNUMBER(L9),"Сил",IF(IFERROR(_xlfn.XLOOKUP(AT9,Коды_код,Коды_группа)&"","")="","Быт",_xlfn.XLOOKUP(AT9,Коды_код,Коды_группа)&""))))) | CO9: =IF(CN9="Щит","щит",IF(CN9="","",IF(CN9="Быт",IFERROR(_xlfn.XLOOKUP(A9,Щиты[Щит],Щиты[Кс быт]),1),IF(CN9="Сил",IF(ISNUMBER(L9),L9,IF(Методика="нормы 2026",IFERROR(_xlfn.XLOOKUP(A9,Щиты[Щит],Щиты[Кс силовых (табл. 7.5)]),1),1)),IF(OR(CN9="Пост",CN9="Отоп"),1,IF(CN9="ВНГ",0.7,0)))))) | CP9: =IF(CN9="","",IFERROR(MIN(3,MAX(1,INT(--N9))),1)) | CQ9: =IF(OR(CN9="",CN9="Нет",CN9="Щит"),0,N(BF9)) -> 0 | CR9: =IF(CN9="Быт",N(BF9),0) -> 0 | CS9: =IF(CN9="Сил",N(BF9)*N(CO9),0) -> 0 | CT9: =IF(CN9="Пост",N(BF9),0) -> 0 | CU9: =IF(CN9="Отоп",N(BF9),0) -> 0 | CV9: =IF(CN9="ВНГ",N(BF9)*0.7,0) -> 0 | CW9: =IF(OR(D9="",CN9="Щит"),0,N(BF9)) -> 0 | CX9: =IF(OR(D9="",CN9="Щит"),0,N(BF9)*N(BM9)) -> 0 | CY9: =_xlfn.LET(_xlpm.prev,IF(OR(OR(AS9=1,A9<>A8)),0,N(IF(AS9=1,"",CY8))),IF(OR(D9="",BH9=3),_xlpm.prev,IF(_xlpm.prev>=3,1,_xlpm.prev+1))) -> 0 | CZ9: =IF(D9="","",IF(BH9=3,"L1,L2,L3","L"&MAX(1,CY9))) | DA9: {=IFERROR(IF(BL9=2,_xlfn.IFS(BH9=3,VLOOKUP(BF9,Справочная_двигатели,3,FALSE),BH9=1,VLOOKUP(BF9,Справочная_двигатели,5,TRUE)),0),0)} -> 0 | DB9: =IFERROR(IF(BL9=3,VLOOKUP(BF9,Справочная_ЛЭД,2,TRUE),0),0) -> 0 | DC9: =IF(D9="","",IF(DA9=0,DB9,DA9)) | DD9: =IF(D9="","",IF(O9="упр","",IF(O9="",CZ9,IF(O9&""="1,2,3","L1,L2,L3","L"&O9)))) | DE9: {=IF(D9="","",IFERROR(INDEX({"I особая","I","II","III"},MATCH(TRIM(AA9&""),{"I особая","I","II","III"},0)),"III"))} | DF9: =IF(D9="","",IF(TRIM(AB9&"")<>"",IF(LOWER(TRIM(AB9&""))="да","да","нет"),IF(IFERROR(_xlfn.XLOOKUP(AT9,Коды_код,Коды_пожарная),"")="да","да","нет"))) | DG9: =IF(AC9<>"",AC9,IF(AD9<>"","",IF(EK9="","",IF(AS9=1,"",DG8)))) | DH9: =IF(D9="","",IF(DG9="","основная",DG9)) | DI9: =IFERROR(MIN(3,MAX(1,INT(--N9))),1) -> 1 | DJ9: {=IF(D9="","",_xlfn.LET(_xlpm.t,IFERROR(_xlfn.XLOOKUP(1,(Шины[Шина]=DH9)*(((Шины[Щит]=A9)+(Шины[Щит]=""))>0),Шины[Тип]),"")&"",IF(_xlpm.t<>"",_xlpm.t,IF(ISNUMBER(SEARCH("ИБП",DH9)),"ИБП",IF(ISNUMBER(SEARCH("ДГУ",DH9)),"ДГУ","Ввод "&DI9)))))} | DK9: =IF(D9="","",IF(OR(DJ9="ИБП",DJ9="ДГУ"),DJ9,IF(LEFT(DJ9,5)="Ввод ",DJ9,"Ввод "&DI9))) | DL9: =IF(D9="","",IF(OR(DJ9="ИБП",DJ9="ДГУ"),"I особая",IF(DJ9="Одиночная","III",_xlfn.XLOOKUP(A9,Щиты[Щит],Щиты[Категория шины «Ввод»],"III")))) | DM9: =IF(D9="",0,IFERROR(MATCH(DE9,{"III","II","I","I особая"},0),1)) -> 0 | DN9: =IF(OR(DJ9="ИБП",DJ9="ДГУ"),MIN(DM9,3),DM9) -> 0 | DO9: =IF(D9="","",IF(DM9>IFERROR(MATCH(DL9,{"III","II","I","I особая"},0),1),"НЕ ОБЕСПЕЧЕНА","ОК")) | DP9: =IF(A9="","",_xlfn.XLOOKUP(A9,Щиты[Щит],Щиты[Путь],"")) -> |ЩР| | DQ9: =IF(D9="","",IF(Z9<>"",Z9,IF(IFERROR(_xlfn.XLOOKUP(AT9,Коды_код,Коды_вид)&"","")="","Прочее",_xlfn.XLOOKUP(AT9,Коды_код,Коды_вид)&""))) | DR9: =IF(BD9="","",INT((BD9-1)/Столбцов_на_лист)+1) -> 1 | DS9: =IF(D9="","",SUBSTITUTE(CH9,CHAR(10)," ")) | DT9: =IF(D9="","",IFERROR(--BF9,"")) | DU9: =IF(D9="","",IFERROR(ROUNDUP(BN9,2),"")) | DV9: =IF(D9="","",IFERROR(--BH9,1)) | DW9: =IF(AT9="",0,_xlfn.LET(_xlpm.v,IFERROR(VLOOKUP(D9,УГО_спр,3,FALSE),IFERROR(VLOOKUP(AT9,УГО_спр,3,FALSE),IFERROR(VLOOKUP(LEFT(AT9,2),УГО_спр,3,FALSE),""))),IF(_xlpm.v="да",30,IF(ISNUMBER(_xlpm.v),_xlpm.v,0)))) -> 0 | DX9: =IF(OR(AJ9="+",AND(D9<>"",D9=IF(AS9=1,"",D8))),1,0) -> 0 | DY9: =IF(BD9="","",IF(AD9<>"",COUNTIFS(A$3:A9,A9,AD$3:AD9,"?*"),IF(OR(OR(AS9=1,A9<>A8),AL9="вручную"),"",IF(AS9=1,"",DZ8)))) | DZ9: =IF(BD9="",IF(OR(AS9=1,A9<>A8),"",IF(AS9=1,"",DZ8)),DY9) | EA9: =IF(D9="",0,MAX(IFERROR(--X9,0),IFERROR(--VLOOKUP(D9,УГО_спр,4,FALSE),IFERROR(--VLOOKUP(AT9,УГО_спр,4,FALSE),IFERROR(--VLOOKUP(LEFT(AT9,2),УГО_спр,4,FALSE),0))))) -> 0 | EB9: =IF(D9="","",IFERROR(LOOKUP(INDEX(CHOOSE(BR9,Iдоп_1ж,Iдоп_2ж,Iдоп_3ж),MATCH(BS9,Iдоп_S,0))*BP9*BQ9,{6,10,16,20,25,32,40,50,63,80,100,125,160,200,250,315,400,500,630}),"")) | EC9: =IF(AD9="","",SUMIFS(Линии[_Ток схемы],Линии[_гр.],DY9,Линии[Щит],A9,Линии[_в кабель выше],0)) | ED9: =IF(AD9="","",IFERROR(VLOOKUP(EC9,Автомат_номиналы,2,TRUE),"")) | EE9: =IF(AD9="","",MAX(N(ED9),_xlfn.MAXIFS(Линии[_мин. по типу],Линии[_гр.],DY9,Линии[Щит],A9))) | EF9: =IF(AD9="","",_xlfn.MINIFS(Линии[_макс. автомат по кабелю],Линии[_гр.],DY9,Линии[Щит],A9)) | EG9: =IF(AD9="","",MAX(1,_xlfn.MAXIFS(Линии[_фаз],Линии[_гр.],DY9,Линии[Щит],A9))) | EH9: =IF(AD9="","",IF(AND(AD9<>"авто",AD9<>"+"),IF(ISNUMBER(SEARCH("мА",AD9)),IFERROR(--TRIM(RIGHT(SUBSTITUTE(LEFT(AD9,SEARCH("мА",AD9)-1)," ",REPT(" ",9)),6)),30),0),IF(AE9="нет",0,IF(ISNUMBER(AE9),AE9,IF(AE9="да",30,_xlfn.MINIFS(Линии[_дифзащита по коду, мА],Линии[_гр.],DY9,Линии[Щит],A9,Линии[_дифзащита по коду, мА],">0")))))) | EI9: =IF(AD9="","",IF(N(EH9)>0,1,0)) | EJ9: =IF(AD9="","",IF(EI9=1,"QFD","QF")&DY9) | EK9: =IF(EJ9<>"",EJ9,IF(OR(OR(AS9=1,A9<>A8),AL9="вручную"),"",IF(AS9=1,"",EK8))) | EL9: =IF(EJ9<>"",_xlfn.TEXTJOIN(" → ",TRUE,AF9,AG9,AH9),IF(EK9="","",IF(AS9=1,"",EL8))) | EM9: =IF(EL9="",0,IF(OR(LEFT(EL9,2)="T ",LEFT(EL9,2)="Т ",ISNUMBER(SEARCH("→ T ",EL9)),ISNUMBER(SEARCH("→ Т ",EL9)),ISNUMBER(SEARCH("БП",EL9))),1,0)) -> 0 | EN9: =IF(AD9="","",IF(EM9=1,MAX(EE9,Мин_автомат_БП),EE9)) | EO9: =IF(AD9="","",IF(EG9>=3,IF(EI9=1,"4P","3P"),IF(EI9=1,"2P","1P"))) | EP9: =IF(AD9="","",IF(AND(AD9<>"авто",AD9<>"+"),AD9,EO9&" С"&EN9&"А"&IF(EI9=1," "&EH9&"мА",""))) | EQ9: =IF(EP9="","",_xlfn.LET(_xlpm.t,SUBSTITUTE(SUBSTITUTE(UPPER(EP9),"С","C"),"А","A"),_xlpm.c,FIND("C",_xlpm.t),IFERROR(--MID(_xlpm.t,_xlpm.c+1,FIND("A",_xlpm.t&"A",_xlpm.c)-_xlpm.c-1),""))) | ER9: =IF(OR(AI9="",AI9="-"),"",IFERROR(VLOOKUP(AI9,Модули_спр,2,FALSE),"R")) | ES9: =IF(ER9="","",ER9&"."&COUNTIFS(A$3:A9,A9,ER$3:ER9,ER9)) | ET9: =IF(AI9="-","",IF(ES9<>"",ES9,IF(OR(AS9=1,A9<>A8),"",IF(AS9=1,"",ET8)))) | EU9: =IF(ET9="","",IF(AND(AI9<>"",AI9<>"-"),AI9,IF(AS9=1,"",EU8))) | EV9: =IF(AJ9="=",IF(AS9=1,"",EW8),IF(ISNUMBER(AJ9),AJ9,IF(ET9="","",IF(OR(D9<>"",AJ9="+",AJ9="р"),IF(OR(ES9<>"",IF(AS9=1,"",EW8)=""),1,IF(AS9=1,"",EW8)+1),"")))) | EW9: =IF(EV9<>"",EV9,IF(OR(OR(AS9=1,A9<>A8),AI9="-",ES9<>""),"",IF(AS9=1,"",EW8))) | EX9: =IF(AJ9="б/к",0,IF(OR(ISNUMBER(SEARCH("L=",CH9)),AJ9="+",AJ9="="),1,0)) -> 0 | EY9: =IF(AK9="нет","",IF(AK9<>"",AK9,IF(EX9=1,"XT"&COUNTIFS(A$3:A9,A9,EX$3:EX9,1),""))) | EZ9: =IF(OR(D9<>"",EV9<>"",EX9=1),EK9,"") | FA9: =IF(OR(EV9<>"",AND(AI9<>"",AI9<>"-")),ET9,"") | FB9: =IF(AD9="","",IF(NOT(ISNUMBER(EQ9)),"",IF(EC9>EQ9,"ПЕРЕГРУЗ",IF(AND(EM9=0,EF9>0,EQ9>EF9),"КАБЕЛЬ НЕ ЗАЩИЩЁН","ok")))) | FC9: =IF(OR(EV9="",ET9=""),"",IF(EV9>IFERROR(VLOOKUP(EU9,Модули_спр,3,FALSE),99),"ЛИШНИЙ КАНАЛ",IF(AND(AJ9<>"=",COUNTIFS(Линии[_модуль гр.],ET9,Линии[Канал (итог)],EV9,Линии[Канал],"<>=",Линии[Щит],A9)>1),"ДУБЛЬ КАНАЛА",""))) | FD9: =IF(AD9<>"",EQ9,IF(EK9="","",IF(AS9=1,"",FD8))) | FE9: =IF(AD9<>"",EP9,IF(EK9="","",IF(AS9=1,"",FE8))) | FF9: =IF(AD9<>"",EI9,IF(EK9="","",IF(AS9=1,"",FF8))) | FG9: =IF(AD9<>"",EH9,IF(EK9="","",IF(AS9=1,"",FG8))) | FH9: =IFERROR(IF(ISNUMBER(CL9),CL9/IFERROR(--FD9,N(BO9)),""),"") | FI9: =IF(OR(ISNUMBER(SEARCH(" B"," "&FE9)),ISNUMBER(SEARCH(" В"," "&FE9))),5,IF(ISNUMBER(SEARCH(" D"," "&FE9)),20,10)) -> 10 | FJ9: =IF(NOT(ISNUMBER(FH9)),"",IF(FH9>=FI9,"ok",IF(N(FF9)=1,"ok (дифзащита "&FG9&" мА)","мало: Iкз < "&FI9&"·In"))) | FK9: =IF(AND(D9="",EZ9=""),"",_xlfn.TEXTJOIN("; ",TRUE,IF(AND(D9<>"",DD9=""),"нет фазы",""),IF(AND(D9<>"",N(DT9)=0,CN9<>"Нет"),"нет мощности",""),IF(AND(EY9<>"",COUNTIFS(Линии[Щит],A9,Линии[Клемма (итог)],EY9)>1),"дубль клеммы "&EY9,""),IF(AND(FB9<>"",FB9<>"ok"),FB9,""),IF(FC9<>"",FC9,""),IF(AND(ISNUMBER(SEARCH("(5х",DS9)),N(DV9)=1),"5 жил на 1 фазе",""),IF(AND(AT9="R",AD9<>"",OR(N(EH9)=0,N(EH9)>30)),"розетка без дифзащиты до 30 мА",""),IFERROR(IF(AND(ISNUMBER(CD9),CD9>CE9),"потери "&FIXED(CD9,1)&" % > "&CE9&" %",""),""),IFERROR(IF(LEFT(FJ9,4)="мало","Iкз мало — отключение > 0,4 с",""),""),IF(AND(D9<>"",BD9=""),"не на схеме",""))) | FL9: =IF(AD9="","",_xlfn.LET(_xlpm.t,IFERROR(_xlfn.XLOOKUP(EP9,Каталог!$U$4:$U$500,Каталог!$G$4:$G$500),""),_xlpm.k,SEARCH("кА",_xlpm.t),IFERROR(--TRIM(RIGHT(SUBSTITUTE(MID(_xlpm.t,MAX(1,_xlpm.k-4),_xlpm.k-MAX(1,_xlpm.k-4))," ",REPT(" ",9)),5)),""))) | FM9: =IF(OR(FL9="",AD9=""),"",IF(_xlfn.XLOOKUP(A9,Щиты[Щит],Щиты[Iкз max на шинах, кА],"")="","",IF(FL9<_xlfn.XLOOKUP(A9,Щиты[Щит],Щиты[Iкз max на шинах, кА]),"Icu "&FL9&" кА < Iкз max","ok"))) | FN9: =IF(OR(AL9="вручную",BD9="",AND(D9="",EY9="")),"",_xlfn.TEXTJOIN("|",TRUE,EK9,SUBSTITUTE(EL9," → ","|"),IF(ET9<>"",ET9&IF(EV9<>""," к."&EV9,""),""),EY9)) | FO9: =IF(FN9="","",FN9&IF(D9<>"","|кабель "&CG9&" → "&AZ9,"")) | FP9: {=IF(FO9="","",_xlfn.LET(_xlpm.nd,_xlfn.TEXTSPLIT(FO9,"|"),IF(COLUMNS(_xlpm.nd)>1,A9&"¦"&INDEX(_xlpm.nd,1)&"¦"&INDEX(_xlpm.nd,2),"")))} | FQ9: =IF(FP9="","",D9&"¦"&AZ9) | FR9: {=IF(FO9="","",_xlfn.LET(_xlpm.nd,_xlfn.TEXTSPLIT(FO9,"|"),IF(COLUMNS(_xlpm.nd)>2,A9&"¦"&INDEX(_xlpm.nd,2)&"¦"&INDEX(_xlpm.nd,3),"")))} | FS9: =IF(FR9="","",D9&"¦"&AZ9) | FT9: {=IF(FO9="","",_xlfn.LET(_xlpm.nd,_xlfn.TEXTSPLIT(FO9,"|"),IF(COLUMNS(_xlpm.nd)>3,A9&"¦"&INDEX(_xlpm.nd,3)&"¦"&INDEX(_xlpm.nd,4),"")))} | FU9: =IF(FT9="","",D9&"¦"&AZ9) | FV9: {=IF(FO9="","",_xlfn.LET(_xlpm.nd,_xlfn.TEXTSPLIT(FO9,"|"),IF(COLUMNS(_xlpm.nd)>4,A9&"¦"&INDEX(_xlpm.nd,4)&"¦"&INDEX(_xlpm.nd,5),"")))} | FW9: =IF(FV9="","",D9&"¦"&AZ9) | FX9: {=IF(FO9="","",_xlfn.LET(_xlpm.nd,_xlfn.TEXTSPLIT(FO9,"|"),IF(COLUMNS(_xlpm.nd)>5,A9&"¦"&INDEX(_xlpm.nd,5)&"¦"&INDEX(_xlpm.nd,6),"")))} | FY9: =IF(FX9="","",D9&"¦"&AZ9) | FZ9: {=IF(FO9="","",_xlfn.LET(_xlpm.nd,_xlfn.TEXTSPLIT(FO9,"|"),IF(COLUMNS(_xlpm.nd)>6,A9&"¦"&INDEX(_xlpm.nd,6)&"¦"&INDEX(_xlpm.nd,7),"")))} | GA9: =IF(FZ9="","",D9&"¦"&AZ9) | GB9: =IF(FA9="","",EU9) | GC9: =IF(AND(D9="",EV9="",EY9=""),"",_xlfn.TEXTJOIN(" → ",TRUE,EK9,EL9,IF(ET9<>"",ET9&IF(EV9<>""," к."&EV9,""),IF(EV9<>"","к."&EV9,"")),EY9,IF(DX9=1,"(в кабель выше)",""))) | GD9: =IF(OR(BD9="",AL9="вручную",AND(BE9="вводной узел",AL9<>"рисовать")),0,1) -> 0 | GE9: =IF(AC9="",0,1) -> 0 | GF9: =IF(EJ9="",0,IF(LEFT(EJ9,3)="QFD",1,0)) -> 0 | GG9: =IF(AJ9="=","=",IF(AJ9="+","+",IF(AJ9="р","R",""))) | GH9: =IF(AF9="","",IF(OR(LEFT(AF9,1)="T",LEFT(AF9,1)="Т"),"T",IF(LEFT(UPPER(AF9),2)="БП","PS",IF(OR(LEFT(UPPER(AF9),2)="МК",LEFT(UPPER(AF9),2)="MK"),"MK",IF(OR(LEFT(UPPER(AF9),2)="КМ",LEFT(UPPER(AF9),2)="KM"),"KM","X"))))) | GI9: =IF(AG9="","",IF(OR(LEFT(AG9,1)="T",LEFT(AG9,1)="Т"),"T",IF(LEFT(UPPER(AG9),2)="БП","PS",IF(OR(LEFT(UPPER(AG9),2)="МК",LEFT(UPPER(AG9),2)="MK"),"MK",IF(OR(LEFT(UPPER(AG9),2)="КМ",LEFT(UPPER(AG9),2)="KM"),"KM","X"))))) | GJ9: =IF(AH9="","",IF(OR(LEFT(AH9,1)="T",LEFT(AH9,1)="Т"),"T",IF(LEFT(UPPER(AH9),2)="БП","PS",IF(OR(LEFT(UPPER(AH9),2)="МК",LEFT(UPPER(AH9),2)="MK"),"MK",IF(OR(LEFT(UPPER(AH9),2)="КМ",LEFT(UPPER(AH9),2)="KM"),"KM","X"))))) | GK9: =IF(D9="","",IFERROR(VLOOKUP(D9,УГО_спр,2,FALSE),IFERROR(VLOOKUP(AT9,УГО_спр,2,FALSE),IFERROR(VLOOKUP(LEFT(AT9,2),УГО_спр,2,FALSE),"")))) | GL9: =IF(D9="","",IF(OR(GK9="",GK9=0),"BOX",IFERROR(IF(VLOOKUP(GK9,УГО_блоки,3,FALSE)&""<>"",VLOOKUP(GK9,УГО_блоки,3,FALSE),VLOOKUP(GK9,УГО_блоки,2,FALSE)),GK9))) | GM9: =IF(D9="",0,1) -> 0 | GN9: =IF(EP9="","",IF(COUNTIF(EP$3:EP9,EP9)=1,MAX(GN$2:GN8)+1,"")) | GO9: =IF(AF9="","",IF(COUNTIF(AF$3:AF9,AF9)+COUNTIF(AG$2:AG8,AF9)+COUNTIF(AH$2:AH8,AF9)=1,MAX(GO$2:GQ8)+1,"")) | GP9: =IF(AG9="","",IF(COUNTIF(AF$3:AF9,AG9)+COUNTIF(AG$3:AG9,AG9)+COUNTIF(AH$2:AH8,AG9)=1,MAX(GO$2:GQ8,GO9)+1,"")) | GQ9: =IF(AH9="","",IF(COUNTIF(AF$3:AF9,AH9)+COUNTIF(AG$3:AG9,AH9)+COUNTIF(AH$3:AH9,AH9)=1,MAX(GO$2:GQ8,GO9,GP9)+1,"")) | GR9: =IF(EX9=1,IFERROR(MID(DS9,FIND(" (",DS9)+2,FIND(")",DS9,FIND(" (",DS9))-FIND(" (",DS9)-2),"?"),"") | GS9: =IF(GR9="","",IF(COUNTIF(GR$3:GR9,GR9)=1,MAX(GS$2:GS8)+1,"")) | GT9: =IF(ES9="","",COUNTIF(ES$3:ES9,"?*")) | GU9: =IF(OR(ES9="",EU9=""),"",IF(COUNTIFS(ES$3:ES9,"?*",EU$3:EU9,EU9)=1,MAX(GU$2:GU8)+1,"")) | GV9: =IF(FK9="",0,IF(OR(ISNUMBER(SEARCH("дубль",FK9)),ISNUMBER(SEARCH("ПЕРЕГРУЗ",FK9)),ISNUMBER(SEARCH("ЗАЩИЩ",FK9)),ISNUMBER(SEARCH("КАНАЛ",FK9)),ISNUMBER(SEARCH("без диф",FK9))),2,1)) -> 0 | GW9: =IF(D9="","",COUNTIF(D$3:D9,"?*")) | GX9: =IF(EX9<>1,0,_xlfn.LET(_xlpm.k,MAX(IFERROR(--VLOOKUP(D9,УГО_спр,5,FALSE),0),IFERROR(--VLOOKUP(AT9,УГО_спр,5,FALSE),0),IFERROR(--VLOOKUP(LEFT(AT9,2),УГО_спр,5,FALSE),0)),IF(_xlpm.k>0,_xlpm.k,IF(IFERROR(--LEFT(SUBSTITUTE(GR9,"x","х"),FIND("х",SUBSTITUTE(GR9,"x","х"))-1),3)>3,Каталог!$S$9,1)))) -> 0 | GY9: =IF(EX9<>1,0,MAX(0,IFERROR(--LEFT(SUBSTITUTE(GR9,"x","х"),FIND("х",SUBSTITUTE(GR9,"x","х"))-1),3)-3*GX9)) -> 0
A10: ЩР | B10: 8 | C10: =IF(BD10="","",IF(BE10="вводной узел","узел ","")&"л."&(INT((BD10-1)/Столбцов_на_лист)+1)&" / "&(MOD(BD10-1,Столбцов_на_лист)+1)) -> узел л.1 / 8 | E10: =AY10 | AL10: вручную | AR10: =_xlfn.TEXTJOIN("; ",TRUE,FK10,IF(DO10="НЕ ОБЕСПЕЧЕНА","категория "&DE10&" не обеспечена (есть "&DL10&")",""),IF(LEFT(FM10,3)="Icu",FM10,""),IF(AND(D10<>"",BS10="Не исп"),"сечение не подобрано","")) | AS10: {=ROW()-ROW(Линии[#Headers])} -> 8 | AT10: =IF(D10="","",IFERROR(LEFT(D10,SEARCH(".",D10)-1),D10)) | AU10: =IFERROR(RIGHT(D10,LEN(D10)-SEARCH(".",D10)),"") | AV10: =IFERROR(LEFT(AU10,SEARCH(".",AU10)-1),AU10) | AW10: =IFERROR(RIGHT(AU10,LEN(AU10)-SEARCH(".",AU10)),"") | AX10: =IFERROR(LEFT(AW10,SEARCH(".",AW10)-1),AW10) | AY10: =IF(D10="","",IF(ISERROR(SEARCH(".",D10)),IFERROR(VLOOKUP(D10,Потребители_обозначение,2,FALSE)&"",""),IFERROR(IF(VLOOKUP(AT10,Потребители_обозначение,4,FALSE)=1,VLOOKUP(AT10,Потребители_обозначение,2,FALSE)&" "&VLOOKUP(AV10,Этаж_обозначение,2,FALSE)&" Пом. №"&AX10,VLOOKUP(AT10,Потребители_обозначение,2,FALSE)&" Шлейф №"&AV10),IFERROR(VLOOKUP(D10,Потребители_обозначение,2,FALSE),"")))) | AZ10: =IF(E10<>"",E10,AY10) | BA10: =IF(F10<>"",F10,IF(AND(D10<>"",D10<>A10,ISNUMBER(_xlfn.XMATCH(D10,Щиты[Щит]))),D10,"")) | BB10: =IFERROR(_xlfn.XMATCH(A10,Щиты[Щит]),0) -> 1 | BC10: =IFERROR(N(_xlfn.XLOOKUP(A10,Щиты[Щит],Щиты[Мест под вводной узел])),15) -> 18 | BD10: =IF(B10="-","",IF(ISNUMBER(B10),B10,_xlfn.LET(_xlpm.prev,IF(OR(AS10=1,A10<>A9),0,N(IF(AS10=1,"",BD9))),_xlpm.nx,_xlpm.prev+1,IF(AND(AL10<>"вручную",_xlpm.nx<=BC10),BC10+1,_xlpm.nx)))) -> 8 | BE10: =IF(BD10="","",IF(BD10<=BC10,"вводной узел","линии")) -> вводной узел | BF10: =IF(D10="","",IF(BA10<>"",IFERROR(_xlfn.XLOOKUP(BA10,Щиты[Щит],Щиты[Руст, кВт]),0),N(G10))) | BG10: =IF(J10<>"",J10,IF(D10="","",IFERROR(IF(VLOOKUP(AT10,Потребители_обозначение,8,FALSE)=0,"",VLOOKUP(AT10,Потребители_обозначение,8,FALSE)),""))) | BH10: =IF(I10<>"",I10,IF(D10="","",IFERROR(IF(VLOOKUP(AT10,Потребители_обозначение,9,FALSE)=0,"",VLOOKUP(AT10,Потребители_обозначение,9,FALSE)),""))) | BI10: =IF(U10<>"",U10,IF(D10="","",IFERROR(IF(VLOOKUP(AT10,Потребители_обозначение,6,FALSE)=0,"",VLOOKUP(AT10,Потребители_обозначение,6,FALSE)),""))) | BJ10: =IF(V10<>"",V10,IF(D10="","",IFERROR(IF(VLOOKUP(AT10,Потребители_обозначение,7,FALSE)=0,"",VLOOKUP(AT10,Потребители_обозначение,7,FALSE)),""))) | BK10: =IF(W10<>"",W10,IF(D10="","",IFERROR(IF(VLOOKUP(AT10,Потребители_обозначение,10,FALSE)=0,"",VLOOKUP(AT10,Потребители_обозначение,10,FALSE)),""))) | BL10: =IFERROR(VLOOKUP(AT10,Потребители_обозначение,5,FALSE),0) -> 0 | BM10: {=IF(D10="","",IF(BA10<>"",IFERROR(_xlfn.XLOOKUP(BA10,Щиты[Щит],Щиты[cos φ]),0.95),IF(ISNUMBER(M10),M10,IFERROR(IF(BL10=2,_xlfn.IFS(BH10=3,VLOOKUP(BF10,Справочная_двигатели,8,FALSE),BH10=1,VLOOKUP(BF10,Справочная_двигатели,10,TRUE)),IF(AND(Методика="нормы 2026",CN10="Сил"),0.8,0.95)),0.95))))} | BN10: {=IF(D10="","",IF(BA10<>"",IFERROR(_xlfn.XLOOKUP(BA10,Щиты[Щит],Щиты[Iр, А]),""),IFERROR(_xlfn.IFS(BH10=1,BF10/((Uн_лин/SQRT(3))*BM10),BH10=3,BF10/(SQRT(3)*Uн_лин*BM10)),"")))} | BO10: =IF(D10="","",IF(N(X10)=0,IFERROR(VLOOKUP(BN10,Автомат_номиналы,2,TRUE),""),X10)) | BP10: =IF(N(BJ10)=1,1,IF(BH10=1,1,IF(N(BJ10)>=4,0.92,1))) -> 1 | BQ10: =IF(ISNUMBER(Y10),Y10,К_прокл) -> 1 | BR10: =IF(N(BJ10)=1,1,IF(BH10=1,2,3)) -> 3 | BS10: {=IF(D10="","",IF(N(BK10)<>0,BK10,IFERROR(_xlfn.LET(_xlpm.need,BO10/(BP10*BQ10),_xlpm.t,CHOOSE(BR10,Iдоп_1ж,Iдоп_2ж,Iдоп_3ж),_xlpm.k,_xlfn.XMATCH(_xlpm.need,_xlpm.t,1),IF(ISNA(_xlpm.k),"Не исп",INDEX(Iдоп_S,_xlpm.k))),"Не исп")))} | BT10: =IFERROR(VLOOKUP(BS10,Кабель_сопротивление,3,FALSE),"") | BU10: =IFERROR(VLOOKUP(BS10,Кабель_сопротивление,2,FALSE),"") | BV10: =IF(P10<>"",P10,IF(COUNT(AM10,AN10)=0,"",ROUNDUP(SUM(AM10,AN10),0))) | BW10: =IF(D10="","",IFERROR(IF(VLOOKUP(AT10,Потребители_обозначение,4,FALSE)=1,VLOOKUP(AT10,Потребители_обозначение,3,FALSE)*(H10*2-1)+BV10+VLOOKUP(AV10,Этаж_обозначение,3,FALSE)+VLOOKUP(AV10,Этаж_обозначение,4,FALSE),VLOOKUP(AT10,Потребители_обозначение,3,FALSE)*(H10*2-1)+BV10),BV10)) | BX10: =IF(R10<>"",R10,IF(OR(BV10="",T10=""),"",IF(T10=1,MAX(0,BW10-ROUNDUP(N(AN10),0)-4),ROUNDUP(N(AM10),0)))) | BY10: =IF(S10<>"",S10,IF(OR(BV10="",T10=""),"",IF(T10=2,MAX(0,BW10-ROUNDUP(N(AM10),0)-4),ROUNDUP(N(AN10),0)))) | BZ10: =IF(BH10=1,2,IF(BH10=3,1,"")) | CA10: =IFERROR(ROUND(SIN(ACOS(BM10)),2),"") | CB10: =IFERROR(BZ10*(BT10*BW10/BS10*BM10+BU10*BW10*CA10/1000)*BN10,"") | CC10: =IFERROR(ROUNDUP(CB10/((Uн_лин/SQRT(3))*1000)*100,2),"") | CD10: =IF(ISNUMBER(CC10),CC10+IFERROR(_xlfn.XLOOKUP(A10,Щиты[Щит],Щиты[ΔU до шин, %]),0),"") | CE10: =IF(D10="","",IF(IFERROR(VLOOKUP(AT10,УГО_спр,2,FALSE),"")="Светильник",3,4)+IF(Методика="нормы 2026",MIN(0.5,MAX(0,N(BW10)-100)*0.005),0)) | CF10: =IFERROR(VLOOKUP(BI10,Кабель_обозначение,2,FALSE),"") | CG10: =IFERROR(IF(VLOOKUP(BI10,Кабель_обозначение,3,FALSE)=1,CF10&" ("&BJ10&"х"&BS10&")",CF10),"") | CH10: =IF(OR(D10="",CF10="",AND(G10<>"",NOT(ISNUMBER(G10)))),"",IF(BS10=0,CF10,CG10&CHAR(10)&"L="&BW10&"-"&CC10&"%")) | CI10: =IFERROR(2*ρкз_Cu*BW10/BS10,"") | CJ10: =IFERROR(0.0175*N(BW10)/BS10,"") | CK10: =IFERROR(IF(OR(D10="",NOT(ISNUMBER(BS10)),N(BW10)=0),"",_xlfn.XLOOKUP(A10,Щиты[Щит],Щиты[Zпетли на шинах, Ом])+CI10),"") | CL10: =IF(ISNUMBER(CK10),c_min*(Uн_лин*1000/SQRT(3))/CK10,"") | CM10: =IFERROR(IF(OR(D10="",NOT(ISNUMBER(BS10))),"",1.05*(Uн_лин*1000/SQRT(3))/(_xlfn.XLOOKUP(A10,Щиты[Щит],Щиты[Zmax на шинах, Ом])+CJ10)/1000),"") | CN10: =IF(D10="","",IF(BA10<>"","Щит",IF(K10<>"",K10,IF(ISNUMBER(L10),"Сил",IF(IFERROR(_xlfn.XLOOKUP(AT10,Коды_код,Коды_группа)&"","")="","Быт",_xlfn.XLOOKUP(AT10,Коды_код,Коды_группа)&""))))) | CO10: =IF(CN10="Щит","щит",IF(CN10="","",IF(CN10="Быт",IFERROR(_xlfn.XLOOKUP(A10,Щиты[Щит],Щиты[Кс быт]),1),IF(CN10="Сил",IF(ISNUMBER(L10),L10,IF(Методика="нормы 2026",IFERROR(_xlfn.XLOOKUP(A10,Щиты[Щит],Щиты[Кс силовых (табл. 7.5)]),1),1)),IF(OR(CN10="Пост",CN10="Отоп"),1,IF(CN10="ВНГ",0.7,0)))))) | CP10: =IF(CN10="","",IFERROR(MIN(3,MAX(1,INT(--N10))),1)) | CQ10: =IF(OR(CN10="",CN10="Нет",CN10="Щит"),0,N(BF10)) -> 0 | CR10: =IF(CN10="Быт",N(BF10),0) -> 0 | CS10: =IF(CN10="Сил",N(BF10)*N(CO10),0) -> 0 | CT10: =IF(CN10="Пост",N(BF10),0) -> 0 | CU10: =IF(CN10="Отоп",N(BF10),0) -> 0 | CV10: =IF(CN10="ВНГ",N(BF10)*0.7,0) -> 0 | CW10: =IF(OR(D10="",CN10="Щит"),0,N(BF10)) -> 0 | CX10: =IF(OR(D10="",CN10="Щит"),0,N(BF10)*N(BM10)) -> 0 | CY10: =_xlfn.LET(_xlpm.prev,IF(OR(OR(AS10=1,A10<>A9)),0,N(IF(AS10=1,"",CY9))),IF(OR(D10="",BH10=3),_xlpm.prev,IF(_xlpm.prev>=3,1,_xlpm.prev+1))) -> 0 | CZ10: =IF(D10="","",IF(BH10=3,"L1,L2,L3","L"&MAX(1,CY10))) | DA10: {=IFERROR(IF(BL10=2,_xlfn.IFS(BH10=3,VLOOKUP(BF10,Справочная_двигатели,3,FALSE),BH10=1,VLOOKUP(BF10,Справочная_двигатели,5,TRUE)),0),0)} -> 0 | DB10: =IFERROR(IF(BL10=3,VLOOKUP(BF10,Справочная_ЛЭД,2,TRUE),0),0) -> 0 | DC10: =IF(D10="","",IF(DA10=0,DB10,DA10)) | DD10: =IF(D10="","",IF(O10="упр","",IF(O10="",CZ10,IF(O10&""="1,2,3","L1,L2,L3","L"&O10)))) | DE10: {=IF(D10="","",IFERROR(INDEX({"I особая","I","II","III"},MATCH(TRIM(AA10&""),{"I особая","I","II","III"},0)),"III"))} | DF10: =IF(D10="","",IF(TRIM(AB10&"")<>"",IF(LOWER(TRIM(AB10&""))="да","да","нет"),IF(IFERROR(_xlfn.XLOOKUP(AT10,Коды_код,Коды_пожарная),"")="да","да","нет"))) | DG10: =IF(AC10<>"",AC10,IF(AD10<>"","",IF(EK10="","",IF(AS10=1,"",DG9)))) | DH10: =IF(D10="","",IF(DG10="","основная",DG10)) | DI10: =IFERROR(MIN(3,MAX(1,INT(--N10))),1) -> 1 | DJ10: {=IF(D10="","",_xlfn.LET(_xlpm.t,IFERROR(_xlfn.XLOOKUP(1,(Шины[Шина]=DH10)*(((Шины[Щит]=A10)+(Шины[Щит]=""))>0),Шины[Тип]),"")&"",IF(_xlpm.t<>"",_xlpm.t,IF(ISNUMBER(SEARCH("ИБП",DH10)),"ИБП",IF(ISNUMBER(SEARCH("ДГУ",DH10)),"ДГУ","Ввод "&DI10)))))} | DK10: =IF(D10="","",IF(OR(DJ10="ИБП",DJ10="ДГУ"),DJ10,IF(LEFT(DJ10,5)="Ввод ",DJ10,"Ввод "&DI10))) | DL10: =IF(D10="","",IF(OR(DJ10="ИБП",DJ10="ДГУ"),"I особая",IF(DJ10="Одиночная","III",_xlfn.XLOOKUP(A10,Щиты[Щит],Щиты[Категория шины «Ввод»],"III")))) | DM10: =IF(D10="",0,IFERROR(MATCH(DE10,{"III","II","I","I особая"},0),1)) -> 0 | DN10: =IF(OR(DJ10="ИБП",DJ10="ДГУ"),MIN(DM10,3),DM10) -> 0 | DO10: =IF(D10="","",IF(DM10>IFERROR(MATCH(DL10,{"III","II","I","I особая"},0),1),"НЕ ОБЕСПЕЧЕНА","ОК")) | DP10: =IF(A10="","",_xlfn.XLOOKUP(A10,Щиты[Щит],Щиты[Путь],"")) -> |ЩР| | DQ10: =IF(D10="","",IF(Z10<>"",Z10,IF(IFERROR(_xlfn.XLOOKUP(AT10,Коды_код,Коды_вид)&"","")="","Прочее",_xlfn.XLOOKUP(AT10,Коды_код,Коды_вид)&""))) | DR10: =IF(BD10="","",INT((BD10-1)/Столбцов_на_лист)+1) -> 1 | DS10: =IF(D10="","",SUBSTITUTE(CH10,CHAR(10)," ")) | DT10: =IF(D10="","",IFERROR(--BF10,"")) | DU10: =IF(D10="","",IFERROR(ROUNDUP(BN10,2),"")) | DV10: =IF(D10="","",IFERROR(--BH10,1)) | DW10: =IF(AT10="",0,_xlfn.LET(_xlpm.v,IFERROR(VLOOKUP(D10,УГО_спр,3,FALSE),IFERROR(VLOOKUP(AT10,УГО_спр,3,FALSE),IFERROR(VLOOKUP(LEFT(AT10,2),УГО_спр,3,FALSE),""))),IF(_xlpm.v="да",30,IF(ISNUMBER(_xlpm.v),_xlpm.v,0)))) -> 0 | DX10: =IF(OR(AJ10="+",AND(D10<>"",D10=IF(AS10=1,"",D9))),1,0) -> 0 | DY10: =IF(BD10="","",IF(AD10<>"",COUNTIFS(A$3:A10,A10,AD$3:AD10,"?*"),IF(OR(OR(AS10=1,A10<>A9),AL10="вручную"),"",IF(AS10=1,"",DZ9)))) | DZ10: =IF(BD10="",IF(OR(AS10=1,A10<>A9),"",IF(AS10=1,"",DZ9)),DY10) | EA10: =IF(D10="",0,MAX(IFERROR(--X10,0),IFERROR(--VLOOKUP(D10,УГО_спр,4,FALSE),IFERROR(--VLOOKUP(AT10,УГО_спр,4,FALSE),IFERROR(--VLOOKUP(LEFT(AT10,2),УГО_спр,4,FALSE),0))))) -> 0 | EB10: =IF(D10="","",IFERROR(LOOKUP(INDEX(CHOOSE(BR10,Iдоп_1ж,Iдоп_2ж,Iдоп_3ж),MATCH(BS10,Iдоп_S,0))*BP10*BQ10,{6,10,16,20,25,32,40,50,63,80,100,125,160,200,250,315,400,500,630}),"")) | EC10: =IF(AD10="","",SUMIFS(Линии[_Ток схемы],Линии[_гр.],DY10,Линии[Щит],A10,Линии[_в кабель выше],0)) | ED10: =IF(AD10="","",IFERROR(VLOOKUP(EC10,Автомат_номиналы,2,TRUE),"")) | EE10: =IF(AD10="","",MAX(N(ED10),_xlfn.MAXIFS(Линии[_мин. по типу],Линии[_гр.],DY10,Линии[Щит],A10))) | EF10: =IF(AD10="","",_xlfn.MINIFS(Линии[_макс. автомат по кабелю],Линии[_гр.],DY10,Линии[Щит],A10)) | EG10: =IF(AD10="","",MAX(1,_xlfn.MAXIFS(Линии[_фаз],Линии[_гр.],DY10,Линии[Щит],A10))) | EH10: =IF(AD10="","",IF(AND(AD10<>"авто",AD10<>"+"),IF(ISNUMBER(SEARCH("мА",AD10)),IFERROR(--TRIM(RIGHT(SUBSTITUTE(LEFT(AD10,SEARCH("мА",AD10)-1)," ",REPT(" ",9)),6)),30),0),IF(AE10="нет",0,IF(ISNUMBER(AE10),AE10,IF(AE10="да",30,_xlfn.MINIFS(Линии[_дифзащита по коду, мА],Линии[_гр.],DY10,Линии[Щит],A10,Линии[_дифзащита по коду, мА],">0")))))) | EI10: =IF(AD10="","",IF(N(EH10)>0,1,0)) | EJ10: =IF(AD10="","",IF(EI10=1,"QFD","QF")&DY10) | EK10: =IF(EJ10<>"",EJ10,IF(OR(OR(AS10=1,A10<>A9),AL10="вручную"),"",IF(AS10=1,"",EK9))) | EL10: =IF(EJ10<>"",_xlfn.TEXTJOIN(" → ",TRUE,AF10,AG10,AH10),IF(EK10="","",IF(AS10=1,"",EL9))) | EM10: =IF(EL10="",0,IF(OR(LEFT(EL10,2)="T ",LEFT(EL10,2)="Т ",ISNUMBER(SEARCH("→ T ",EL10)),ISNUMBER(SEARCH("→ Т ",EL10)),ISNUMBER(SEARCH("БП",EL10))),1,0)) -> 0 | EN10: =IF(AD10="","",IF(EM10=1,MAX(EE10,Мин_автомат_БП),EE10)) | EO10: =IF(AD10="","",IF(EG10>=3,IF(EI10=1,"4P","3P"),IF(EI10=1,"2P","1P"))) | EP10: =IF(AD10="","",IF(AND(AD10<>"авто",AD10<>"+"),AD10,EO10&" С"&EN10&"А"&IF(EI10=1," "&EH10&"мА",""))) | EQ10: =IF(EP10="","",_xlfn.LET(_xlpm.t,SUBSTITUTE(SUBSTITUTE(UPPER(EP10),"С","C"),"А","A"),_xlpm.c,FIND("C",_xlpm.t),IFERROR(--MID(_xlpm.t,_xlpm.c+1,FIND("A",_xlpm.t&"A",_xlpm.c)-_xlpm.c-1),""))) | ER10: =IF(OR(AI10="",AI10="-"),"",IFERROR(VLOOKUP(AI10,Модули_спр,2,FALSE),"R")) | ES10: =IF(ER10="","",ER10&"."&COUNTIFS(A$3:A10,A10,ER$3:ER10,ER10)) | ET10: =IF(AI10="-","",IF(ES10<>"",ES10,IF(OR(AS10=1,A10<>A9),"",IF(AS10=1,"",ET9)))) | EU10: =IF(ET10="","",IF(AND(AI10<>"",AI10<>"-"),AI10,IF(AS10=1,"",EU9))) | EV10: =IF(AJ10="=",IF(AS10=1,"",EW9),IF(ISNUMBER(AJ10),AJ10,IF(ET10="","",IF(OR(D10<>"",AJ10="+",AJ10="р"),IF(OR(ES10<>"",IF(AS10=1,"",EW9)=""),1,IF(AS10=1,"",EW9)+1),"")))) | EW10: =IF(EV10<>"",EV10,IF(OR(OR(AS10=1,A10<>A9),AI10="-",ES10<>""),"",IF(AS10=1,"",EW9))) | EX10: =IF(AJ10="б/к",0,IF(OR(ISNUMBER(SEARCH("L=",CH10)),AJ10="+",AJ10="="),1,0)) -> 0 | EY10: =IF(AK10="нет","",IF(AK10<>"",AK10,IF(EX10=1,"XT"&COUNTIFS(A$3:A10,A10,EX$3:EX10,1),""))) | EZ10: =IF(OR(D10<>"",EV10<>"",EX10=1),EK10,"") | FA10: =IF(OR(EV10<>"",AND(AI10<>"",AI10<>"-")),ET10,"") | FB10: =IF(AD10="","",IF(NOT(ISNUMBER(EQ10)),"",IF(EC10>EQ10,"ПЕРЕГРУЗ",IF(AND(EM10=0,EF10>0,EQ10>EF10),"КАБЕЛЬ НЕ ЗАЩИЩЁН","ok")))) | FC10: =IF(OR(EV10="",ET10=""),"",IF(EV10>IFERROR(VLOOKUP(EU10,Модули_спр,3,FALSE),99),"ЛИШНИЙ КАНАЛ",IF(AND(AJ10<>"=",COUNTIFS(Линии[_модуль гр.],ET10,Линии[Канал (итог)],EV10,Линии[Канал],"<>=",Линии[Щит],A10)>1),"ДУБЛЬ КАНАЛА",""))) | FD10: =IF(AD10<>"",EQ10,IF(EK10="","",IF(AS10=1,"",FD9))) | FE10: =IF(AD10<>"",EP10,IF(EK10="","",IF(AS10=1,"",FE9))) | FF10: =IF(AD10<>"",EI10,IF(EK10="","",IF(AS10=1,"",FF9))) | FG10: =IF(AD10<>"",EH10,IF(EK10="","",IF(AS10=1,"",FG9))) | FH10: =IFERROR(IF(ISNUMBER(CL10),CL10/IFERROR(--FD10,N(BO10)),""),"") | FI10: =IF(OR(ISNUMBER(SEARCH(" B"," "&FE10)),ISNUMBER(SEARCH(" В"," "&FE10))),5,IF(ISNUMBER(SEARCH(" D"," "&FE10)),20,10)) -> 10 | FJ10: =IF(NOT(ISNUMBER(FH10)),"",IF(FH10>=FI10,"ok",IF(N(FF10)=1,"ok (дифзащита "&FG10&" мА)","мало: Iкз < "&FI10&"·In"))) | FK10: =IF(AND(D10="",EZ10=""),"",_xlfn.TEXTJOIN("; ",TRUE,IF(AND(D10<>"",DD10=""),"нет фазы",""),IF(AND(D10<>"",N(DT10)=0,CN10<>"Нет"),"нет мощности",""),IF(AND(EY10<>"",COUNTIFS(Линии[Щит],A10,Линии[Клемма (итог)],EY10)>1),"дубль клеммы "&EY10,""),IF(AND(FB10<>"",FB10<>"ok"),FB10,""),IF(FC10<>"",FC10,""),IF(AND(ISNUMBER(SEARCH("(5х",DS10)),N(DV10)=1),"5 жил на 1 фазе",""),IF(AND(AT10="R",AD10<>"",OR(N(EH10)=0,N(EH10)>30)),"розетка без дифзащиты до 30 мА",""),IFERROR(IF(AND(ISNUMBER(CD10),CD10>CE10),"потери "&FIXED(CD10,1)&" % > "&CE10&" %",""),""),IFERROR(IF(LEFT(FJ10,4)="мало","Iкз мало — отключение > 0,4 с",""),""),IF(AND(D10<>"",BD10=""),"не на схеме",""))) | FL10: =IF(AD10="","",_xlfn.LET(_xlpm.t,IFERROR(_xlfn.XLOOKUP(EP10,Каталог!$U$4:$U$500,Каталог!$G$4:$G$500),""),_xlpm.k,SEARCH("кА",_xlpm.t),IFERROR(--TRIM(RIGHT(SUBSTITUTE(MID(_xlpm.t,MAX(1,_xlpm.k-4),_xlpm.k-MAX(1,_xlpm.k-4))," ",REPT(" ",9)),5)),""))) | FM10: =IF(OR(FL10="",AD10=""),"",IF(_xlfn.XLOOKUP(A10,Щиты[Щит],Щиты[Iкз max на шинах, кА],"")="","",IF(FL10<_xlfn.XLOOKUP(A10,Щиты[Щит],Щиты[Iкз max на шинах, кА]),"Icu "&FL10&" кА < Iкз max","ok"))) | FN10: =IF(OR(AL10="вручную",BD10="",AND(D10="",EY10="")),"",_xlfn.TEXTJOIN("|",TRUE,EK10,SUBSTITUTE(EL10," → ","|"),IF(ET10<>"",ET10&IF(EV10<>""," к."&EV10,""),""),EY10)) | FO10: =IF(FN10="","",FN10&IF(D10<>"","|кабель "&CG10&" → "&AZ10,"")) | FP10: {=IF(FO10="","",_xlfn.LET(_xlpm.nd,_xlfn.TEXTSPLIT(FO10,"|"),IF(COLUMNS(_xlpm.nd)>1,A10&"¦"&INDEX(_xlpm.nd,1)&"¦"&INDEX(_xlpm.nd,2),"")))} | FQ10: =IF(FP10="","",D10&"¦"&AZ10) | FR10: {=IF(FO10="","",_xlfn.LET(_xlpm.nd,_xlfn.TEXTSPLIT(FO10,"|"),IF(COLUMNS(_xlpm.nd)>2,A10&"¦"&INDEX(_xlpm.nd,2)&"¦"&INDEX(_xlpm.nd,3),"")))} | FS10: =IF(FR10="","",D10&"¦"&AZ10) | FT10: {=IF(FO10="","",_xlfn.LET(_xlpm.nd,_xlfn.TEXTSPLIT(FO10,"|"),IF(COLUMNS(_xlpm.nd)>3,A10&"¦"&INDEX(_xlpm.nd,3)&"¦"&INDEX(_xlpm.nd,4),"")))} | FU10: =IF(FT10="","",D10&"¦"&AZ10) | FV10: {=IF(FO10="","",_xlfn.LET(_xlpm.nd,_xlfn.TEXTSPLIT(FO10,"|"),IF(COLUMNS(_xlpm.nd)>4,A10&"¦"&INDEX(_xlpm.nd,4)&"¦"&INDEX(_xlpm.nd,5),"")))} | FW10: =IF(FV10="","",D10&"¦"&AZ10) | FX10: {=IF(FO10="","",_xlfn.LET(_xlpm.nd,_xlfn.TEXTSPLIT(FO10,"|"),IF(COLUMNS(_xlpm.nd)>5,A10&"¦"&INDEX(_xlpm.nd,5)&"¦"&INDEX(_xlpm.nd,6),"")))} | FY10: =IF(FX10="","",D10&"¦"&AZ10) | FZ10: {=IF(FO10="","",_xlfn.LET(_xlpm.nd,_xlfn.TEXTSPLIT(FO10,"|"),IF(COLUMNS(_xlpm.nd)>6,A10&"¦"&INDEX(_xlpm.nd,6)&"¦"&INDEX(_xlpm.nd,7),"")))} | GA10: =IF(FZ10="","",D10&"¦"&AZ10) | GB10: =IF(FA10="","",EU10) | GC10: =IF(AND(D10="",EV10="",EY10=""),"",_xlfn.TEXTJOIN(" → ",TRUE,EK10,EL10,IF(ET10<>"",ET10&IF(EV10<>""," к."&EV10,""),IF(EV10<>"","к."&EV10,"")),EY10,IF(DX10=1,"(в кабель выше)",""))) | GD10: =IF(OR(BD10="",AL10="вручную",AND(BE10="вводной узел",AL10<>"рисовать")),0,1) -> 0 | GE10: =IF(AC10="",0,1) -> 0 | GF10: =IF(EJ10="",0,IF(LEFT(EJ10,3)="QFD",1,0)) -> 0 | GG10: =IF(AJ10="=","=",IF(AJ10="+","+",IF(AJ10="р","R",""))) | GH10: =IF(AF10="","",IF(OR(LEFT(AF10,1)="T",LEFT(AF10,1)="Т"),"T",IF(LEFT(UPPER(AF10),2)="БП","PS",IF(OR(LEFT(UPPER(AF10),2)="МК",LEFT(UPPER(AF10),2)="MK"),"MK",IF(OR(LEFT(UPPER(AF10),2)="КМ",LEFT(UPPER(AF10),2)="KM"),"KM","X"))))) | GI10: =IF(AG10="","",IF(OR(LEFT(AG10,1)="T",LEFT(AG10,1)="Т"),"T",IF(LEFT(UPPER(AG10),2)="БП","PS",IF(OR(LEFT(UPPER(AG10),2)="МК",LEFT(UPPER(AG10),2)="MK"),"MK",IF(OR(LEFT(UPPER(AG10),2)="КМ",LEFT(UPPER(AG10),2)="KM"),"KM","X"))))) | GJ10: =IF(AH10="","",IF(OR(LEFT(AH10,1)="T",LEFT(AH10,1)="Т"),"T",IF(LEFT(UPPER(AH10),2)="БП","PS",IF(OR(LEFT(UPPER(AH10),2)="МК",LEFT(UPPER(AH10),2)="MK"),"MK",IF(OR(LEFT(UPPER(AH10),2)="КМ",LEFT(UPPER(AH10),2)="KM"),"KM","X"))))) | GK10: =IF(D10="","",IFERROR(VLOOKUP(D10,УГО_спр,2,FALSE),IFERROR(VLOOKUP(AT10,УГО_спр,2,FALSE),IFERROR(VLOOKUP(LEFT(AT10,2),УГО_спр,2,FALSE),"")))) | GL10: =IF(D10="","",IF(OR(GK10="",GK10=0),"BOX",IFERROR(IF(VLOOKUP(GK10,УГО_блоки,3,FALSE)&""<>"",VLOOKUP(GK10,УГО_блоки,3,FALSE),VLOOKUP(GK10,УГО_блоки,2,FALSE)),GK10))) | GM10: =IF(D10="",0,1) -> 0 | GN10: =IF(EP10="","",IF(COUNTIF(EP$3:EP10,EP10)=1,MAX(GN$2:GN9)+1,"")) | GO10: =IF(AF10="","",IF(COUNTIF(AF$3:AF10,AF10)+COUNTIF(AG$2:AG9,AF10)+COUNTIF(AH$2:AH9,AF10)=1,MAX(GO$2:GQ9)+1,"")) | GP10: =IF(AG10="","",IF(COUNTIF(AF$3:AF10,AG10)+COUNTIF(AG$3:AG10,AG10)+COUNTIF(AH$2:AH9,AG10)=1,MAX(GO$2:GQ9,GO10)+1,"")) | GQ10: =IF(AH10="","",IF(COUNTIF(AF$3:AF10,AH10)+COUNTIF(AG$3:AG10,AH10)+COUNTIF(AH$3:AH10,AH10)=1,MAX(GO$2:GQ9,GO10,GP10)+1,"")) | GR10: =IF(EX10=1,IFERROR(MID(DS10,FIND(" (",DS10)+2,FIND(")",DS10,FIND(" (",DS10))-FIND(" (",DS10)-2),"?"),"") | GS10: =IF(GR10="","",IF(COUNTIF(GR$3:GR10,GR10)=1,MAX(GS$2:GS9)+1,"")) | GT10: =IF(ES10="","",COUNTIF(ES$3:ES10,"?*")) | GU10: =IF(OR(ES10="",EU10=""),"",IF(COUNTIFS(ES$3:ES10,"?*",EU$3:EU10,EU10)=1,MAX(GU$2:GU9)+1,"")) | GV10: =IF(FK10="",0,IF(OR(ISNUMBER(SEARCH("дубль",FK10)),ISNUMBER(SEARCH("ПЕРЕГРУЗ",FK10)),ISNUMBER(SEARCH("ЗАЩИЩ",FK10)),ISNUMBER(SEARCH("КАНАЛ",FK10)),ISNUMBER(SEARCH("без диф",FK10))),2,1)) -> 0 | GW10: =IF(D10="","",COUNTIF(D$3:D10,"?*")) | GX10: =IF(EX10<>1,0,_xlfn.LET(_xlpm.k,MAX(IFERROR(--VLOOKUP(D10,УГО_спр,5,FALSE),0),IFERROR(--VLOOKUP(AT10,УГО_спр,5,FALSE),0),IFERROR(--VLOOKUP(LEFT(AT10,2),УГО_спр,5,FALSE),0)),IF(_xlpm.k>0,_xlpm.k,IF(IFERROR(--LEFT(SUBSTITUTE(GR10,"x","х"),FIND("х",SUBSTITUTE(GR10,"x","х"))-1),3)>3,Каталог!$S$9,1)))) -> 0 | GY10: =IF(EX10<>1,0,MAX(0,IFERROR(--LEFT(SUBSTITUTE(GR10,"x","х"),FIND("х",SUBSTITUTE(GR10,"x","х"))-1),3)-3*GX10)) -> 0
